000 ff 002005
001 ff 001404
002 ff 001404
003 ff 00f000
004 ff 001404
005 ff 014804
006 ff 014804
007 ff 03d404
008 ff 001404
009 ff 014804
00a ff 014804
00b ff 03d404
00c ff 033000
00d ff 03d404
00e ff 03d404
00f ff 03e004
010 ff 04200d
011 ff 04140c
012 ff 04140c
013 ff 04f000
014 ff 04140c
015 ff 05480c
016 ff 05480c
017 ff 07d40c
018 ff 04140c
019 ff 05480c
01a ff 05480c
01b ff 07d40c
01c ff 073000
01d ff 07d40c
01e ff 07d40c
01f ff 07e00c
020 ff 04200d
021 ff 04140c
022 ff 04140c
023 ff 04f000
024 ff 04140c
025 ff 05480c
026 ff 05480c
027 ff 07d40c
028 ff 04140c
029 ff 05480c
02a ff 05480c
02b ff 07d40c
02c ff 073000
02d ff 07d40c
02e ff 07d40c
02f ff 07e00c
030 ff 0c2009
031 ff 0c1408
032 ff 0c1408
033 ff 0cf000
034 ff 0c1408
035 ff 0d4808
036 ff 0d4808
037 ff 0fd408
038 ff 0c1408
039 ff 0d4808
03a ff 0d4808
03b ff 0fd408
03c ff 0f3000
03d ff 0fd408
03e ff 0fd408
03f ff 0fe008
040 ff 102015
041 ff 101414
042 ff 101414
043 ff 10f000
044 ff 101414
045 ff 114814
046 ff 114814
047 ff 13d414
048 ff 101414
049 ff 114814
04a ff 114814
04b ff 13d414
04c ff 133000
04d ff 13d414
04e ff 13d414
04f ff 13e014
050 ff 14041c
051 ff 14483c
052 ff 14483c
053 ff 3cd420
054 ff 15083c
055 ff 154c3c
056 ff 154c3c
057 ff 15c83c
058 ff 15083c
059 ff 154c3c
05a ff 154c3c
05b ff 15c83c
05c ff 3f1420
05d ff 17483c
05e ff 17483c
05f ff 17c41c
060 ff 14041c
061 ff 14483c
062 ff 14483c
063 ff 3cd420
064 ff 15083c
065 ff 154c3c
066 ff 154c3c
067 ff 15c83c
068 ff 15083c
069 ff 154c3c
06a ff 154c3c
06b ff 15c83c
06c ff 3f1420
06d ff 17483c
06e ff 17483c
06f ff 17c41c
070 ff 1c000a
071 ff 1c4428
072 ff 1c4428
073 ff 1cc022
074 ff 1d0428
075 ff 1d4828
076 ff 1d4828
077 ff 1dc428
078 ff 1d0428
079 ff 1d4828
07a ff 1d4828
07b ff 1dc428
07c ff 1f0022
07d ff 1f4428
07e ff 1f4428
07f ff 1fc00a
080 ff 102015
081 ff 101414
082 ff 101414
083 ff 10f000
084 ff 101414
085 ff 114814
086 ff 114814
087 ff 13d414
088 ff 101414
089 ff 114814
08a ff 114814
08b ff 13d414
08c ff 133000
08d ff 13d414
08e ff 13d414
08f ff 13e014
090 ff 14041c
091 ff 14483c
092 ff 14483c
093 ff 3cd420
094 ff 15083c
095 ff 154c3c
096 ff 154c3c
097 ff 15c83c
098 ff 15083c
099 ff 154c3c
09a ff 154c3c
09b ff 15c83c
09c ff 3f1420
09d ff 17483c
09e ff 17483c
09f ff 17c41c
0a0 ff 14041c
0a1 ff 14483c
0a2 ff 14483c
0a3 ff 3cd420
0a4 ff 15083c
0a5 ff 154c3c
0a6 ff 154c3c
0a7 ff 15c83c
0a8 ff 15083c
0a9 ff 154c3c
0aa ff 154c3c
0ab ff 15c83c
0ac ff 3f1420
0ad ff 17483c
0ae ff 17483c
0af ff 17c41c
0b0 ff 1c000a
0b1 ff 1c4428
0b2 ff 1c4428
0b3 ff 1cc022
0b4 ff 1d0428
0b5 ff 1d4828
0b6 ff 1d4828
0b7 ff 1dc428
0b8 ff 1d0428
0b9 ff 1d4828
0ba ff 1d4828
0bb ff 1dc428
0bc ff 1f0022
0bd ff 1f4428
0be ff 1f4428
0bf ff 1fc00a
0c0 ff 302011
0c1 ff 301410
0c2 ff 301410
0c3 ff 30f000
0c4 ff 301410
0c5 ff 314810
0c6 ff 314810
0c7 ff 33d410
0c8 ff 301410
0c9 ff 314810
0ca ff 314810
0cb ff 33d410
0cc ff 333000
0cd ff 33d410
0ce ff 33d410
0cf ff 33e010
0d0 ff 340012
0d1 ff 344430
0d2 ff 344430
0d3 ff 34c022
0d4 ff 350430
0d5 ff 354830
0d6 ff 354830
0d7 ff 35c430
0d8 ff 350430
0d9 ff 354830
0da ff 354830
0db ff 35c430
0dc ff 370022
0dd ff 374430
0de ff 374430
0df ff 37c012
0e0 ff 340012
0e1 ff 344430
0e2 ff 344430
0e3 ff 34c022
0e4 ff 350430
0e5 ff 354830
0e6 ff 354830
0e7 ff 35c430
0e8 ff 350430
0e9 ff 354830
0ea ff 354830
0eb ff 35c430
0ec ff 370022
0ed ff 374430
0ee ff 374430
0ef ff 37c012
0f0 ff 3c3000
0f1 ff 3cd420
0f2 ff 3cd420
0f3 ff 3ce020
0f4 ff 3f1420
0f5 ff 3d4820
0f6 ff 3d4820
0f7 ff 3cd420
0f8 ff 3f1420
0f9 ff 3d4820
0fa ff 3d4820
0fb ff 3cd420
0fc ff 3f2021
0fd ff 3f1420
0fe ff 3f1420
0ff ff 3ff000
100 ff 402045
101 ff 401444
102 ff 401444
103 ff 40f000
104 ff 401444
105 ff 414844
106 ff 414844
107 ff 43d444
108 ff 401444
109 ff 414844
10a ff 414844
10b ff 43d444
10c ff 433000
10d ff 43d444
10e ff 43d444
10f ff 43e044
110 ff 44044c
111 ff 4448cc
112 ff 4448cc
113 ff ccd480
114 ff 4508cc
115 ff 454ccc
116 ff 454ccc
117 ff 45c8cc
118 ff 4508cc
119 ff 454ccc
11a ff 454ccc
11b ff 45c8cc
11c ff cf1480
11d ff 4748cc
11e ff 4748cc
11f ff 47c44c
120 ff 44044c
121 ff 4448cc
122 ff 4448cc
123 ff ccd480
124 ff 4508cc
125 ff 454ccc
126 ff 454ccc
127 ff 45c8cc
128 ff 4508cc
129 ff 454ccc
12a ff 454ccc
12b ff 45c8cc
12c ff cf1480
12d ff 4748cc
12e ff 4748cc
12f ff 47c44c
130 ff 4c000a
131 ff 4c4488
132 ff 4c4488
133 ff 4cc082
134 ff 4d0488
135 ff 4d4888
136 ff 4d4888
137 ff 4dc488
138 ff 4d0488
139 ff 4d4888
13a ff 4d4888
13b ff 4dc488
13c ff 4f0082
13d ff 4f4488
13e ff 4f4488
13f ff 4fc00a
140 ff 500454
141 ff 504954
142 ff 504954
143 ff f0d500
144 ff 510954
145 ff 514d54
146 ff 514d54
147 ff 51c954
148 ff 510954
149 ff 514d54
14a ff 514d54
14b ff 51c954
14c ff f31500
14d ff 534954
14e ff 534954
14f ff 53c454
150 ff 54045c
151 ff 544bfc
152 ff 544bfc
153 ff 54c7a0
154 ff 550bfc
155 ff 554ffc
156 ff 554ffc
157 ff 55cbfc
158 ff 550bfc
159 ff 554ffc
15a ff 554ffc
15b ff 55cbfc
15c ff 5707a0
15d ff 574bfc
15e ff 574bfc
15f ff 57c45c
160 ff 54045c
161 ff 544bfc
162 ff 544bfc
163 ff 54c7a0
164 ff 550bfc
165 ff 554ffc
166 ff 554ffc
167 ff 55cbfc
168 ff 550bfc
169 ff 554ffc
16a ff 554ffc
16b ff 55cbfc
16c ff 5707a0
16d ff 574bfc
16e ff 574bfc
16f ff 57c45c
170 ff 0c1408
171 ff 5c4aa8
172 ff 5c4aa8
173 ff 5cc6a0
174 ff 5d0aa8
175 ff 5d4ea8
176 ff 5d4ea8
177 ff 5dcaa8
178 ff 5d0aa8
179 ff 5d4ea8
17a ff 5d4ea8
17b ff 5dcaa8
17c ff 5f06a0
17d ff 5f4aa8
17e ff 5f4aa8
17f ff 0fd408
180 ff 500454
181 ff 504954
182 ff 504954
183 ff f0d500
184 ff 510954
185 ff 514d54
186 ff 514d54
187 ff 51c954
188 ff 510954
189 ff 514d54
18a ff 514d54
18b ff 51c954
18c ff f31500
18d ff 534954
18e ff 534954
18f ff 53c454
190 ff 54045c
191 ff 544bfc
192 ff 544bfc
193 ff 54c7a0
194 ff 550bfc
195 ff 554ffc
196 ff 554ffc
197 ff 55cbfc
198 ff 550bfc
199 ff 554ffc
19a ff 554ffc
19b ff 55cbfc
19c ff 5707a0
19d ff 574bfc
19e ff 574bfc
19f ff 57c45c
1a0 ff 54045c
1a1 ff 544bfc
1a2 ff 544bfc
1a3 ff 54c7a0
1a4 ff 550bfc
1a5 ff 554ffc
1a6 ff 554ffc
1a7 ff 55cbfc
1a8 ff 550bfc
1a9 ff 554ffc
1aa ff 554ffc
1ab ff 55cbfc
1ac ff 5707a0
1ad ff 574bfc
1ae ff 574bfc
1af ff 57c45c
1b0 ff 0c1408
1b1 ff 5c4aa8
1b2 ff 5c4aa8
1b3 ff 5cc6a0
1b4 ff 5d0aa8
1b5 ff 5d4ea8
1b6 ff 5d4ea8
1b7 ff 5dcaa8
1b8 ff 5d0aa8
1b9 ff 5d4ea8
1ba ff 5d4ea8
1bb ff 5dcaa8
1bc ff 5f06a0
1bd ff 5f4aa8
1be ff 5f4aa8
1bf ff 0fd408
1c0 ff 700012
1c1 ff 704510
1c2 ff 704510
1c3 ff 70c102
1c4 ff 710510
1c5 ff 714910
1c6 ff 714910
1c7 ff 71c510
1c8 ff 710510
1c9 ff 714910
1ca ff 714910
1cb ff 71c510
1cc ff 730102
1cd ff 734510
1ce ff 734510
1cf ff 73c012
1d0 ff 301410
1d1 ff 744b30
1d2 ff 744b30
1d3 ff 74c720
1d4 ff 750b30
1d5 ff 754f30
1d6 ff 754f30
1d7 ff 75cb30
1d8 ff 750b30
1d9 ff 754f30
1da ff 754f30
1db ff 75cb30
1dc ff 770720
1dd ff 774b30
1de ff 774b30
1df ff 33d410
1e0 ff 301410
1e1 ff 744b30
1e2 ff 744b30
1e3 ff 74c720
1e4 ff 750b30
1e5 ff 754f30
1e6 ff 754f30
1e7 ff 75cb30
1e8 ff 750b30
1e9 ff 754f30
1ea ff 754f30
1eb ff 75cb30
1ec ff 770720
1ed ff 774b30
1ee ff 774b30
1ef ff 33d410
1f0 ff 7c3000
1f1 ff 7cd620
1f2 ff 7cd620
1f3 ff 7ce220
1f4 ff 7f1620
1f5 ff 7d4a20
1f6 ff 7d4a20
1f7 ff 7cd620
1f8 ff 7f1620
1f9 ff 7d4a20
1fa ff 7d4a20
1fb ff 7cd620
1fc ff 7f2221
1fd ff 7f1620
1fe ff 7f1620
1ff ff 7ff000
200 ff 402045
201 ff 401444
202 ff 401444
203 ff 40f000
204 ff 401444
205 ff 414844
206 ff 414844
207 ff 43d444
208 ff 401444
209 ff 414844
20a ff 414844
20b ff 43d444
20c ff 433000
20d ff 43d444
20e ff 43d444
20f ff 43e044
210 ff 44044c
211 ff 4448cc
212 ff 4448cc
213 ff ccd480
214 ff 4508cc
215 ff 454ccc
216 ff 454ccc
217 ff 45c8cc
218 ff 4508cc
219 ff 454ccc
21a ff 454ccc
21b ff 45c8cc
21c ff cf1480
21d ff 4748cc
21e ff 4748cc
21f ff 47c44c
220 ff 44044c
221 ff 4448cc
222 ff 4448cc
223 ff ccd480
224 ff 4508cc
225 ff 454ccc
226 ff 454ccc
227 ff 45c8cc
228 ff 4508cc
229 ff 454ccc
22a ff 454ccc
22b ff 45c8cc
22c ff cf1480
22d ff 4748cc
22e ff 4748cc
22f ff 47c44c
230 ff 4c000a
231 ff 4c4488
232 ff 4c4488
233 ff 4cc082
234 ff 4d0488
235 ff 4d4888
236 ff 4d4888
237 ff 4dc488
238 ff 4d0488
239 ff 4d4888
23a ff 4d4888
23b ff 4dc488
23c ff 4f0082
23d ff 4f4488
23e ff 4f4488
23f ff 4fc00a
240 ff 500454
241 ff 504954
242 ff 504954
243 ff f0d500
244 ff 510954
245 ff 514d54
246 ff 514d54
247 ff 51c954
248 ff 510954
249 ff 514d54
24a ff 514d54
24b ff 51c954
24c ff f31500
24d ff 534954
24e ff 534954
24f ff 53c454
250 ff 54045c
251 ff 544bfc
252 ff 544bfc
253 ff 54c7a0
254 ff 550bfc
255 ff 554ffc
256 ff 554ffc
257 ff 55cbfc
258 ff 550bfc
259 ff 554ffc
25a ff 554ffc
25b ff 55cbfc
25c ff 5707a0
25d ff 574bfc
25e ff 574bfc
25f ff 57c45c
260 ff 54045c
261 ff 544bfc
262 ff 544bfc
263 ff 54c7a0
264 ff 550bfc
265 ff 554ffc
266 ff 554ffc
267 ff 55cbfc
268 ff 550bfc
269 ff 554ffc
26a ff 554ffc
26b ff 55cbfc
26c ff 5707a0
26d ff 574bfc
26e ff 574bfc
26f ff 57c45c
270 ff 0c1408
271 ff 5c4aa8
272 ff 5c4aa8
273 ff 5cc6a0
274 ff 5d0aa8
275 ff 5d4ea8
276 ff 5d4ea8
277 ff 5dcaa8
278 ff 5d0aa8
279 ff 5d4ea8
27a ff 5d4ea8
27b ff 5dcaa8
27c ff 5f06a0
27d ff 5f4aa8
27e ff 5f4aa8
27f ff 0fd408
280 ff 500454
281 ff 504954
282 ff 504954
283 ff f0d500
284 ff 510954
285 ff 514d54
286 ff 514d54
287 ff 51c954
288 ff 510954
289 ff 514d54
28a ff 514d54
28b ff 51c954
28c ff f31500
28d ff 534954
28e ff 534954
28f ff 53c454
290 ff 54045c
291 ff 544bfc
292 ff 544bfc
293 ff 54c7a0
294 ff 550bfc
295 ff 554ffc
296 ff 554ffc
297 ff 55cbfc
298 ff 550bfc
299 ff 554ffc
29a ff 554ffc
29b ff 55cbfc
29c ff 5707a0
29d ff 574bfc
29e ff 574bfc
29f ff 57c45c
2a0 ff 54045c
2a1 ff 544bfc
2a2 ff 544bfc
2a3 ff 54c7a0
2a4 ff 550bfc
2a5 ff 554ffc
2a6 ff 554ffc
2a7 ff 55cbfc
2a8 ff 550bfc
2a9 ff 554ffc
2aa ff 554ffc
2ab ff 55cbfc
2ac ff 5707a0
2ad ff 574bfc
2ae ff 574bfc
2af ff 57c45c
2b0 ff 0c1408
2b1 ff 5c4aa8
2b2 ff 5c4aa8
2b3 ff 5cc6a0
2b4 ff 5d0aa8
2b5 ff 5d4ea8
2b6 ff 5d4ea8
2b7 ff 5dcaa8
2b8 ff 5d0aa8
2b9 ff 5d4ea8
2ba ff 5d4ea8
2bb ff 5dcaa8
2bc ff 5f06a0
2bd ff 5f4aa8
2be ff 5f4aa8
2bf ff 0fd408
2c0 ff 700012
2c1 ff 704510
2c2 ff 704510
2c3 ff 70c102
2c4 ff 710510
2c5 ff 714910
2c6 ff 714910
2c7 ff 71c510
2c8 ff 710510
2c9 ff 714910
2ca ff 714910
2cb ff 71c510
2cc ff 730102
2cd ff 734510
2ce ff 734510
2cf ff 73c012
2d0 ff 301410
2d1 ff 744b30
2d2 ff 744b30
2d3 ff 74c720
2d4 ff 750b30
2d5 ff 754f30
2d6 ff 754f30
2d7 ff 75cb30
2d8 ff 750b30
2d9 ff 754f30
2da ff 754f30
2db ff 75cb30
2dc ff 770720
2dd ff 774b30
2de ff 774b30
2df ff 33d410
2e0 ff 301410
2e1 ff 744b30
2e2 ff 744b30
2e3 ff 74c720
2e4 ff 750b30
2e5 ff 754f30
2e6 ff 754f30
2e7 ff 75cb30
2e8 ff 750b30
2e9 ff 754f30
2ea ff 754f30
2eb ff 75cb30
2ec ff 770720
2ed ff 774b30
2ee ff 774b30
2ef ff 33d410
2f0 ff 7c3000
2f1 ff 7cd620
2f2 ff 7cd620
2f3 ff 7ce220
2f4 ff 7f1620
2f5 ff 7d4a20
2f6 ff 7d4a20
2f7 ff 7cd620
2f8 ff 7f1620
2f9 ff 7d4a20
2fa ff 7d4a20
2fb ff 7cd620
2fc ff 7f2221
2fd ff 7f1620
2fe ff 7f1620
2ff ff 7ff000
300 ff c02041
301 ff c01440
302 ff c01440
303 ff c0f000
304 ff c01440
305 ff c14840
306 ff c14840
307 ff c3d440
308 ff c01440
309 ff c14840
30a ff c14840
30b ff c3d440
30c ff c33000
30d ff c3d440
30e ff c3d440
30f ff c3e040
310 ff c40042
311 ff c444c0
312 ff c444c0
313 ff c4c082
314 ff c504c0
315 ff c548c0
316 ff c548c0
317 ff c5c4c0
318 ff c504c0
319 ff c548c0
31a ff c548c0
31b ff c5c4c0
31c ff c70082
31d ff c744c0
31e ff c744c0
31f ff c7c042
320 ff c40042
321 ff c444c0
322 ff c444c0
323 ff c4c082
324 ff c504c0
325 ff c548c0
326 ff c548c0
327 ff c5c4c0
328 ff c504c0
329 ff c548c0
32a ff c548c0
32b ff c5c4c0
32c ff c70082
32d ff c744c0
32e ff c744c0
32f ff c7c042
330 ff cc3000
331 ff ccd480
332 ff ccd480
333 ff cce080
334 ff cf1480
335 ff cd4880
336 ff cd4880
337 ff ccd480
338 ff cf1480
339 ff cd4880
33a ff cd4880
33b ff ccd480
33c ff cf2081
33d ff cf1480
33e ff cf1480
33f ff cff000
340 ff d00042
341 ff d04540
342 ff d04540
343 ff d0c102
344 ff d10540
345 ff d14940
346 ff d14940
347 ff d1c540
348 ff d10540
349 ff d14940
34a ff d14940
34b ff d1c540
34c ff d30102
34d ff d34540
34e ff d34540
34f ff d3c042
350 ff c01440
351 ff d44bc0
352 ff d44bc0
353 ff d4c780
354 ff d50bc0
355 ff d54fc0
356 ff d54fc0
357 ff d5cbc0
358 ff d50bc0
359 ff d54fc0
35a ff d54fc0
35b ff d5cbc0
35c ff d70780
35d ff d74bc0
35e ff d74bc0
35f ff c3d440
360 ff c01440
361 ff d44bc0
362 ff d44bc0
363 ff d4c780
364 ff d50bc0
365 ff d54fc0
366 ff d54fc0
367 ff d5cbc0
368 ff d50bc0
369 ff d54fc0
36a ff d54fc0
36b ff d5cbc0
36c ff d70780
36d ff d74bc0
36e ff d74bc0
36f ff c3d440
370 ff dc3000
371 ff dcd680
372 ff dcd680
373 ff dce280
374 ff df1680
375 ff dd4a80
376 ff dd4a80
377 ff dcd680
378 ff df1680
379 ff dd4a80
37a ff dd4a80
37b ff dcd680
37c ff df2281
37d ff df1680
37e ff df1680
37f ff dff000
380 ff d00042
381 ff d04540
382 ff d04540
383 ff d0c102
384 ff d10540
385 ff d14940
386 ff d14940
387 ff d1c540
388 ff d10540
389 ff d14940
38a ff d14940
38b ff d1c540
38c ff d30102
38d ff d34540
38e ff d34540
38f ff d3c042
390 ff c01440
391 ff d44bc0
392 ff d44bc0
393 ff d4c780
394 ff d50bc0
395 ff d54fc0
396 ff d54fc0
397 ff d5cbc0
398 ff d50bc0
399 ff d54fc0
39a ff d54fc0
39b ff d5cbc0
39c ff d70780
39d ff d74bc0
39e ff d74bc0
39f ff c3d440
3a0 ff c01440
3a1 ff d44bc0
3a2 ff d44bc0
3a3 ff d4c780
3a4 ff d50bc0
3a5 ff d54fc0
3a6 ff d54fc0
3a7 ff d5cbc0
3a8 ff d50bc0
3a9 ff d54fc0
3aa ff d54fc0
3ab ff d5cbc0
3ac ff d70780
3ad ff d74bc0
3ae ff d74bc0
3af ff c3d440
3b0 ff dc3000
3b1 ff dcd680
3b2 ff dcd680
3b3 ff dce280
3b4 ff df1680
3b5 ff dd4a80
3b6 ff dd4a80
3b7 ff dcd680
3b8 ff df1680
3b9 ff dd4a80
3ba ff dd4a80
3bb ff dcd680
3bc ff df2281
3bd ff df1680
3be ff df1680
3bf ff dff000
3c0 ff f03000
3c1 ff f0d500
3c2 ff f0d500
3c3 ff f0e100
3c4 ff f31500
3c5 ff f14900
3c6 ff f14900
3c7 ff f0d500
3c8 ff f31500
3c9 ff f14900
3ca ff f14900
3cb ff f0d500
3cc ff f32101
3cd ff f31500
3ce ff f31500
3cf ff f3f000
3d0 ff f43000
3d1 ff f4d700
3d2 ff f4d700
3d3 ff f4e300
3d4 ff f71700
3d5 ff f54b00
3d6 ff f54b00
3d7 ff f4d700
3d8 ff f71700
3d9 ff f54b00
3da ff f54b00
3db ff f4d700
3dc ff f72301
3dd ff f71700
3de ff f71700
3df ff f7f000
3e0 ff f43000
3e1 ff f4d700
3e2 ff f4d700
3e3 ff f4e300
3e4 ff f71700
3e5 ff f54b00
3e6 ff f54b00
3e7 ff f4d700
3e8 ff f71700
3e9 ff f54b00
3ea ff f54b00
3eb ff f4d700
3ec ff f72301
3ed ff f71700
3ee ff f71700
3ef ff f7f000
3f0 ff fc3000
3f1 ff fcd600
3f2 ff fcd600
3f3 ff fce200
3f4 ff ff1600
3f5 ff fd4a00
3f6 ff fd4a00
3f7 ff fcd600
3f8 ff ff1600
3f9 ff fd4a00
3fa ff fd4a00
3fb ff fcd600
3fc ff ff2201
3fd ff ff1600
3fe ff ff1600
3ff ff fff000
000 00 003000
000 01 002005
000 02 003000
000 03 002005
000 04 003000
000 05 002005
000 06 003000
000 07 002005
000 08 003000
000 09 002005
000 0a 003000
000 0b 002005
000 0c 003000
000 0d 002005
000 0e 003000
000 0f 002005
000 10 003000
000 11 002005
000 12 003000
000 13 002005
000 14 003000
000 15 002005
000 16 003000
000 17 002005
000 18 003000
000 19 002005
000 1a 003000
000 1b 002005
000 1c 003000
000 1d 002005
000 1e 003000
000 1f 002005
000 20 003000
000 21 002005
000 22 003000
000 23 002005
000 24 003000
000 25 002005
000 26 003000
000 27 002005
000 28 003000
000 29 002005
000 2a 003000
000 2b 002005
000 2c 003000
000 2d 002005
000 2e 003000
000 2f 002005
000 30 003000
000 31 002005
000 32 003000
000 33 002005
000 34 003000
000 35 002005
000 36 003000
000 37 002005
000 38 003000
000 39 002005
000 3a 003000
000 3b 002005
000 3c 003000
000 3d 002005
000 3e 003000
000 3f 002005
000 40 003000
000 41 002005
000 42 003000
000 43 002005
000 44 003000
000 45 002005
000 46 003000
000 47 002005
000 48 003000
000 49 002005
000 4a 003000
000 4b 002005
000 4c 003000
000 4d 002005
000 4e 003000
000 4f 002005
000 50 003000
000 51 002005
000 52 003000
000 53 002005
000 54 003000
000 55 002005
000 56 003000
000 57 002005
000 58 003000
000 59 002005
000 5a 003000
000 5b 002005
000 5c 003000
000 5d 002005
000 5e 003000
000 5f 002005
000 60 003000
000 61 002005
000 62 003000
000 63 002005
000 64 003000
000 65 002005
000 66 003000
000 67 002005
000 68 003000
000 69 002005
000 6a 003000
000 6b 002005
000 6c 003000
000 6d 002005
000 6e 003000
000 6f 002005
000 70 003000
000 71 002005
000 72 003000
000 73 002005
000 74 003000
000 75 002005
000 76 003000
000 77 002005
000 78 003000
000 79 002005
000 7a 003000
000 7b 002005
000 7c 003000
000 7d 002005
000 7e 003000
000 7f 002005
000 80 003000
000 81 002005
000 82 003000
000 83 002005
000 84 003000
000 85 002005
000 86 003000
000 87 002005
000 88 003000
000 89 002005
000 8a 003000
000 8b 002005
000 8c 003000
000 8d 002005
000 8e 003000
000 8f 002005
000 90 003000
000 91 002005
000 92 003000
000 93 002005
000 94 003000
000 95 002005
000 96 003000
000 97 002005
000 98 003000
000 99 002005
000 9a 003000
000 9b 002005
000 9c 003000
000 9d 002005
000 9e 003000
000 9f 002005
000 a0 003000
000 a1 002005
000 a2 003000
000 a3 002005
000 a4 003000
000 a5 002005
000 a6 003000
000 a7 002005
000 a8 003000
000 a9 002005
000 aa 003000
000 ab 002005
000 ac 003000
000 ad 002005
000 ae 003000
000 af 002005
000 b0 003000
000 b1 002005
000 b2 003000
000 b3 002005
000 b4 003000
000 b5 002005
000 b6 003000
000 b7 002005
000 b8 003000
000 b9 002005
000 ba 003000
000 bb 002005
000 bc 003000
000 bd 002005
000 be 003000
000 bf 002005
000 c0 003000
000 c1 002005
000 c2 003000
000 c3 002005
000 c4 003000
000 c5 002005
000 c6 003000
000 c7 002005
000 c8 003000
000 c9 002005
000 ca 003000
000 cb 002005
000 cc 003000
000 cd 002005
000 ce 003000
000 cf 002005
000 d0 003000
000 d1 002005
000 d2 003000
000 d3 002005
000 d4 003000
000 d5 002005
000 d6 003000
000 d7 002005
000 d8 003000
000 d9 002005
000 da 003000
000 db 002005
000 dc 003000
000 dd 002005
000 de 003000
000 df 002005
000 e0 003000
000 e1 002005
000 e2 003000
000 e3 002005
000 e4 003000
000 e5 002005
000 e6 003000
000 e7 002005
000 e8 003000
000 e9 002005
000 ea 003000
000 eb 002005
000 ec 003000
000 ed 002005
000 ee 003000
000 ef 002005
000 f0 003000
000 f1 002005
000 f2 003000
000 f3 002005
000 f4 003000
000 f5 002005
000 f6 003000
000 f7 002005
000 f8 003000
000 f9 002005
000 fa 003000
000 fb 002005
000 fc 003000
000 fd 002005
000 fe 003000
000 ff 002005
003 00 00f000
003 01 00f000
003 02 00f000
003 03 00f000
003 04 00f000
003 05 00f000
003 06 00f000
003 07 00f000
003 08 00f000
003 09 00f000
003 0a 00f000
003 0b 00f000
003 0c 00f000
003 0d 00f000
003 0e 00f000
003 0f 00f000
003 10 00f000
003 11 00f000
003 12 00f000
003 13 00f000
003 14 00f000
003 15 00f000
003 16 00f000
003 17 00f000
003 18 00f000
003 19 00f000
003 1a 00f000
003 1b 00f000
003 1c 00f000
003 1d 00f000
003 1e 00f000
003 1f 00f000
003 20 00f000
003 21 00f000
003 22 00f000
003 23 00f000
003 24 00f000
003 25 00f000
003 26 00f000
003 27 00f000
003 28 00f000
003 29 00f000
003 2a 00f000
003 2b 00f000
003 2c 00f000
003 2d 00f000
003 2e 00f000
003 2f 00f000
003 30 00f000
003 31 00f000
003 32 00f000
003 33 00f000
003 34 00f000
003 35 00f000
003 36 00f000
003 37 00f000
003 38 00f000
003 39 00f000
003 3a 00f000
003 3b 00f000
003 3c 00f000
003 3d 00f000
003 3e 00f000
003 3f 00f000
003 40 00f000
003 41 00f000
003 42 00f000
003 43 00f000
003 44 00f000
003 45 00f000
003 46 00f000
003 47 00f000
003 48 00f000
003 49 00f000
003 4a 00f000
003 4b 00f000
003 4c 00f000
003 4d 00f000
003 4e 00f000
003 4f 00f000
003 50 00f000
003 51 00f000
003 52 00f000
003 53 00f000
003 54 00f000
003 55 00f000
003 56 00f000
003 57 00f000
003 58 00f000
003 59 00f000
003 5a 00f000
003 5b 00f000
003 5c 00f000
003 5d 00f000
003 5e 00f000
003 5f 00f000
003 60 00f000
003 61 00f000
003 62 00f000
003 63 00f000
003 64 00f000
003 65 00f000
003 66 00f000
003 67 00f000
003 68 00f000
003 69 00f000
003 6a 00f000
003 6b 00f000
003 6c 00f000
003 6d 00f000
003 6e 00f000
003 6f 00f000
003 70 00f000
003 71 00f000
003 72 00f000
003 73 00f000
003 74 00f000
003 75 00f000
003 76 00f000
003 77 00f000
003 78 00f000
003 79 00f000
003 7a 00f000
003 7b 00f000
003 7c 00f000
003 7d 00f000
003 7e 00f000
003 7f 00f000
003 80 00f000
003 81 00f000
003 82 00f000
003 83 00f000
003 84 00f000
003 85 00f000
003 86 00f000
003 87 00f000
003 88 00f000
003 89 00f000
003 8a 00f000
003 8b 00f000
003 8c 00f000
003 8d 00f000
003 8e 00f000
003 8f 00f000
003 90 00f000
003 91 00f000
003 92 00f000
003 93 00f000
003 94 00f000
003 95 00f000
003 96 00f000
003 97 00f000
003 98 00f000
003 99 00f000
003 9a 00f000
003 9b 00f000
003 9c 00f000
003 9d 00f000
003 9e 00f000
003 9f 00f000
003 a0 00f000
003 a1 00f000
003 a2 00f000
003 a3 00f000
003 a4 00f000
003 a5 00f000
003 a6 00f000
003 a7 00f000
003 a8 00f000
003 a9 00f000
003 aa 00f000
003 ab 00f000
003 ac 00f000
003 ad 00f000
003 ae 00f000
003 af 00f000
003 b0 00f000
003 b1 00f000
003 b2 00f000
003 b3 00f000
003 b4 00f000
003 b5 00f000
003 b6 00f000
003 b7 00f000
003 b8 00f000
003 b9 00f000
003 ba 00f000
003 bb 00f000
003 bc 00f000
003 bd 00f000
003 be 00f000
003 bf 00f000
003 c0 00f000
003 c1 00f000
003 c2 00f000
003 c3 00f000
003 c4 00f000
003 c5 00f000
003 c6 00f000
003 c7 00f000
003 c8 00f000
003 c9 00f000
003 ca 00f000
003 cb 00f000
003 cc 00f000
003 cd 00f000
003 ce 00f000
003 cf 00f000
003 d0 00f000
003 d1 00f000
003 d2 00f000
003 d3 00f000
003 d4 00f000
003 d5 00f000
003 d6 00f000
003 d7 00f000
003 d8 00f000
003 d9 00f000
003 da 00f000
003 db 00f000
003 dc 00f000
003 dd 00f000
003 de 00f000
003 df 00f000
003 e0 00f000
003 e1 00f000
003 e2 00f000
003 e3 00f000
003 e4 00f000
003 e5 00f000
003 e6 00f000
003 e7 00f000
003 e8 00f000
003 e9 00f000
003 ea 00f000
003 eb 00f000
003 ec 00f000
003 ed 00f000
003 ee 00f000
003 ef 00f000
003 f0 00f000
003 f1 00f000
003 f2 00f000
003 f3 00f000
003 f4 00f000
003 f5 00f000
003 f6 00f000
003 f7 00f000
003 f8 00f000
003 f9 00f000
003 fa 00f000
003 fb 00f000
003 fc 00f000
003 fd 00f000
003 fe 00f000
003 ff 00f000
001 00 007400
001 01 001404
001 02 007400
001 03 001404
001 04 007400
001 05 001404
001 06 007400
001 07 001404
001 08 007400
001 09 001404
001 0a 007400
001 0b 001404
001 0c 007400
001 0d 001404
001 0e 007400
001 0f 001404
001 10 007400
001 11 001404
001 12 007400
001 13 001404
001 14 007400
001 15 001404
001 16 007400
001 17 001404
001 18 007400
001 19 001404
001 1a 007400
001 1b 001404
001 1c 007400
001 1d 001404
001 1e 007400
001 1f 001404
001 20 007400
001 21 001404
001 22 007400
001 23 001404
001 24 007400
001 25 001404
001 26 007400
001 27 001404
001 28 007400
001 29 001404
001 2a 007400
001 2b 001404
001 2c 007400
001 2d 001404
001 2e 007400
001 2f 001404
001 30 007400
001 31 001404
001 32 007400
001 33 001404
001 34 007400
001 35 001404
001 36 007400
001 37 001404
001 38 007400
001 39 001404
001 3a 007400
001 3b 001404
001 3c 007400
001 3d 001404
001 3e 007400
001 3f 001404
001 40 007400
001 41 001404
001 42 007400
001 43 001404
001 44 007400
001 45 001404
001 46 007400
001 47 001404
001 48 007400
001 49 001404
001 4a 007400
001 4b 001404
001 4c 007400
001 4d 001404
001 4e 007400
001 4f 001404
001 50 007400
001 51 001404
001 52 007400
001 53 001404
001 54 007400
001 55 001404
001 56 007400
001 57 001404
001 58 007400
001 59 001404
001 5a 007400
001 5b 001404
001 5c 007400
001 5d 001404
001 5e 007400
001 5f 001404
001 60 007400
001 61 001404
001 62 007400
001 63 001404
001 64 007400
001 65 001404
001 66 007400
001 67 001404
001 68 007400
001 69 001404
001 6a 007400
001 6b 001404
001 6c 007400
001 6d 001404
001 6e 007400
001 6f 001404
001 70 007400
001 71 001404
001 72 007400
001 73 001404
001 74 007400
001 75 001404
001 76 007400
001 77 001404
001 78 007400
001 79 001404
001 7a 007400
001 7b 001404
001 7c 007400
001 7d 001404
001 7e 007400
001 7f 001404
001 80 007400
001 81 001404
001 82 007400
001 83 001404
001 84 007400
001 85 001404
001 86 007400
001 87 001404
001 88 007400
001 89 001404
001 8a 007400
001 8b 001404
001 8c 007400
001 8d 001404
001 8e 007400
001 8f 001404
001 90 007400
001 91 001404
001 92 007400
001 93 001404
001 94 007400
001 95 001404
001 96 007400
001 97 001404
001 98 007400
001 99 001404
001 9a 007400
001 9b 001404
001 9c 007400
001 9d 001404
001 9e 007400
001 9f 001404
001 a0 007400
001 a1 001404
001 a2 007400
001 a3 001404
001 a4 007400
001 a5 001404
001 a6 007400
001 a7 001404
001 a8 007400
001 a9 001404
001 aa 007400
001 ab 001404
001 ac 007400
001 ad 001404
001 ae 007400
001 af 001404
001 b0 007400
001 b1 001404
001 b2 007400
001 b3 001404
001 b4 007400
001 b5 001404
001 b6 007400
001 b7 001404
001 b8 007400
001 b9 001404
001 ba 007400
001 bb 001404
001 bc 007400
001 bd 001404
001 be 007400
001 bf 001404
001 c0 007400
001 c1 001404
001 c2 007400
001 c3 001404
001 c4 007400
001 c5 001404
001 c6 007400
001 c7 001404
001 c8 007400
001 c9 001404
001 ca 007400
001 cb 001404
001 cc 007400
001 cd 001404
001 ce 007400
001 cf 001404
001 d0 007400
001 d1 001404
001 d2 007400
001 d3 001404
001 d4 007400
001 d5 001404
001 d6 007400
001 d7 001404
001 d8 007400
001 d9 001404
001 da 007400
001 db 001404
001 dc 007400
001 dd 001404
001 de 007400
001 df 001404
001 e0 007400
001 e1 001404
001 e2 007400
001 e3 001404
001 e4 007400
001 e5 001404
001 e6 007400
001 e7 001404
001 e8 007400
001 e9 001404
001 ea 007400
001 eb 001404
001 ec 007400
001 ed 001404
001 ee 007400
001 ef 001404
001 f0 007400
001 f1 001404
001 f2 007400
001 f3 001404
001 f4 007400
001 f5 001404
001 f6 007400
001 f7 001404
001 f8 007400
001 f9 001404
001 fa 007400
001 fb 001404
001 fc 007400
001 fd 001404
001 fe 007400
001 ff 001404
00c 00 033000
00c 01 033000
00c 02 033000
00c 03 033000
00c 04 033000
00c 05 033000
00c 06 033000
00c 07 033000
00c 08 033000
00c 09 033000
00c 0a 033000
00c 0b 033000
00c 0c 033000
00c 0d 033000
00c 0e 033000
00c 0f 033000
00c 10 033000
00c 11 033000
00c 12 033000
00c 13 033000
00c 14 033000
00c 15 033000
00c 16 033000
00c 17 033000
00c 18 033000
00c 19 033000
00c 1a 033000
00c 1b 033000
00c 1c 033000
00c 1d 033000
00c 1e 033000
00c 1f 033000
00c 20 033000
00c 21 033000
00c 22 033000
00c 23 033000
00c 24 033000
00c 25 033000
00c 26 033000
00c 27 033000
00c 28 033000
00c 29 033000
00c 2a 033000
00c 2b 033000
00c 2c 033000
00c 2d 033000
00c 2e 033000
00c 2f 033000
00c 30 033000
00c 31 033000
00c 32 033000
00c 33 033000
00c 34 033000
00c 35 033000
00c 36 033000
00c 37 033000
00c 38 033000
00c 39 033000
00c 3a 033000
00c 3b 033000
00c 3c 033000
00c 3d 033000
00c 3e 033000
00c 3f 033000
00c 40 033000
00c 41 033000
00c 42 033000
00c 43 033000
00c 44 033000
00c 45 033000
00c 46 033000
00c 47 033000
00c 48 033000
00c 49 033000
00c 4a 033000
00c 4b 033000
00c 4c 033000
00c 4d 033000
00c 4e 033000
00c 4f 033000
00c 50 033000
00c 51 033000
00c 52 033000
00c 53 033000
00c 54 033000
00c 55 033000
00c 56 033000
00c 57 033000
00c 58 033000
00c 59 033000
00c 5a 033000
00c 5b 033000
00c 5c 033000
00c 5d 033000
00c 5e 033000
00c 5f 033000
00c 60 033000
00c 61 033000
00c 62 033000
00c 63 033000
00c 64 033000
00c 65 033000
00c 66 033000
00c 67 033000
00c 68 033000
00c 69 033000
00c 6a 033000
00c 6b 033000
00c 6c 033000
00c 6d 033000
00c 6e 033000
00c 6f 033000
00c 70 033000
00c 71 033000
00c 72 033000
00c 73 033000
00c 74 033000
00c 75 033000
00c 76 033000
00c 77 033000
00c 78 033000
00c 79 033000
00c 7a 033000
00c 7b 033000
00c 7c 033000
00c 7d 033000
00c 7e 033000
00c 7f 033000
00c 80 033000
00c 81 033000
00c 82 033000
00c 83 033000
00c 84 033000
00c 85 033000
00c 86 033000
00c 87 033000
00c 88 033000
00c 89 033000
00c 8a 033000
00c 8b 033000
00c 8c 033000
00c 8d 033000
00c 8e 033000
00c 8f 033000
00c 90 033000
00c 91 033000
00c 92 033000
00c 93 033000
00c 94 033000
00c 95 033000
00c 96 033000
00c 97 033000
00c 98 033000
00c 99 033000
00c 9a 033000
00c 9b 033000
00c 9c 033000
00c 9d 033000
00c 9e 033000
00c 9f 033000
00c a0 033000
00c a1 033000
00c a2 033000
00c a3 033000
00c a4 033000
00c a5 033000
00c a6 033000
00c a7 033000
00c a8 033000
00c a9 033000
00c aa 033000
00c ab 033000
00c ac 033000
00c ad 033000
00c ae 033000
00c af 033000
00c b0 033000
00c b1 033000
00c b2 033000
00c b3 033000
00c b4 033000
00c b5 033000
00c b6 033000
00c b7 033000
00c b8 033000
00c b9 033000
00c ba 033000
00c bb 033000
00c bc 033000
00c bd 033000
00c be 033000
00c bf 033000
00c c0 033000
00c c1 033000
00c c2 033000
00c c3 033000
00c c4 033000
00c c5 033000
00c c6 033000
00c c7 033000
00c c8 033000
00c c9 033000
00c ca 033000
00c cb 033000
00c cc 033000
00c cd 033000
00c ce 033000
00c cf 033000
00c d0 033000
00c d1 033000
00c d2 033000
00c d3 033000
00c d4 033000
00c d5 033000
00c d6 033000
00c d7 033000
00c d8 033000
00c d9 033000
00c da 033000
00c db 033000
00c dc 033000
00c dd 033000
00c de 033000
00c df 033000
00c e0 033000
00c e1 033000
00c e2 033000
00c e3 033000
00c e4 033000
00c e5 033000
00c e6 033000
00c e7 033000
00c e8 033000
00c e9 033000
00c ea 033000
00c eb 033000
00c ec 033000
00c ed 033000
00c ee 033000
00c ef 033000
00c f0 033000
00c f1 033000
00c f2 033000
00c f3 033000
00c f4 033000
00c f5 033000
00c f6 033000
00c f7 033000
00c f8 033000
00c f9 033000
00c fa 033000
00c fb 033000
00c fc 033000
00c fd 033000
00c fe 033000
00c ff 033000
00f 00 03f000
00f 01 03e004
00f 02 03f000
00f 03 03e004
00f 04 03f000
00f 05 03e004
00f 06 03f000
00f 07 03e004
00f 08 03f000
00f 09 03e004
00f 0a 03f000
00f 0b 03e004
00f 0c 03f000
00f 0d 03e004
00f 0e 03f000
00f 0f 03e004
00f 10 03f000
00f 11 03e004
00f 12 03f000
00f 13 03e004
00f 14 03f000
00f 15 03e004
00f 16 03f000
00f 17 03e004
00f 18 03f000
00f 19 03e004
00f 1a 03f000
00f 1b 03e004
00f 1c 03f000
00f 1d 03e004
00f 1e 03f000
00f 1f 03e004
00f 20 03f000
00f 21 03e004
00f 22 03f000
00f 23 03e004
00f 24 03f000
00f 25 03e004
00f 26 03f000
00f 27 03e004
00f 28 03f000
00f 29 03e004
00f 2a 03f000
00f 2b 03e004
00f 2c 03f000
00f 2d 03e004
00f 2e 03f000
00f 2f 03e004
00f 30 03f000
00f 31 03e004
00f 32 03f000
00f 33 03e004
00f 34 03f000
00f 35 03e004
00f 36 03f000
00f 37 03e004
00f 38 03f000
00f 39 03e004
00f 3a 03f000
00f 3b 03e004
00f 3c 03f000
00f 3d 03e004
00f 3e 03f000
00f 3f 03e004
00f 40 03f000
00f 41 03e004
00f 42 03f000
00f 43 03e004
00f 44 03f000
00f 45 03e004
00f 46 03f000
00f 47 03e004
00f 48 03f000
00f 49 03e004
00f 4a 03f000
00f 4b 03e004
00f 4c 03f000
00f 4d 03e004
00f 4e 03f000
00f 4f 03e004
00f 50 03f000
00f 51 03e004
00f 52 03f000
00f 53 03e004
00f 54 03f000
00f 55 03e004
00f 56 03f000
00f 57 03e004
00f 58 03f000
00f 59 03e004
00f 5a 03f000
00f 5b 03e004
00f 5c 03f000
00f 5d 03e004
00f 5e 03f000
00f 5f 03e004
00f 60 03f000
00f 61 03e004
00f 62 03f000
00f 63 03e004
00f 64 03f000
00f 65 03e004
00f 66 03f000
00f 67 03e004
00f 68 03f000
00f 69 03e004
00f 6a 03f000
00f 6b 03e004
00f 6c 03f000
00f 6d 03e004
00f 6e 03f000
00f 6f 03e004
00f 70 03f000
00f 71 03e004
00f 72 03f000
00f 73 03e004
00f 74 03f000
00f 75 03e004
00f 76 03f000
00f 77 03e004
00f 78 03f000
00f 79 03e004
00f 7a 03f000
00f 7b 03e004
00f 7c 03f000
00f 7d 03e004
00f 7e 03f000
00f 7f 03e004
00f 80 03f000
00f 81 03e004
00f 82 03f000
00f 83 03e004
00f 84 03f000
00f 85 03e004
00f 86 03f000
00f 87 03e004
00f 88 03f000
00f 89 03e004
00f 8a 03f000
00f 8b 03e004
00f 8c 03f000
00f 8d 03e004
00f 8e 03f000
00f 8f 03e004
00f 90 03f000
00f 91 03e004
00f 92 03f000
00f 93 03e004
00f 94 03f000
00f 95 03e004
00f 96 03f000
00f 97 03e004
00f 98 03f000
00f 99 03e004
00f 9a 03f000
00f 9b 03e004
00f 9c 03f000
00f 9d 03e004
00f 9e 03f000
00f 9f 03e004
00f a0 03f000
00f a1 03e004
00f a2 03f000
00f a3 03e004
00f a4 03f000
00f a5 03e004
00f a6 03f000
00f a7 03e004
00f a8 03f000
00f a9 03e004
00f aa 03f000
00f ab 03e004
00f ac 03f000
00f ad 03e004
00f ae 03f000
00f af 03e004
00f b0 03f000
00f b1 03e004
00f b2 03f000
00f b3 03e004
00f b4 03f000
00f b5 03e004
00f b6 03f000
00f b7 03e004
00f b8 03f000
00f b9 03e004
00f ba 03f000
00f bb 03e004
00f bc 03f000
00f bd 03e004
00f be 03f000
00f bf 03e004
00f c0 03f000
00f c1 03e004
00f c2 03f000
00f c3 03e004
00f c4 03f000
00f c5 03e004
00f c6 03f000
00f c7 03e004
00f c8 03f000
00f c9 03e004
00f ca 03f000
00f cb 03e004
00f cc 03f000
00f cd 03e004
00f ce 03f000
00f cf 03e004
00f d0 03f000
00f d1 03e004
00f d2 03f000
00f d3 03e004
00f d4 03f000
00f d5 03e004
00f d6 03f000
00f d7 03e004
00f d8 03f000
00f d9 03e004
00f da 03f000
00f db 03e004
00f dc 03f000
00f dd 03e004
00f de 03f000
00f df 03e004
00f e0 03f000
00f e1 03e004
00f e2 03f000
00f e3 03e004
00f e4 03f000
00f e5 03e004
00f e6 03f000
00f e7 03e004
00f e8 03f000
00f e9 03e004
00f ea 03f000
00f eb 03e004
00f ec 03f000
00f ed 03e004
00f ee 03f000
00f ef 03e004
00f f0 03f000
00f f1 03e004
00f f2 03f000
00f f3 03e004
00f f4 03f000
00f f5 03e004
00f f6 03f000
00f f7 03e004
00f f8 03f000
00f f9 03e004
00f fa 03f000
00f fb 03e004
00f fc 03f000
00f fd 03e004
00f fe 03f000
00f ff 03e004
00d 00 037400
00d 01 03d404
00d 02 037400
00d 03 03d404
00d 04 037400
00d 05 03d404
00d 06 037400
00d 07 03d404
00d 08 037400
00d 09 03d404
00d 0a 037400
00d 0b 03d404
00d 0c 037400
00d 0d 03d404
00d 0e 037400
00d 0f 03d404
00d 10 037400
00d 11 03d404
00d 12 037400
00d 13 03d404
00d 14 037400
00d 15 03d404
00d 16 037400
00d 17 03d404
00d 18 037400
00d 19 03d404
00d 1a 037400
00d 1b 03d404
00d 1c 037400
00d 1d 03d404
00d 1e 037400
00d 1f 03d404
00d 20 037400
00d 21 03d404
00d 22 037400
00d 23 03d404
00d 24 037400
00d 25 03d404
00d 26 037400
00d 27 03d404
00d 28 037400
00d 29 03d404
00d 2a 037400
00d 2b 03d404
00d 2c 037400
00d 2d 03d404
00d 2e 037400
00d 2f 03d404
00d 30 037400
00d 31 03d404
00d 32 037400
00d 33 03d404
00d 34 037400
00d 35 03d404
00d 36 037400
00d 37 03d404
00d 38 037400
00d 39 03d404
00d 3a 037400
00d 3b 03d404
00d 3c 037400
00d 3d 03d404
00d 3e 037400
00d 3f 03d404
00d 40 037400
00d 41 03d404
00d 42 037400
00d 43 03d404
00d 44 037400
00d 45 03d404
00d 46 037400
00d 47 03d404
00d 48 037400
00d 49 03d404
00d 4a 037400
00d 4b 03d404
00d 4c 037400
00d 4d 03d404
00d 4e 037400
00d 4f 03d404
00d 50 037400
00d 51 03d404
00d 52 037400
00d 53 03d404
00d 54 037400
00d 55 03d404
00d 56 037400
00d 57 03d404
00d 58 037400
00d 59 03d404
00d 5a 037400
00d 5b 03d404
00d 5c 037400
00d 5d 03d404
00d 5e 037400
00d 5f 03d404
00d 60 037400
00d 61 03d404
00d 62 037400
00d 63 03d404
00d 64 037400
00d 65 03d404
00d 66 037400
00d 67 03d404
00d 68 037400
00d 69 03d404
00d 6a 037400
00d 6b 03d404
00d 6c 037400
00d 6d 03d404
00d 6e 037400
00d 6f 03d404
00d 70 037400
00d 71 03d404
00d 72 037400
00d 73 03d404
00d 74 037400
00d 75 03d404
00d 76 037400
00d 77 03d404
00d 78 037400
00d 79 03d404
00d 7a 037400
00d 7b 03d404
00d 7c 037400
00d 7d 03d404
00d 7e 037400
00d 7f 03d404
00d 80 037400
00d 81 03d404
00d 82 037400
00d 83 03d404
00d 84 037400
00d 85 03d404
00d 86 037400
00d 87 03d404
00d 88 037400
00d 89 03d404
00d 8a 037400
00d 8b 03d404
00d 8c 037400
00d 8d 03d404
00d 8e 037400
00d 8f 03d404
00d 90 037400
00d 91 03d404
00d 92 037400
00d 93 03d404
00d 94 037400
00d 95 03d404
00d 96 037400
00d 97 03d404
00d 98 037400
00d 99 03d404
00d 9a 037400
00d 9b 03d404
00d 9c 037400
00d 9d 03d404
00d 9e 037400
00d 9f 03d404
00d a0 037400
00d a1 03d404
00d a2 037400
00d a3 03d404
00d a4 037400
00d a5 03d404
00d a6 037400
00d a7 03d404
00d a8 037400
00d a9 03d404
00d aa 037400
00d ab 03d404
00d ac 037400
00d ad 03d404
00d ae 037400
00d af 03d404
00d b0 037400
00d b1 03d404
00d b2 037400
00d b3 03d404
00d b4 037400
00d b5 03d404
00d b6 037400
00d b7 03d404
00d b8 037400
00d b9 03d404
00d ba 037400
00d bb 03d404
00d bc 037400
00d bd 03d404
00d be 037400
00d bf 03d404
00d c0 037400
00d c1 03d404
00d c2 037400
00d c3 03d404
00d c4 037400
00d c5 03d404
00d c6 037400
00d c7 03d404
00d c8 037400
00d c9 03d404
00d ca 037400
00d cb 03d404
00d cc 037400
00d cd 03d404
00d ce 037400
00d cf 03d404
00d d0 037400
00d d1 03d404
00d d2 037400
00d d3 03d404
00d d4 037400
00d d5 03d404
00d d6 037400
00d d7 03d404
00d d8 037400
00d d9 03d404
00d da 037400
00d db 03d404
00d dc 037400
00d dd 03d404
00d de 037400
00d df 03d404
00d e0 037400
00d e1 03d404
00d e2 037400
00d e3 03d404
00d e4 037400
00d e5 03d404
00d e6 037400
00d e7 03d404
00d e8 037400
00d e9 03d404
00d ea 037400
00d eb 03d404
00d ec 037400
00d ed 03d404
00d ee 037400
00d ef 03d404
00d f0 037400
00d f1 03d404
00d f2 037400
00d f3 03d404
00d f4 037400
00d f5 03d404
00d f6 037400
00d f7 03d404
00d f8 037400
00d f9 03d404
00d fa 037400
00d fb 03d404
00d fc 037400
00d fd 03d404
00d fe 037400
00d ff 03d404
004 00 013400
004 01 001404
004 02 013400
004 03 001404
004 04 013400
004 05 001404
004 06 013400
004 07 001404
004 08 013400
004 09 001404
004 0a 013400
004 0b 001404
004 0c 013400
004 0d 001404
004 0e 013400
004 0f 001404
004 10 013400
004 11 001404
004 12 013400
004 13 001404
004 14 013400
004 15 001404
004 16 013400
004 17 001404
004 18 013400
004 19 001404
004 1a 013400
004 1b 001404
004 1c 013400
004 1d 001404
004 1e 013400
004 1f 001404
004 20 013400
004 21 001404
004 22 013400
004 23 001404
004 24 013400
004 25 001404
004 26 013400
004 27 001404
004 28 013400
004 29 001404
004 2a 013400
004 2b 001404
004 2c 013400
004 2d 001404
004 2e 013400
004 2f 001404
004 30 013400
004 31 001404
004 32 013400
004 33 001404
004 34 013400
004 35 001404
004 36 013400
004 37 001404
004 38 013400
004 39 001404
004 3a 013400
004 3b 001404
004 3c 013400
004 3d 001404
004 3e 013400
004 3f 001404
004 40 013400
004 41 001404
004 42 013400
004 43 001404
004 44 013400
004 45 001404
004 46 013400
004 47 001404
004 48 013400
004 49 001404
004 4a 013400
004 4b 001404
004 4c 013400
004 4d 001404
004 4e 013400
004 4f 001404
004 50 013400
004 51 001404
004 52 013400
004 53 001404
004 54 013400
004 55 001404
004 56 013400
004 57 001404
004 58 013400
004 59 001404
004 5a 013400
004 5b 001404
004 5c 013400
004 5d 001404
004 5e 013400
004 5f 001404
004 60 013400
004 61 001404
004 62 013400
004 63 001404
004 64 013400
004 65 001404
004 66 013400
004 67 001404
004 68 013400
004 69 001404
004 6a 013400
004 6b 001404
004 6c 013400
004 6d 001404
004 6e 013400
004 6f 001404
004 70 013400
004 71 001404
004 72 013400
004 73 001404
004 74 013400
004 75 001404
004 76 013400
004 77 001404
004 78 013400
004 79 001404
004 7a 013400
004 7b 001404
004 7c 013400
004 7d 001404
004 7e 013400
004 7f 001404
004 80 013400
004 81 001404
004 82 013400
004 83 001404
004 84 013400
004 85 001404
004 86 013400
004 87 001404
004 88 013400
004 89 001404
004 8a 013400
004 8b 001404
004 8c 013400
004 8d 001404
004 8e 013400
004 8f 001404
004 90 013400
004 91 001404
004 92 013400
004 93 001404
004 94 013400
004 95 001404
004 96 013400
004 97 001404
004 98 013400
004 99 001404
004 9a 013400
004 9b 001404
004 9c 013400
004 9d 001404
004 9e 013400
004 9f 001404
004 a0 013400
004 a1 001404
004 a2 013400
004 a3 001404
004 a4 013400
004 a5 001404
004 a6 013400
004 a7 001404
004 a8 013400
004 a9 001404
004 aa 013400
004 ab 001404
004 ac 013400
004 ad 001404
004 ae 013400
004 af 001404
004 b0 013400
004 b1 001404
004 b2 013400
004 b3 001404
004 b4 013400
004 b5 001404
004 b6 013400
004 b7 001404
004 b8 013400
004 b9 001404
004 ba 013400
004 bb 001404
004 bc 013400
004 bd 001404
004 be 013400
004 bf 001404
004 c0 013400
004 c1 001404
004 c2 013400
004 c3 001404
004 c4 013400
004 c5 001404
004 c6 013400
004 c7 001404
004 c8 013400
004 c9 001404
004 ca 013400
004 cb 001404
004 cc 013400
004 cd 001404
004 ce 013400
004 cf 001404
004 d0 013400
004 d1 001404
004 d2 013400
004 d3 001404
004 d4 013400
004 d5 001404
004 d6 013400
004 d7 001404
004 d8 013400
004 d9 001404
004 da 013400
004 db 001404
004 dc 013400
004 dd 001404
004 de 013400
004 df 001404
004 e0 013400
004 e1 001404
004 e2 013400
004 e3 001404
004 e4 013400
004 e5 001404
004 e6 013400
004 e7 001404
004 e8 013400
004 e9 001404
004 ea 013400
004 eb 001404
004 ec 013400
004 ed 001404
004 ee 013400
004 ef 001404
004 f0 013400
004 f1 001404
004 f2 013400
004 f3 001404
004 f4 013400
004 f5 001404
004 f6 013400
004 f7 001404
004 f8 013400
004 f9 001404
004 fa 013400
004 fb 001404
004 fc 013400
004 fd 001404
004 fe 013400
004 ff 001404
007 00 01f400
007 01 03d404
007 02 01f400
007 03 03d404
007 04 01f400
007 05 03d404
007 06 01f400
007 07 03d404
007 08 01f400
007 09 03d404
007 0a 01f400
007 0b 03d404
007 0c 01f400
007 0d 03d404
007 0e 01f400
007 0f 03d404
007 10 01f400
007 11 03d404
007 12 01f400
007 13 03d404
007 14 01f400
007 15 03d404
007 16 01f400
007 17 03d404
007 18 01f400
007 19 03d404
007 1a 01f400
007 1b 03d404
007 1c 01f400
007 1d 03d404
007 1e 01f400
007 1f 03d404
007 20 01f400
007 21 03d404
007 22 01f400
007 23 03d404
007 24 01f400
007 25 03d404
007 26 01f400
007 27 03d404
007 28 01f400
007 29 03d404
007 2a 01f400
007 2b 03d404
007 2c 01f400
007 2d 03d404
007 2e 01f400
007 2f 03d404
007 30 01f400
007 31 03d404
007 32 01f400
007 33 03d404
007 34 01f400
007 35 03d404
007 36 01f400
007 37 03d404
007 38 01f400
007 39 03d404
007 3a 01f400
007 3b 03d404
007 3c 01f400
007 3d 03d404
007 3e 01f400
007 3f 03d404
007 40 01f400
007 41 03d404
007 42 01f400
007 43 03d404
007 44 01f400
007 45 03d404
007 46 01f400
007 47 03d404
007 48 01f400
007 49 03d404
007 4a 01f400
007 4b 03d404
007 4c 01f400
007 4d 03d404
007 4e 01f400
007 4f 03d404
007 50 01f400
007 51 03d404
007 52 01f400
007 53 03d404
007 54 01f400
007 55 03d404
007 56 01f400
007 57 03d404
007 58 01f400
007 59 03d404
007 5a 01f400
007 5b 03d404
007 5c 01f400
007 5d 03d404
007 5e 01f400
007 5f 03d404
007 60 01f400
007 61 03d404
007 62 01f400
007 63 03d404
007 64 01f400
007 65 03d404
007 66 01f400
007 67 03d404
007 68 01f400
007 69 03d404
007 6a 01f400
007 6b 03d404
007 6c 01f400
007 6d 03d404
007 6e 01f400
007 6f 03d404
007 70 01f400
007 71 03d404
007 72 01f400
007 73 03d404
007 74 01f400
007 75 03d404
007 76 01f400
007 77 03d404
007 78 01f400
007 79 03d404
007 7a 01f400
007 7b 03d404
007 7c 01f400
007 7d 03d404
007 7e 01f400
007 7f 03d404
007 80 01f400
007 81 03d404
007 82 01f400
007 83 03d404
007 84 01f400
007 85 03d404
007 86 01f400
007 87 03d404
007 88 01f400
007 89 03d404
007 8a 01f400
007 8b 03d404
007 8c 01f400
007 8d 03d404
007 8e 01f400
007 8f 03d404
007 90 01f400
007 91 03d404
007 92 01f400
007 93 03d404
007 94 01f400
007 95 03d404
007 96 01f400
007 97 03d404
007 98 01f400
007 99 03d404
007 9a 01f400
007 9b 03d404
007 9c 01f400
007 9d 03d404
007 9e 01f400
007 9f 03d404
007 a0 01f400
007 a1 03d404
007 a2 01f400
007 a3 03d404
007 a4 01f400
007 a5 03d404
007 a6 01f400
007 a7 03d404
007 a8 01f400
007 a9 03d404
007 aa 01f400
007 ab 03d404
007 ac 01f400
007 ad 03d404
007 ae 01f400
007 af 03d404
007 b0 01f400
007 b1 03d404
007 b2 01f400
007 b3 03d404
007 b4 01f400
007 b5 03d404
007 b6 01f400
007 b7 03d404
007 b8 01f400
007 b9 03d404
007 ba 01f400
007 bb 03d404
007 bc 01f400
007 bd 03d404
007 be 01f400
007 bf 03d404
007 c0 01f400
007 c1 03d404
007 c2 01f400
007 c3 03d404
007 c4 01f400
007 c5 03d404
007 c6 01f400
007 c7 03d404
007 c8 01f400
007 c9 03d404
007 ca 01f400
007 cb 03d404
007 cc 01f400
007 cd 03d404
007 ce 01f400
007 cf 03d404
007 d0 01f400
007 d1 03d404
007 d2 01f400
007 d3 03d404
007 d4 01f400
007 d5 03d404
007 d6 01f400
007 d7 03d404
007 d8 01f400
007 d9 03d404
007 da 01f400
007 db 03d404
007 dc 01f400
007 dd 03d404
007 de 01f400
007 df 03d404
007 e0 01f400
007 e1 03d404
007 e2 01f400
007 e3 03d404
007 e4 01f400
007 e5 03d404
007 e6 01f400
007 e7 03d404
007 e8 01f400
007 e9 03d404
007 ea 01f400
007 eb 03d404
007 ec 01f400
007 ed 03d404
007 ee 01f400
007 ef 03d404
007 f0 01f400
007 f1 03d404
007 f2 01f400
007 f3 03d404
007 f4 01f400
007 f5 03d404
007 f6 01f400
007 f7 03d404
007 f8 01f400
007 f9 03d404
007 fa 01f400
007 fb 03d404
007 fc 01f400
007 fd 03d404
007 fe 01f400
007 ff 03d404
005 00 017800
005 01 014804
005 02 017800
005 03 014804
005 04 017800
005 05 014804
005 06 017800
005 07 014804
005 08 017800
005 09 014804
005 0a 017800
005 0b 014804
005 0c 017800
005 0d 014804
005 0e 017800
005 0f 014804
005 10 017800
005 11 014804
005 12 017800
005 13 014804
005 14 017800
005 15 014804
005 16 017800
005 17 014804
005 18 017800
005 19 014804
005 1a 017800
005 1b 014804
005 1c 017800
005 1d 014804
005 1e 017800
005 1f 014804
005 20 017800
005 21 014804
005 22 017800
005 23 014804
005 24 017800
005 25 014804
005 26 017800
005 27 014804
005 28 017800
005 29 014804
005 2a 017800
005 2b 014804
005 2c 017800
005 2d 014804
005 2e 017800
005 2f 014804
005 30 017800
005 31 014804
005 32 017800
005 33 014804
005 34 017800
005 35 014804
005 36 017800
005 37 014804
005 38 017800
005 39 014804
005 3a 017800
005 3b 014804
005 3c 017800
005 3d 014804
005 3e 017800
005 3f 014804
005 40 017800
005 41 014804
005 42 017800
005 43 014804
005 44 017800
005 45 014804
005 46 017800
005 47 014804
005 48 017800
005 49 014804
005 4a 017800
005 4b 014804
005 4c 017800
005 4d 014804
005 4e 017800
005 4f 014804
005 50 017800
005 51 014804
005 52 017800
005 53 014804
005 54 017800
005 55 014804
005 56 017800
005 57 014804
005 58 017800
005 59 014804
005 5a 017800
005 5b 014804
005 5c 017800
005 5d 014804
005 5e 017800
005 5f 014804
005 60 017800
005 61 014804
005 62 017800
005 63 014804
005 64 017800
005 65 014804
005 66 017800
005 67 014804
005 68 017800
005 69 014804
005 6a 017800
005 6b 014804
005 6c 017800
005 6d 014804
005 6e 017800
005 6f 014804
005 70 017800
005 71 014804
005 72 017800
005 73 014804
005 74 017800
005 75 014804
005 76 017800
005 77 014804
005 78 017800
005 79 014804
005 7a 017800
005 7b 014804
005 7c 017800
005 7d 014804
005 7e 017800
005 7f 014804
005 80 017800
005 81 014804
005 82 017800
005 83 014804
005 84 017800
005 85 014804
005 86 017800
005 87 014804
005 88 017800
005 89 014804
005 8a 017800
005 8b 014804
005 8c 017800
005 8d 014804
005 8e 017800
005 8f 014804
005 90 017800
005 91 014804
005 92 017800
005 93 014804
005 94 017800
005 95 014804
005 96 017800
005 97 014804
005 98 017800
005 99 014804
005 9a 017800
005 9b 014804
005 9c 017800
005 9d 014804
005 9e 017800
005 9f 014804
005 a0 017800
005 a1 014804
005 a2 017800
005 a3 014804
005 a4 017800
005 a5 014804
005 a6 017800
005 a7 014804
005 a8 017800
005 a9 014804
005 aa 017800
005 ab 014804
005 ac 017800
005 ad 014804
005 ae 017800
005 af 014804
005 b0 017800
005 b1 014804
005 b2 017800
005 b3 014804
005 b4 017800
005 b5 014804
005 b6 017800
005 b7 014804
005 b8 017800
005 b9 014804
005 ba 017800
005 bb 014804
005 bc 017800
005 bd 014804
005 be 017800
005 bf 014804
005 c0 017800
005 c1 014804
005 c2 017800
005 c3 014804
005 c4 017800
005 c5 014804
005 c6 017800
005 c7 014804
005 c8 017800
005 c9 014804
005 ca 017800
005 cb 014804
005 cc 017800
005 cd 014804
005 ce 017800
005 cf 014804
005 d0 017800
005 d1 014804
005 d2 017800
005 d3 014804
005 d4 017800
005 d5 014804
005 d6 017800
005 d7 014804
005 d8 017800
005 d9 014804
005 da 017800
005 db 014804
005 dc 017800
005 dd 014804
005 de 017800
005 df 014804
005 e0 017800
005 e1 014804
005 e2 017800
005 e3 014804
005 e4 017800
005 e5 014804
005 e6 017800
005 e7 014804
005 e8 017800
005 e9 014804
005 ea 017800
005 eb 014804
005 ec 017800
005 ed 014804
005 ee 017800
005 ef 014804
005 f0 017800
005 f1 014804
005 f2 017800
005 f3 014804
005 f4 017800
005 f5 014804
005 f6 017800
005 f7 014804
005 f8 017800
005 f9 014804
005 fa 017800
005 fb 014804
005 fc 017800
005 fd 014804
005 fe 017800
005 ff 014804
030 00 0c3000
030 01 0c3000
030 02 0c2009
030 03 0c2009
030 04 0c3000
030 05 0c3000
030 06 0c2009
030 07 0c2009
030 08 0c3000
030 09 0c3000
030 0a 0c2009
030 0b 0c2009
030 0c 0c3000
030 0d 0c3000
030 0e 0c2009
030 0f 0c2009
030 10 0c3000
030 11 0c3000
030 12 0c2009
030 13 0c2009
030 14 0c3000
030 15 0c3000
030 16 0c2009
030 17 0c2009
030 18 0c3000
030 19 0c3000
030 1a 0c2009
030 1b 0c2009
030 1c 0c3000
030 1d 0c3000
030 1e 0c2009
030 1f 0c2009
030 20 0c3000
030 21 0c3000
030 22 0c2009
030 23 0c2009
030 24 0c3000
030 25 0c3000
030 26 0c2009
030 27 0c2009
030 28 0c3000
030 29 0c3000
030 2a 0c2009
030 2b 0c2009
030 2c 0c3000
030 2d 0c3000
030 2e 0c2009
030 2f 0c2009
030 30 0c3000
030 31 0c3000
030 32 0c2009
030 33 0c2009
030 34 0c3000
030 35 0c3000
030 36 0c2009
030 37 0c2009
030 38 0c3000
030 39 0c3000
030 3a 0c2009
030 3b 0c2009
030 3c 0c3000
030 3d 0c3000
030 3e 0c2009
030 3f 0c2009
030 40 0c3000
030 41 0c3000
030 42 0c2009
030 43 0c2009
030 44 0c3000
030 45 0c3000
030 46 0c2009
030 47 0c2009
030 48 0c3000
030 49 0c3000
030 4a 0c2009
030 4b 0c2009
030 4c 0c3000
030 4d 0c3000
030 4e 0c2009
030 4f 0c2009
030 50 0c3000
030 51 0c3000
030 52 0c2009
030 53 0c2009
030 54 0c3000
030 55 0c3000
030 56 0c2009
030 57 0c2009
030 58 0c3000
030 59 0c3000
030 5a 0c2009
030 5b 0c2009
030 5c 0c3000
030 5d 0c3000
030 5e 0c2009
030 5f 0c2009
030 60 0c3000
030 61 0c3000
030 62 0c2009
030 63 0c2009
030 64 0c3000
030 65 0c3000
030 66 0c2009
030 67 0c2009
030 68 0c3000
030 69 0c3000
030 6a 0c2009
030 6b 0c2009
030 6c 0c3000
030 6d 0c3000
030 6e 0c2009
030 6f 0c2009
030 70 0c3000
030 71 0c3000
030 72 0c2009
030 73 0c2009
030 74 0c3000
030 75 0c3000
030 76 0c2009
030 77 0c2009
030 78 0c3000
030 79 0c3000
030 7a 0c2009
030 7b 0c2009
030 7c 0c3000
030 7d 0c3000
030 7e 0c2009
030 7f 0c2009
030 80 0c3000
030 81 0c3000
030 82 0c2009
030 83 0c2009
030 84 0c3000
030 85 0c3000
030 86 0c2009
030 87 0c2009
030 88 0c3000
030 89 0c3000
030 8a 0c2009
030 8b 0c2009
030 8c 0c3000
030 8d 0c3000
030 8e 0c2009
030 8f 0c2009
030 90 0c3000
030 91 0c3000
030 92 0c2009
030 93 0c2009
030 94 0c3000
030 95 0c3000
030 96 0c2009
030 97 0c2009
030 98 0c3000
030 99 0c3000
030 9a 0c2009
030 9b 0c2009
030 9c 0c3000
030 9d 0c3000
030 9e 0c2009
030 9f 0c2009
030 a0 0c3000
030 a1 0c3000
030 a2 0c2009
030 a3 0c2009
030 a4 0c3000
030 a5 0c3000
030 a6 0c2009
030 a7 0c2009
030 a8 0c3000
030 a9 0c3000
030 aa 0c2009
030 ab 0c2009
030 ac 0c3000
030 ad 0c3000
030 ae 0c2009
030 af 0c2009
030 b0 0c3000
030 b1 0c3000
030 b2 0c2009
030 b3 0c2009
030 b4 0c3000
030 b5 0c3000
030 b6 0c2009
030 b7 0c2009
030 b8 0c3000
030 b9 0c3000
030 ba 0c2009
030 bb 0c2009
030 bc 0c3000
030 bd 0c3000
030 be 0c2009
030 bf 0c2009
030 c0 0c3000
030 c1 0c3000
030 c2 0c2009
030 c3 0c2009
030 c4 0c3000
030 c5 0c3000
030 c6 0c2009
030 c7 0c2009
030 c8 0c3000
030 c9 0c3000
030 ca 0c2009
030 cb 0c2009
030 cc 0c3000
030 cd 0c3000
030 ce 0c2009
030 cf 0c2009
030 d0 0c3000
030 d1 0c3000
030 d2 0c2009
030 d3 0c2009
030 d4 0c3000
030 d5 0c3000
030 d6 0c2009
030 d7 0c2009
030 d8 0c3000
030 d9 0c3000
030 da 0c2009
030 db 0c2009
030 dc 0c3000
030 dd 0c3000
030 de 0c2009
030 df 0c2009
030 e0 0c3000
030 e1 0c3000
030 e2 0c2009
030 e3 0c2009
030 e4 0c3000
030 e5 0c3000
030 e6 0c2009
030 e7 0c2009
030 e8 0c3000
030 e9 0c3000
030 ea 0c2009
030 eb 0c2009
030 ec 0c3000
030 ed 0c3000
030 ee 0c2009
030 ef 0c2009
030 f0 0c3000
030 f1 0c3000
030 f2 0c2009
030 f3 0c2009
030 f4 0c3000
030 f5 0c3000
030 f6 0c2009
030 f7 0c2009
030 f8 0c3000
030 f9 0c3000
030 fa 0c2009
030 fb 0c2009
030 fc 0c3000
030 fd 0c3000
030 fe 0c2009
030 ff 0c2009
033 00 0cf000
033 01 0cf000
033 02 0cf000
033 03 0cf000
033 04 0cf000
033 05 0cf000
033 06 0cf000
033 07 0cf000
033 08 0cf000
033 09 0cf000
033 0a 0cf000
033 0b 0cf000
033 0c 0cf000
033 0d 0cf000
033 0e 0cf000
033 0f 0cf000
033 10 0cf000
033 11 0cf000
033 12 0cf000
033 13 0cf000
033 14 0cf000
033 15 0cf000
033 16 0cf000
033 17 0cf000
033 18 0cf000
033 19 0cf000
033 1a 0cf000
033 1b 0cf000
033 1c 0cf000
033 1d 0cf000
033 1e 0cf000
033 1f 0cf000
033 20 0cf000
033 21 0cf000
033 22 0cf000
033 23 0cf000
033 24 0cf000
033 25 0cf000
033 26 0cf000
033 27 0cf000
033 28 0cf000
033 29 0cf000
033 2a 0cf000
033 2b 0cf000
033 2c 0cf000
033 2d 0cf000
033 2e 0cf000
033 2f 0cf000
033 30 0cf000
033 31 0cf000
033 32 0cf000
033 33 0cf000
033 34 0cf000
033 35 0cf000
033 36 0cf000
033 37 0cf000
033 38 0cf000
033 39 0cf000
033 3a 0cf000
033 3b 0cf000
033 3c 0cf000
033 3d 0cf000
033 3e 0cf000
033 3f 0cf000
033 40 0cf000
033 41 0cf000
033 42 0cf000
033 43 0cf000
033 44 0cf000
033 45 0cf000
033 46 0cf000
033 47 0cf000
033 48 0cf000
033 49 0cf000
033 4a 0cf000
033 4b 0cf000
033 4c 0cf000
033 4d 0cf000
033 4e 0cf000
033 4f 0cf000
033 50 0cf000
033 51 0cf000
033 52 0cf000
033 53 0cf000
033 54 0cf000
033 55 0cf000
033 56 0cf000
033 57 0cf000
033 58 0cf000
033 59 0cf000
033 5a 0cf000
033 5b 0cf000
033 5c 0cf000
033 5d 0cf000
033 5e 0cf000
033 5f 0cf000
033 60 0cf000
033 61 0cf000
033 62 0cf000
033 63 0cf000
033 64 0cf000
033 65 0cf000
033 66 0cf000
033 67 0cf000
033 68 0cf000
033 69 0cf000
033 6a 0cf000
033 6b 0cf000
033 6c 0cf000
033 6d 0cf000
033 6e 0cf000
033 6f 0cf000
033 70 0cf000
033 71 0cf000
033 72 0cf000
033 73 0cf000
033 74 0cf000
033 75 0cf000
033 76 0cf000
033 77 0cf000
033 78 0cf000
033 79 0cf000
033 7a 0cf000
033 7b 0cf000
033 7c 0cf000
033 7d 0cf000
033 7e 0cf000
033 7f 0cf000
033 80 0cf000
033 81 0cf000
033 82 0cf000
033 83 0cf000
033 84 0cf000
033 85 0cf000
033 86 0cf000
033 87 0cf000
033 88 0cf000
033 89 0cf000
033 8a 0cf000
033 8b 0cf000
033 8c 0cf000
033 8d 0cf000
033 8e 0cf000
033 8f 0cf000
033 90 0cf000
033 91 0cf000
033 92 0cf000
033 93 0cf000
033 94 0cf000
033 95 0cf000
033 96 0cf000
033 97 0cf000
033 98 0cf000
033 99 0cf000
033 9a 0cf000
033 9b 0cf000
033 9c 0cf000
033 9d 0cf000
033 9e 0cf000
033 9f 0cf000
033 a0 0cf000
033 a1 0cf000
033 a2 0cf000
033 a3 0cf000
033 a4 0cf000
033 a5 0cf000
033 a6 0cf000
033 a7 0cf000
033 a8 0cf000
033 a9 0cf000
033 aa 0cf000
033 ab 0cf000
033 ac 0cf000
033 ad 0cf000
033 ae 0cf000
033 af 0cf000
033 b0 0cf000
033 b1 0cf000
033 b2 0cf000
033 b3 0cf000
033 b4 0cf000
033 b5 0cf000
033 b6 0cf000
033 b7 0cf000
033 b8 0cf000
033 b9 0cf000
033 ba 0cf000
033 bb 0cf000
033 bc 0cf000
033 bd 0cf000
033 be 0cf000
033 bf 0cf000
033 c0 0cf000
033 c1 0cf000
033 c2 0cf000
033 c3 0cf000
033 c4 0cf000
033 c5 0cf000
033 c6 0cf000
033 c7 0cf000
033 c8 0cf000
033 c9 0cf000
033 ca 0cf000
033 cb 0cf000
033 cc 0cf000
033 cd 0cf000
033 ce 0cf000
033 cf 0cf000
033 d0 0cf000
033 d1 0cf000
033 d2 0cf000
033 d3 0cf000
033 d4 0cf000
033 d5 0cf000
033 d6 0cf000
033 d7 0cf000
033 d8 0cf000
033 d9 0cf000
033 da 0cf000
033 db 0cf000
033 dc 0cf000
033 dd 0cf000
033 de 0cf000
033 df 0cf000
033 e0 0cf000
033 e1 0cf000
033 e2 0cf000
033 e3 0cf000
033 e4 0cf000
033 e5 0cf000
033 e6 0cf000
033 e7 0cf000
033 e8 0cf000
033 e9 0cf000
033 ea 0cf000
033 eb 0cf000
033 ec 0cf000
033 ed 0cf000
033 ee 0cf000
033 ef 0cf000
033 f0 0cf000
033 f1 0cf000
033 f2 0cf000
033 f3 0cf000
033 f4 0cf000
033 f5 0cf000
033 f6 0cf000
033 f7 0cf000
033 f8 0cf000
033 f9 0cf000
033 fa 0cf000
033 fb 0cf000
033 fc 0cf000
033 fd 0cf000
033 fe 0cf000
033 ff 0cf000
031 00 0c7400
031 01 0c7400
031 02 0c1408
031 03 0c1408
031 04 0c7400
031 05 0c7400
031 06 0c1408
031 07 0c1408
031 08 0c7400
031 09 0c7400
031 0a 0c1408
031 0b 0c1408
031 0c 0c7400
031 0d 0c7400
031 0e 0c1408
031 0f 0c1408
031 10 0c7400
031 11 0c7400
031 12 0c1408
031 13 0c1408
031 14 0c7400
031 15 0c7400
031 16 0c1408
031 17 0c1408
031 18 0c7400
031 19 0c7400
031 1a 0c1408
031 1b 0c1408
031 1c 0c7400
031 1d 0c7400
031 1e 0c1408
031 1f 0c1408
031 20 0c7400
031 21 0c7400
031 22 0c1408
031 23 0c1408
031 24 0c7400
031 25 0c7400
031 26 0c1408
031 27 0c1408
031 28 0c7400
031 29 0c7400
031 2a 0c1408
031 2b 0c1408
031 2c 0c7400
031 2d 0c7400
031 2e 0c1408
031 2f 0c1408
031 30 0c7400
031 31 0c7400
031 32 0c1408
031 33 0c1408
031 34 0c7400
031 35 0c7400
031 36 0c1408
031 37 0c1408
031 38 0c7400
031 39 0c7400
031 3a 0c1408
031 3b 0c1408
031 3c 0c7400
031 3d 0c7400
031 3e 0c1408
031 3f 0c1408
031 40 0c7400
031 41 0c7400
031 42 0c1408
031 43 0c1408
031 44 0c7400
031 45 0c7400
031 46 0c1408
031 47 0c1408
031 48 0c7400
031 49 0c7400
031 4a 0c1408
031 4b 0c1408
031 4c 0c7400
031 4d 0c7400
031 4e 0c1408
031 4f 0c1408
031 50 0c7400
031 51 0c7400
031 52 0c1408
031 53 0c1408
031 54 0c7400
031 55 0c7400
031 56 0c1408
031 57 0c1408
031 58 0c7400
031 59 0c7400
031 5a 0c1408
031 5b 0c1408
031 5c 0c7400
031 5d 0c7400
031 5e 0c1408
031 5f 0c1408
031 60 0c7400
031 61 0c7400
031 62 0c1408
031 63 0c1408
031 64 0c7400
031 65 0c7400
031 66 0c1408
031 67 0c1408
031 68 0c7400
031 69 0c7400
031 6a 0c1408
031 6b 0c1408
031 6c 0c7400
031 6d 0c7400
031 6e 0c1408
031 6f 0c1408
031 70 0c7400
031 71 0c7400
031 72 0c1408
031 73 0c1408
031 74 0c7400
031 75 0c7400
031 76 0c1408
031 77 0c1408
031 78 0c7400
031 79 0c7400
031 7a 0c1408
031 7b 0c1408
031 7c 0c7400
031 7d 0c7400
031 7e 0c1408
031 7f 0c1408
031 80 0c7400
031 81 0c7400
031 82 0c1408
031 83 0c1408
031 84 0c7400
031 85 0c7400
031 86 0c1408
031 87 0c1408
031 88 0c7400
031 89 0c7400
031 8a 0c1408
031 8b 0c1408
031 8c 0c7400
031 8d 0c7400
031 8e 0c1408
031 8f 0c1408
031 90 0c7400
031 91 0c7400
031 92 0c1408
031 93 0c1408
031 94 0c7400
031 95 0c7400
031 96 0c1408
031 97 0c1408
031 98 0c7400
031 99 0c7400
031 9a 0c1408
031 9b 0c1408
031 9c 0c7400
031 9d 0c7400
031 9e 0c1408
031 9f 0c1408
031 a0 0c7400
031 a1 0c7400
031 a2 0c1408
031 a3 0c1408
031 a4 0c7400
031 a5 0c7400
031 a6 0c1408
031 a7 0c1408
031 a8 0c7400
031 a9 0c7400
031 aa 0c1408
031 ab 0c1408
031 ac 0c7400
031 ad 0c7400
031 ae 0c1408
031 af 0c1408
031 b0 0c7400
031 b1 0c7400
031 b2 0c1408
031 b3 0c1408
031 b4 0c7400
031 b5 0c7400
031 b6 0c1408
031 b7 0c1408
031 b8 0c7400
031 b9 0c7400
031 ba 0c1408
031 bb 0c1408
031 bc 0c7400
031 bd 0c7400
031 be 0c1408
031 bf 0c1408
031 c0 0c7400
031 c1 0c7400
031 c2 0c1408
031 c3 0c1408
031 c4 0c7400
031 c5 0c7400
031 c6 0c1408
031 c7 0c1408
031 c8 0c7400
031 c9 0c7400
031 ca 0c1408
031 cb 0c1408
031 cc 0c7400
031 cd 0c7400
031 ce 0c1408
031 cf 0c1408
031 d0 0c7400
031 d1 0c7400
031 d2 0c1408
031 d3 0c1408
031 d4 0c7400
031 d5 0c7400
031 d6 0c1408
031 d7 0c1408
031 d8 0c7400
031 d9 0c7400
031 da 0c1408
031 db 0c1408
031 dc 0c7400
031 dd 0c7400
031 de 0c1408
031 df 0c1408
031 e0 0c7400
031 e1 0c7400
031 e2 0c1408
031 e3 0c1408
031 e4 0c7400
031 e5 0c7400
031 e6 0c1408
031 e7 0c1408
031 e8 0c7400
031 e9 0c7400
031 ea 0c1408
031 eb 0c1408
031 ec 0c7400
031 ed 0c7400
031 ee 0c1408
031 ef 0c1408
031 f0 0c7400
031 f1 0c7400
031 f2 0c1408
031 f3 0c1408
031 f4 0c7400
031 f5 0c7400
031 f6 0c1408
031 f7 0c1408
031 f8 0c7400
031 f9 0c7400
031 fa 0c1408
031 fb 0c1408
031 fc 0c7400
031 fd 0c7400
031 fe 0c1408
031 ff 0c1408
03c 00 0f3000
03c 01 0f3000
03c 02 0f3000
03c 03 0f3000
03c 04 0f3000
03c 05 0f3000
03c 06 0f3000
03c 07 0f3000
03c 08 0f3000
03c 09 0f3000
03c 0a 0f3000
03c 0b 0f3000
03c 0c 0f3000
03c 0d 0f3000
03c 0e 0f3000
03c 0f 0f3000
03c 10 0f3000
03c 11 0f3000
03c 12 0f3000
03c 13 0f3000
03c 14 0f3000
03c 15 0f3000
03c 16 0f3000
03c 17 0f3000
03c 18 0f3000
03c 19 0f3000
03c 1a 0f3000
03c 1b 0f3000
03c 1c 0f3000
03c 1d 0f3000
03c 1e 0f3000
03c 1f 0f3000
03c 20 0f3000
03c 21 0f3000
03c 22 0f3000
03c 23 0f3000
03c 24 0f3000
03c 25 0f3000
03c 26 0f3000
03c 27 0f3000
03c 28 0f3000
03c 29 0f3000
03c 2a 0f3000
03c 2b 0f3000
03c 2c 0f3000
03c 2d 0f3000
03c 2e 0f3000
03c 2f 0f3000
03c 30 0f3000
03c 31 0f3000
03c 32 0f3000
03c 33 0f3000
03c 34 0f3000
03c 35 0f3000
03c 36 0f3000
03c 37 0f3000
03c 38 0f3000
03c 39 0f3000
03c 3a 0f3000
03c 3b 0f3000
03c 3c 0f3000
03c 3d 0f3000
03c 3e 0f3000
03c 3f 0f3000
03c 40 0f3000
03c 41 0f3000
03c 42 0f3000
03c 43 0f3000
03c 44 0f3000
03c 45 0f3000
03c 46 0f3000
03c 47 0f3000
03c 48 0f3000
03c 49 0f3000
03c 4a 0f3000
03c 4b 0f3000
03c 4c 0f3000
03c 4d 0f3000
03c 4e 0f3000
03c 4f 0f3000
03c 50 0f3000
03c 51 0f3000
03c 52 0f3000
03c 53 0f3000
03c 54 0f3000
03c 55 0f3000
03c 56 0f3000
03c 57 0f3000
03c 58 0f3000
03c 59 0f3000
03c 5a 0f3000
03c 5b 0f3000
03c 5c 0f3000
03c 5d 0f3000
03c 5e 0f3000
03c 5f 0f3000
03c 60 0f3000
03c 61 0f3000
03c 62 0f3000
03c 63 0f3000
03c 64 0f3000
03c 65 0f3000
03c 66 0f3000
03c 67 0f3000
03c 68 0f3000
03c 69 0f3000
03c 6a 0f3000
03c 6b 0f3000
03c 6c 0f3000
03c 6d 0f3000
03c 6e 0f3000
03c 6f 0f3000
03c 70 0f3000
03c 71 0f3000
03c 72 0f3000
03c 73 0f3000
03c 74 0f3000
03c 75 0f3000
03c 76 0f3000
03c 77 0f3000
03c 78 0f3000
03c 79 0f3000
03c 7a 0f3000
03c 7b 0f3000
03c 7c 0f3000
03c 7d 0f3000
03c 7e 0f3000
03c 7f 0f3000
03c 80 0f3000
03c 81 0f3000
03c 82 0f3000
03c 83 0f3000
03c 84 0f3000
03c 85 0f3000
03c 86 0f3000
03c 87 0f3000
03c 88 0f3000
03c 89 0f3000
03c 8a 0f3000
03c 8b 0f3000
03c 8c 0f3000
03c 8d 0f3000
03c 8e 0f3000
03c 8f 0f3000
03c 90 0f3000
03c 91 0f3000
03c 92 0f3000
03c 93 0f3000
03c 94 0f3000
03c 95 0f3000
03c 96 0f3000
03c 97 0f3000
03c 98 0f3000
03c 99 0f3000
03c 9a 0f3000
03c 9b 0f3000
03c 9c 0f3000
03c 9d 0f3000
03c 9e 0f3000
03c 9f 0f3000
03c a0 0f3000
03c a1 0f3000
03c a2 0f3000
03c a3 0f3000
03c a4 0f3000
03c a5 0f3000
03c a6 0f3000
03c a7 0f3000
03c a8 0f3000
03c a9 0f3000
03c aa 0f3000
03c ab 0f3000
03c ac 0f3000
03c ad 0f3000
03c ae 0f3000
03c af 0f3000
03c b0 0f3000
03c b1 0f3000
03c b2 0f3000
03c b3 0f3000
03c b4 0f3000
03c b5 0f3000
03c b6 0f3000
03c b7 0f3000
03c b8 0f3000
03c b9 0f3000
03c ba 0f3000
03c bb 0f3000
03c bc 0f3000
03c bd 0f3000
03c be 0f3000
03c bf 0f3000
03c c0 0f3000
03c c1 0f3000
03c c2 0f3000
03c c3 0f3000
03c c4 0f3000
03c c5 0f3000
03c c6 0f3000
03c c7 0f3000
03c c8 0f3000
03c c9 0f3000
03c ca 0f3000
03c cb 0f3000
03c cc 0f3000
03c cd 0f3000
03c ce 0f3000
03c cf 0f3000
03c d0 0f3000
03c d1 0f3000
03c d2 0f3000
03c d3 0f3000
03c d4 0f3000
03c d5 0f3000
03c d6 0f3000
03c d7 0f3000
03c d8 0f3000
03c d9 0f3000
03c da 0f3000
03c db 0f3000
03c dc 0f3000
03c dd 0f3000
03c de 0f3000
03c df 0f3000
03c e0 0f3000
03c e1 0f3000
03c e2 0f3000
03c e3 0f3000
03c e4 0f3000
03c e5 0f3000
03c e6 0f3000
03c e7 0f3000
03c e8 0f3000
03c e9 0f3000
03c ea 0f3000
03c eb 0f3000
03c ec 0f3000
03c ed 0f3000
03c ee 0f3000
03c ef 0f3000
03c f0 0f3000
03c f1 0f3000
03c f2 0f3000
03c f3 0f3000
03c f4 0f3000
03c f5 0f3000
03c f6 0f3000
03c f7 0f3000
03c f8 0f3000
03c f9 0f3000
03c fa 0f3000
03c fb 0f3000
03c fc 0f3000
03c fd 0f3000
03c fe 0f3000
03c ff 0f3000
03f 00 0ff000
03f 01 0ff000
03f 02 0fe008
03f 03 0fe008
03f 04 0ff000
03f 05 0ff000
03f 06 0fe008
03f 07 0fe008
03f 08 0ff000
03f 09 0ff000
03f 0a 0fe008
03f 0b 0fe008
03f 0c 0ff000
03f 0d 0ff000
03f 0e 0fe008
03f 0f 0fe008
03f 10 0ff000
03f 11 0ff000
03f 12 0fe008
03f 13 0fe008
03f 14 0ff000
03f 15 0ff000
03f 16 0fe008
03f 17 0fe008
03f 18 0ff000
03f 19 0ff000
03f 1a 0fe008
03f 1b 0fe008
03f 1c 0ff000
03f 1d 0ff000
03f 1e 0fe008
03f 1f 0fe008
03f 20 0ff000
03f 21 0ff000
03f 22 0fe008
03f 23 0fe008
03f 24 0ff000
03f 25 0ff000
03f 26 0fe008
03f 27 0fe008
03f 28 0ff000
03f 29 0ff000
03f 2a 0fe008
03f 2b 0fe008
03f 2c 0ff000
03f 2d 0ff000
03f 2e 0fe008
03f 2f 0fe008
03f 30 0ff000
03f 31 0ff000
03f 32 0fe008
03f 33 0fe008
03f 34 0ff000
03f 35 0ff000
03f 36 0fe008
03f 37 0fe008
03f 38 0ff000
03f 39 0ff000
03f 3a 0fe008
03f 3b 0fe008
03f 3c 0ff000
03f 3d 0ff000
03f 3e 0fe008
03f 3f 0fe008
03f 40 0ff000
03f 41 0ff000
03f 42 0fe008
03f 43 0fe008
03f 44 0ff000
03f 45 0ff000
03f 46 0fe008
03f 47 0fe008
03f 48 0ff000
03f 49 0ff000
03f 4a 0fe008
03f 4b 0fe008
03f 4c 0ff000
03f 4d 0ff000
03f 4e 0fe008
03f 4f 0fe008
03f 50 0ff000
03f 51 0ff000
03f 52 0fe008
03f 53 0fe008
03f 54 0ff000
03f 55 0ff000
03f 56 0fe008
03f 57 0fe008
03f 58 0ff000
03f 59 0ff000
03f 5a 0fe008
03f 5b 0fe008
03f 5c 0ff000
03f 5d 0ff000
03f 5e 0fe008
03f 5f 0fe008
03f 60 0ff000
03f 61 0ff000
03f 62 0fe008
03f 63 0fe008
03f 64 0ff000
03f 65 0ff000
03f 66 0fe008
03f 67 0fe008
03f 68 0ff000
03f 69 0ff000
03f 6a 0fe008
03f 6b 0fe008
03f 6c 0ff000
03f 6d 0ff000
03f 6e 0fe008
03f 6f 0fe008
03f 70 0ff000
03f 71 0ff000
03f 72 0fe008
03f 73 0fe008
03f 74 0ff000
03f 75 0ff000
03f 76 0fe008
03f 77 0fe008
03f 78 0ff000
03f 79 0ff000
03f 7a 0fe008
03f 7b 0fe008
03f 7c 0ff000
03f 7d 0ff000
03f 7e 0fe008
03f 7f 0fe008
03f 80 0ff000
03f 81 0ff000
03f 82 0fe008
03f 83 0fe008
03f 84 0ff000
03f 85 0ff000
03f 86 0fe008
03f 87 0fe008
03f 88 0ff000
03f 89 0ff000
03f 8a 0fe008
03f 8b 0fe008
03f 8c 0ff000
03f 8d 0ff000
03f 8e 0fe008
03f 8f 0fe008
03f 90 0ff000
03f 91 0ff000
03f 92 0fe008
03f 93 0fe008
03f 94 0ff000
03f 95 0ff000
03f 96 0fe008
03f 97 0fe008
03f 98 0ff000
03f 99 0ff000
03f 9a 0fe008
03f 9b 0fe008
03f 9c 0ff000
03f 9d 0ff000
03f 9e 0fe008
03f 9f 0fe008
03f a0 0ff000
03f a1 0ff000
03f a2 0fe008
03f a3 0fe008
03f a4 0ff000
03f a5 0ff000
03f a6 0fe008
03f a7 0fe008
03f a8 0ff000
03f a9 0ff000
03f aa 0fe008
03f ab 0fe008
03f ac 0ff000
03f ad 0ff000
03f ae 0fe008
03f af 0fe008
03f b0 0ff000
03f b1 0ff000
03f b2 0fe008
03f b3 0fe008
03f b4 0ff000
03f b5 0ff000
03f b6 0fe008
03f b7 0fe008
03f b8 0ff000
03f b9 0ff000
03f ba 0fe008
03f bb 0fe008
03f bc 0ff000
03f bd 0ff000
03f be 0fe008
03f bf 0fe008
03f c0 0ff000
03f c1 0ff000
03f c2 0fe008
03f c3 0fe008
03f c4 0ff000
03f c5 0ff000
03f c6 0fe008
03f c7 0fe008
03f c8 0ff000
03f c9 0ff000
03f ca 0fe008
03f cb 0fe008
03f cc 0ff000
03f cd 0ff000
03f ce 0fe008
03f cf 0fe008
03f d0 0ff000
03f d1 0ff000
03f d2 0fe008
03f d3 0fe008
03f d4 0ff000
03f d5 0ff000
03f d6 0fe008
03f d7 0fe008
03f d8 0ff000
03f d9 0ff000
03f da 0fe008
03f db 0fe008
03f dc 0ff000
03f dd 0ff000
03f de 0fe008
03f df 0fe008
03f e0 0ff000
03f e1 0ff000
03f e2 0fe008
03f e3 0fe008
03f e4 0ff000
03f e5 0ff000
03f e6 0fe008
03f e7 0fe008
03f e8 0ff000
03f e9 0ff000
03f ea 0fe008
03f eb 0fe008
03f ec 0ff000
03f ed 0ff000
03f ee 0fe008
03f ef 0fe008
03f f0 0ff000
03f f1 0ff000
03f f2 0fe008
03f f3 0fe008
03f f4 0ff000
03f f5 0ff000
03f f6 0fe008
03f f7 0fe008
03f f8 0ff000
03f f9 0ff000
03f fa 0fe008
03f fb 0fe008
03f fc 0ff000
03f fd 0ff000
03f fe 0fe008
03f ff 0fe008
03d 00 0f7400
03d 01 0f7400
03d 02 0fd408
03d 03 0fd408
03d 04 0f7400
03d 05 0f7400
03d 06 0fd408
03d 07 0fd408
03d 08 0f7400
03d 09 0f7400
03d 0a 0fd408
03d 0b 0fd408
03d 0c 0f7400
03d 0d 0f7400
03d 0e 0fd408
03d 0f 0fd408
03d 10 0f7400
03d 11 0f7400
03d 12 0fd408
03d 13 0fd408
03d 14 0f7400
03d 15 0f7400
03d 16 0fd408
03d 17 0fd408
03d 18 0f7400
03d 19 0f7400
03d 1a 0fd408
03d 1b 0fd408
03d 1c 0f7400
03d 1d 0f7400
03d 1e 0fd408
03d 1f 0fd408
03d 20 0f7400
03d 21 0f7400
03d 22 0fd408
03d 23 0fd408
03d 24 0f7400
03d 25 0f7400
03d 26 0fd408
03d 27 0fd408
03d 28 0f7400
03d 29 0f7400
03d 2a 0fd408
03d 2b 0fd408
03d 2c 0f7400
03d 2d 0f7400
03d 2e 0fd408
03d 2f 0fd408
03d 30 0f7400
03d 31 0f7400
03d 32 0fd408
03d 33 0fd408
03d 34 0f7400
03d 35 0f7400
03d 36 0fd408
03d 37 0fd408
03d 38 0f7400
03d 39 0f7400
03d 3a 0fd408
03d 3b 0fd408
03d 3c 0f7400
03d 3d 0f7400
03d 3e 0fd408
03d 3f 0fd408
03d 40 0f7400
03d 41 0f7400
03d 42 0fd408
03d 43 0fd408
03d 44 0f7400
03d 45 0f7400
03d 46 0fd408
03d 47 0fd408
03d 48 0f7400
03d 49 0f7400
03d 4a 0fd408
03d 4b 0fd408
03d 4c 0f7400
03d 4d 0f7400
03d 4e 0fd408
03d 4f 0fd408
03d 50 0f7400
03d 51 0f7400
03d 52 0fd408
03d 53 0fd408
03d 54 0f7400
03d 55 0f7400
03d 56 0fd408
03d 57 0fd408
03d 58 0f7400
03d 59 0f7400
03d 5a 0fd408
03d 5b 0fd408
03d 5c 0f7400
03d 5d 0f7400
03d 5e 0fd408
03d 5f 0fd408
03d 60 0f7400
03d 61 0f7400
03d 62 0fd408
03d 63 0fd408
03d 64 0f7400
03d 65 0f7400
03d 66 0fd408
03d 67 0fd408
03d 68 0f7400
03d 69 0f7400
03d 6a 0fd408
03d 6b 0fd408
03d 6c 0f7400
03d 6d 0f7400
03d 6e 0fd408
03d 6f 0fd408
03d 70 0f7400
03d 71 0f7400
03d 72 0fd408
03d 73 0fd408
03d 74 0f7400
03d 75 0f7400
03d 76 0fd408
03d 77 0fd408
03d 78 0f7400
03d 79 0f7400
03d 7a 0fd408
03d 7b 0fd408
03d 7c 0f7400
03d 7d 0f7400
03d 7e 0fd408
03d 7f 0fd408
03d 80 0f7400
03d 81 0f7400
03d 82 0fd408
03d 83 0fd408
03d 84 0f7400
03d 85 0f7400
03d 86 0fd408
03d 87 0fd408
03d 88 0f7400
03d 89 0f7400
03d 8a 0fd408
03d 8b 0fd408
03d 8c 0f7400
03d 8d 0f7400
03d 8e 0fd408
03d 8f 0fd408
03d 90 0f7400
03d 91 0f7400
03d 92 0fd408
03d 93 0fd408
03d 94 0f7400
03d 95 0f7400
03d 96 0fd408
03d 97 0fd408
03d 98 0f7400
03d 99 0f7400
03d 9a 0fd408
03d 9b 0fd408
03d 9c 0f7400
03d 9d 0f7400
03d 9e 0fd408
03d 9f 0fd408
03d a0 0f7400
03d a1 0f7400
03d a2 0fd408
03d a3 0fd408
03d a4 0f7400
03d a5 0f7400
03d a6 0fd408
03d a7 0fd408
03d a8 0f7400
03d a9 0f7400
03d aa 0fd408
03d ab 0fd408
03d ac 0f7400
03d ad 0f7400
03d ae 0fd408
03d af 0fd408
03d b0 0f7400
03d b1 0f7400
03d b2 0fd408
03d b3 0fd408
03d b4 0f7400
03d b5 0f7400
03d b6 0fd408
03d b7 0fd408
03d b8 0f7400
03d b9 0f7400
03d ba 0fd408
03d bb 0fd408
03d bc 0f7400
03d bd 0f7400
03d be 0fd408
03d bf 0fd408
03d c0 0f7400
03d c1 0f7400
03d c2 0fd408
03d c3 0fd408
03d c4 0f7400
03d c5 0f7400
03d c6 0fd408
03d c7 0fd408
03d c8 0f7400
03d c9 0f7400
03d ca 0fd408
03d cb 0fd408
03d cc 0f7400
03d cd 0f7400
03d ce 0fd408
03d cf 0fd408
03d d0 0f7400
03d d1 0f7400
03d d2 0fd408
03d d3 0fd408
03d d4 0f7400
03d d5 0f7400
03d d6 0fd408
03d d7 0fd408
03d d8 0f7400
03d d9 0f7400
03d da 0fd408
03d db 0fd408
03d dc 0f7400
03d dd 0f7400
03d de 0fd408
03d df 0fd408
03d e0 0f7400
03d e1 0f7400
03d e2 0fd408
03d e3 0fd408
03d e4 0f7400
03d e5 0f7400
03d e6 0fd408
03d e7 0fd408
03d e8 0f7400
03d e9 0f7400
03d ea 0fd408
03d eb 0fd408
03d ec 0f7400
03d ed 0f7400
03d ee 0fd408
03d ef 0fd408
03d f0 0f7400
03d f1 0f7400
03d f2 0fd408
03d f3 0fd408
03d f4 0f7400
03d f5 0f7400
03d f6 0fd408
03d f7 0fd408
03d f8 0f7400
03d f9 0f7400
03d fa 0fd408
03d fb 0fd408
03d fc 0f7400
03d fd 0f7400
03d fe 0fd408
03d ff 0fd408
034 00 0d3400
034 01 0d3400
034 02 0c1408
034 03 0c1408
034 04 0d3400
034 05 0d3400
034 06 0c1408
034 07 0c1408
034 08 0d3400
034 09 0d3400
034 0a 0c1408
034 0b 0c1408
034 0c 0d3400
034 0d 0d3400
034 0e 0c1408
034 0f 0c1408
034 10 0d3400
034 11 0d3400
034 12 0c1408
034 13 0c1408
034 14 0d3400
034 15 0d3400
034 16 0c1408
034 17 0c1408
034 18 0d3400
034 19 0d3400
034 1a 0c1408
034 1b 0c1408
034 1c 0d3400
034 1d 0d3400
034 1e 0c1408
034 1f 0c1408
034 20 0d3400
034 21 0d3400
034 22 0c1408
034 23 0c1408
034 24 0d3400
034 25 0d3400
034 26 0c1408
034 27 0c1408
034 28 0d3400
034 29 0d3400
034 2a 0c1408
034 2b 0c1408
034 2c 0d3400
034 2d 0d3400
034 2e 0c1408
034 2f 0c1408
034 30 0d3400
034 31 0d3400
034 32 0c1408
034 33 0c1408
034 34 0d3400
034 35 0d3400
034 36 0c1408
034 37 0c1408
034 38 0d3400
034 39 0d3400
034 3a 0c1408
034 3b 0c1408
034 3c 0d3400
034 3d 0d3400
034 3e 0c1408
034 3f 0c1408
034 40 0d3400
034 41 0d3400
034 42 0c1408
034 43 0c1408
034 44 0d3400
034 45 0d3400
034 46 0c1408
034 47 0c1408
034 48 0d3400
034 49 0d3400
034 4a 0c1408
034 4b 0c1408
034 4c 0d3400
034 4d 0d3400
034 4e 0c1408
034 4f 0c1408
034 50 0d3400
034 51 0d3400
034 52 0c1408
034 53 0c1408
034 54 0d3400
034 55 0d3400
034 56 0c1408
034 57 0c1408
034 58 0d3400
034 59 0d3400
034 5a 0c1408
034 5b 0c1408
034 5c 0d3400
034 5d 0d3400
034 5e 0c1408
034 5f 0c1408
034 60 0d3400
034 61 0d3400
034 62 0c1408
034 63 0c1408
034 64 0d3400
034 65 0d3400
034 66 0c1408
034 67 0c1408
034 68 0d3400
034 69 0d3400
034 6a 0c1408
034 6b 0c1408
034 6c 0d3400
034 6d 0d3400
034 6e 0c1408
034 6f 0c1408
034 70 0d3400
034 71 0d3400
034 72 0c1408
034 73 0c1408
034 74 0d3400
034 75 0d3400
034 76 0c1408
034 77 0c1408
034 78 0d3400
034 79 0d3400
034 7a 0c1408
034 7b 0c1408
034 7c 0d3400
034 7d 0d3400
034 7e 0c1408
034 7f 0c1408
034 80 0d3400
034 81 0d3400
034 82 0c1408
034 83 0c1408
034 84 0d3400
034 85 0d3400
034 86 0c1408
034 87 0c1408
034 88 0d3400
034 89 0d3400
034 8a 0c1408
034 8b 0c1408
034 8c 0d3400
034 8d 0d3400
034 8e 0c1408
034 8f 0c1408
034 90 0d3400
034 91 0d3400
034 92 0c1408
034 93 0c1408
034 94 0d3400
034 95 0d3400
034 96 0c1408
034 97 0c1408
034 98 0d3400
034 99 0d3400
034 9a 0c1408
034 9b 0c1408
034 9c 0d3400
034 9d 0d3400
034 9e 0c1408
034 9f 0c1408
034 a0 0d3400
034 a1 0d3400
034 a2 0c1408
034 a3 0c1408
034 a4 0d3400
034 a5 0d3400
034 a6 0c1408
034 a7 0c1408
034 a8 0d3400
034 a9 0d3400
034 aa 0c1408
034 ab 0c1408
034 ac 0d3400
034 ad 0d3400
034 ae 0c1408
034 af 0c1408
034 b0 0d3400
034 b1 0d3400
034 b2 0c1408
034 b3 0c1408
034 b4 0d3400
034 b5 0d3400
034 b6 0c1408
034 b7 0c1408
034 b8 0d3400
034 b9 0d3400
034 ba 0c1408
034 bb 0c1408
034 bc 0d3400
034 bd 0d3400
034 be 0c1408
034 bf 0c1408
034 c0 0d3400
034 c1 0d3400
034 c2 0c1408
034 c3 0c1408
034 c4 0d3400
034 c5 0d3400
034 c6 0c1408
034 c7 0c1408
034 c8 0d3400
034 c9 0d3400
034 ca 0c1408
034 cb 0c1408
034 cc 0d3400
034 cd 0d3400
034 ce 0c1408
034 cf 0c1408
034 d0 0d3400
034 d1 0d3400
034 d2 0c1408
034 d3 0c1408
034 d4 0d3400
034 d5 0d3400
034 d6 0c1408
034 d7 0c1408
034 d8 0d3400
034 d9 0d3400
034 da 0c1408
034 db 0c1408
034 dc 0d3400
034 dd 0d3400
034 de 0c1408
034 df 0c1408
034 e0 0d3400
034 e1 0d3400
034 e2 0c1408
034 e3 0c1408
034 e4 0d3400
034 e5 0d3400
034 e6 0c1408
034 e7 0c1408
034 e8 0d3400
034 e9 0d3400
034 ea 0c1408
034 eb 0c1408
034 ec 0d3400
034 ed 0d3400
034 ee 0c1408
034 ef 0c1408
034 f0 0d3400
034 f1 0d3400
034 f2 0c1408
034 f3 0c1408
034 f4 0d3400
034 f5 0d3400
034 f6 0c1408
034 f7 0c1408
034 f8 0d3400
034 f9 0d3400
034 fa 0c1408
034 fb 0c1408
034 fc 0d3400
034 fd 0d3400
034 fe 0c1408
034 ff 0c1408
037 00 0df400
037 01 0df400
037 02 0fd408
037 03 0fd408
037 04 0df400
037 05 0df400
037 06 0fd408
037 07 0fd408
037 08 0df400
037 09 0df400
037 0a 0fd408
037 0b 0fd408
037 0c 0df400
037 0d 0df400
037 0e 0fd408
037 0f 0fd408
037 10 0df400
037 11 0df400
037 12 0fd408
037 13 0fd408
037 14 0df400
037 15 0df400
037 16 0fd408
037 17 0fd408
037 18 0df400
037 19 0df400
037 1a 0fd408
037 1b 0fd408
037 1c 0df400
037 1d 0df400
037 1e 0fd408
037 1f 0fd408
037 20 0df400
037 21 0df400
037 22 0fd408
037 23 0fd408
037 24 0df400
037 25 0df400
037 26 0fd408
037 27 0fd408
037 28 0df400
037 29 0df400
037 2a 0fd408
037 2b 0fd408
037 2c 0df400
037 2d 0df400
037 2e 0fd408
037 2f 0fd408
037 30 0df400
037 31 0df400
037 32 0fd408
037 33 0fd408
037 34 0df400
037 35 0df400
037 36 0fd408
037 37 0fd408
037 38 0df400
037 39 0df400
037 3a 0fd408
037 3b 0fd408
037 3c 0df400
037 3d 0df400
037 3e 0fd408
037 3f 0fd408
037 40 0df400
037 41 0df400
037 42 0fd408
037 43 0fd408
037 44 0df400
037 45 0df400
037 46 0fd408
037 47 0fd408
037 48 0df400
037 49 0df400
037 4a 0fd408
037 4b 0fd408
037 4c 0df400
037 4d 0df400
037 4e 0fd408
037 4f 0fd408
037 50 0df400
037 51 0df400
037 52 0fd408
037 53 0fd408
037 54 0df400
037 55 0df400
037 56 0fd408
037 57 0fd408
037 58 0df400
037 59 0df400
037 5a 0fd408
037 5b 0fd408
037 5c 0df400
037 5d 0df400
037 5e 0fd408
037 5f 0fd408
037 60 0df400
037 61 0df400
037 62 0fd408
037 63 0fd408
037 64 0df400
037 65 0df400
037 66 0fd408
037 67 0fd408
037 68 0df400
037 69 0df400
037 6a 0fd408
037 6b 0fd408
037 6c 0df400
037 6d 0df400
037 6e 0fd408
037 6f 0fd408
037 70 0df400
037 71 0df400
037 72 0fd408
037 73 0fd408
037 74 0df400
037 75 0df400
037 76 0fd408
037 77 0fd408
037 78 0df400
037 79 0df400
037 7a 0fd408
037 7b 0fd408
037 7c 0df400
037 7d 0df400
037 7e 0fd408
037 7f 0fd408
037 80 0df400
037 81 0df400
037 82 0fd408
037 83 0fd408
037 84 0df400
037 85 0df400
037 86 0fd408
037 87 0fd408
037 88 0df400
037 89 0df400
037 8a 0fd408
037 8b 0fd408
037 8c 0df400
037 8d 0df400
037 8e 0fd408
037 8f 0fd408
037 90 0df400
037 91 0df400
037 92 0fd408
037 93 0fd408
037 94 0df400
037 95 0df400
037 96 0fd408
037 97 0fd408
037 98 0df400
037 99 0df400
037 9a 0fd408
037 9b 0fd408
037 9c 0df400
037 9d 0df400
037 9e 0fd408
037 9f 0fd408
037 a0 0df400
037 a1 0df400
037 a2 0fd408
037 a3 0fd408
037 a4 0df400
037 a5 0df400
037 a6 0fd408
037 a7 0fd408
037 a8 0df400
037 a9 0df400
037 aa 0fd408
037 ab 0fd408
037 ac 0df400
037 ad 0df400
037 ae 0fd408
037 af 0fd408
037 b0 0df400
037 b1 0df400
037 b2 0fd408
037 b3 0fd408
037 b4 0df400
037 b5 0df400
037 b6 0fd408
037 b7 0fd408
037 b8 0df400
037 b9 0df400
037 ba 0fd408
037 bb 0fd408
037 bc 0df400
037 bd 0df400
037 be 0fd408
037 bf 0fd408
037 c0 0df400
037 c1 0df400
037 c2 0fd408
037 c3 0fd408
037 c4 0df400
037 c5 0df400
037 c6 0fd408
037 c7 0fd408
037 c8 0df400
037 c9 0df400
037 ca 0fd408
037 cb 0fd408
037 cc 0df400
037 cd 0df400
037 ce 0fd408
037 cf 0fd408
037 d0 0df400
037 d1 0df400
037 d2 0fd408
037 d3 0fd408
037 d4 0df400
037 d5 0df400
037 d6 0fd408
037 d7 0fd408
037 d8 0df400
037 d9 0df400
037 da 0fd408
037 db 0fd408
037 dc 0df400
037 dd 0df400
037 de 0fd408
037 df 0fd408
037 e0 0df400
037 e1 0df400
037 e2 0fd408
037 e3 0fd408
037 e4 0df400
037 e5 0df400
037 e6 0fd408
037 e7 0fd408
037 e8 0df400
037 e9 0df400
037 ea 0fd408
037 eb 0fd408
037 ec 0df400
037 ed 0df400
037 ee 0fd408
037 ef 0fd408
037 f0 0df400
037 f1 0df400
037 f2 0fd408
037 f3 0fd408
037 f4 0df400
037 f5 0df400
037 f6 0fd408
037 f7 0fd408
037 f8 0df400
037 f9 0df400
037 fa 0fd408
037 fb 0fd408
037 fc 0df400
037 fd 0df400
037 fe 0fd408
037 ff 0fd408
035 00 0d7800
035 01 0d7800
035 02 0d4808
035 03 0d4808
035 04 0d7800
035 05 0d7800
035 06 0d4808
035 07 0d4808
035 08 0d7800
035 09 0d7800
035 0a 0d4808
035 0b 0d4808
035 0c 0d7800
035 0d 0d7800
035 0e 0d4808
035 0f 0d4808
035 10 0d7800
035 11 0d7800
035 12 0d4808
035 13 0d4808
035 14 0d7800
035 15 0d7800
035 16 0d4808
035 17 0d4808
035 18 0d7800
035 19 0d7800
035 1a 0d4808
035 1b 0d4808
035 1c 0d7800
035 1d 0d7800
035 1e 0d4808
035 1f 0d4808
035 20 0d7800
035 21 0d7800
035 22 0d4808
035 23 0d4808
035 24 0d7800
035 25 0d7800
035 26 0d4808
035 27 0d4808
035 28 0d7800
035 29 0d7800
035 2a 0d4808
035 2b 0d4808
035 2c 0d7800
035 2d 0d7800
035 2e 0d4808
035 2f 0d4808
035 30 0d7800
035 31 0d7800
035 32 0d4808
035 33 0d4808
035 34 0d7800
035 35 0d7800
035 36 0d4808
035 37 0d4808
035 38 0d7800
035 39 0d7800
035 3a 0d4808
035 3b 0d4808
035 3c 0d7800
035 3d 0d7800
035 3e 0d4808
035 3f 0d4808
035 40 0d7800
035 41 0d7800
035 42 0d4808
035 43 0d4808
035 44 0d7800
035 45 0d7800
035 46 0d4808
035 47 0d4808
035 48 0d7800
035 49 0d7800
035 4a 0d4808
035 4b 0d4808
035 4c 0d7800
035 4d 0d7800
035 4e 0d4808
035 4f 0d4808
035 50 0d7800
035 51 0d7800
035 52 0d4808
035 53 0d4808
035 54 0d7800
035 55 0d7800
035 56 0d4808
035 57 0d4808
035 58 0d7800
035 59 0d7800
035 5a 0d4808
035 5b 0d4808
035 5c 0d7800
035 5d 0d7800
035 5e 0d4808
035 5f 0d4808
035 60 0d7800
035 61 0d7800
035 62 0d4808
035 63 0d4808
035 64 0d7800
035 65 0d7800
035 66 0d4808
035 67 0d4808
035 68 0d7800
035 69 0d7800
035 6a 0d4808
035 6b 0d4808
035 6c 0d7800
035 6d 0d7800
035 6e 0d4808
035 6f 0d4808
035 70 0d7800
035 71 0d7800
035 72 0d4808
035 73 0d4808
035 74 0d7800
035 75 0d7800
035 76 0d4808
035 77 0d4808
035 78 0d7800
035 79 0d7800
035 7a 0d4808
035 7b 0d4808
035 7c 0d7800
035 7d 0d7800
035 7e 0d4808
035 7f 0d4808
035 80 0d7800
035 81 0d7800
035 82 0d4808
035 83 0d4808
035 84 0d7800
035 85 0d7800
035 86 0d4808
035 87 0d4808
035 88 0d7800
035 89 0d7800
035 8a 0d4808
035 8b 0d4808
035 8c 0d7800
035 8d 0d7800
035 8e 0d4808
035 8f 0d4808
035 90 0d7800
035 91 0d7800
035 92 0d4808
035 93 0d4808
035 94 0d7800
035 95 0d7800
035 96 0d4808
035 97 0d4808
035 98 0d7800
035 99 0d7800
035 9a 0d4808
035 9b 0d4808
035 9c 0d7800
035 9d 0d7800
035 9e 0d4808
035 9f 0d4808
035 a0 0d7800
035 a1 0d7800
035 a2 0d4808
035 a3 0d4808
035 a4 0d7800
035 a5 0d7800
035 a6 0d4808
035 a7 0d4808
035 a8 0d7800
035 a9 0d7800
035 aa 0d4808
035 ab 0d4808
035 ac 0d7800
035 ad 0d7800
035 ae 0d4808
035 af 0d4808
035 b0 0d7800
035 b1 0d7800
035 b2 0d4808
035 b3 0d4808
035 b4 0d7800
035 b5 0d7800
035 b6 0d4808
035 b7 0d4808
035 b8 0d7800
035 b9 0d7800
035 ba 0d4808
035 bb 0d4808
035 bc 0d7800
035 bd 0d7800
035 be 0d4808
035 bf 0d4808
035 c0 0d7800
035 c1 0d7800
035 c2 0d4808
035 c3 0d4808
035 c4 0d7800
035 c5 0d7800
035 c6 0d4808
035 c7 0d4808
035 c8 0d7800
035 c9 0d7800
035 ca 0d4808
035 cb 0d4808
035 cc 0d7800
035 cd 0d7800
035 ce 0d4808
035 cf 0d4808
035 d0 0d7800
035 d1 0d7800
035 d2 0d4808
035 d3 0d4808
035 d4 0d7800
035 d5 0d7800
035 d6 0d4808
035 d7 0d4808
035 d8 0d7800
035 d9 0d7800
035 da 0d4808
035 db 0d4808
035 dc 0d7800
035 dd 0d7800
035 de 0d4808
035 df 0d4808
035 e0 0d7800
035 e1 0d7800
035 e2 0d4808
035 e3 0d4808
035 e4 0d7800
035 e5 0d7800
035 e6 0d4808
035 e7 0d4808
035 e8 0d7800
035 e9 0d7800
035 ea 0d4808
035 eb 0d4808
035 ec 0d7800
035 ed 0d7800
035 ee 0d4808
035 ef 0d4808
035 f0 0d7800
035 f1 0d7800
035 f2 0d4808
035 f3 0d4808
035 f4 0d7800
035 f5 0d7800
035 f6 0d4808
035 f7 0d4808
035 f8 0d7800
035 f9 0d7800
035 fa 0d4808
035 fb 0d4808
035 fc 0d7800
035 fd 0d7800
035 fe 0d4808
035 ff 0d4808
010 00 043000
010 01 042005
010 02 042009
010 03 04200d
010 04 043000
010 05 042005
010 06 042009
010 07 04200d
010 08 043000
010 09 042005
010 0a 042009
010 0b 04200d
010 0c 043000
010 0d 042005
010 0e 042009
010 0f 04200d
010 10 043000
010 11 042005
010 12 042009
010 13 04200d
010 14 043000
010 15 042005
010 16 042009
010 17 04200d
010 18 043000
010 19 042005
010 1a 042009
010 1b 04200d
010 1c 043000
010 1d 042005
010 1e 042009
010 1f 04200d
010 20 043000
010 21 042005
010 22 042009
010 23 04200d
010 24 043000
010 25 042005
010 26 042009
010 27 04200d
010 28 043000
010 29 042005
010 2a 042009
010 2b 04200d
010 2c 043000
010 2d 042005
010 2e 042009
010 2f 04200d
010 30 043000
010 31 042005
010 32 042009
010 33 04200d
010 34 043000
010 35 042005
010 36 042009
010 37 04200d
010 38 043000
010 39 042005
010 3a 042009
010 3b 04200d
010 3c 043000
010 3d 042005
010 3e 042009
010 3f 04200d
010 40 043000
010 41 042005
010 42 042009
010 43 04200d
010 44 043000
010 45 042005
010 46 042009
010 47 04200d
010 48 043000
010 49 042005
010 4a 042009
010 4b 04200d
010 4c 043000
010 4d 042005
010 4e 042009
010 4f 04200d
010 50 043000
010 51 042005
010 52 042009
010 53 04200d
010 54 043000
010 55 042005
010 56 042009
010 57 04200d
010 58 043000
010 59 042005
010 5a 042009
010 5b 04200d
010 5c 043000
010 5d 042005
010 5e 042009
010 5f 04200d
010 60 043000
010 61 042005
010 62 042009
010 63 04200d
010 64 043000
010 65 042005
010 66 042009
010 67 04200d
010 68 043000
010 69 042005
010 6a 042009
010 6b 04200d
010 6c 043000
010 6d 042005
010 6e 042009
010 6f 04200d
010 70 043000
010 71 042005
010 72 042009
010 73 04200d
010 74 043000
010 75 042005
010 76 042009
010 77 04200d
010 78 043000
010 79 042005
010 7a 042009
010 7b 04200d
010 7c 043000
010 7d 042005
010 7e 042009
010 7f 04200d
010 80 043000
010 81 042005
010 82 042009
010 83 04200d
010 84 043000
010 85 042005
010 86 042009
010 87 04200d
010 88 043000
010 89 042005
010 8a 042009
010 8b 04200d
010 8c 043000
010 8d 042005
010 8e 042009
010 8f 04200d
010 90 043000
010 91 042005
010 92 042009
010 93 04200d
010 94 043000
010 95 042005
010 96 042009
010 97 04200d
010 98 043000
010 99 042005
010 9a 042009
010 9b 04200d
010 9c 043000
010 9d 042005
010 9e 042009
010 9f 04200d
010 a0 043000
010 a1 042005
010 a2 042009
010 a3 04200d
010 a4 043000
010 a5 042005
010 a6 042009
010 a7 04200d
010 a8 043000
010 a9 042005
010 aa 042009
010 ab 04200d
010 ac 043000
010 ad 042005
010 ae 042009
010 af 04200d
010 b0 043000
010 b1 042005
010 b2 042009
010 b3 04200d
010 b4 043000
010 b5 042005
010 b6 042009
010 b7 04200d
010 b8 043000
010 b9 042005
010 ba 042009
010 bb 04200d
010 bc 043000
010 bd 042005
010 be 042009
010 bf 04200d
010 c0 043000
010 c1 042005
010 c2 042009
010 c3 04200d
010 c4 043000
010 c5 042005
010 c6 042009
010 c7 04200d
010 c8 043000
010 c9 042005
010 ca 042009
010 cb 04200d
010 cc 043000
010 cd 042005
010 ce 042009
010 cf 04200d
010 d0 043000
010 d1 042005
010 d2 042009
010 d3 04200d
010 d4 043000
010 d5 042005
010 d6 042009
010 d7 04200d
010 d8 043000
010 d9 042005
010 da 042009
010 db 04200d
010 dc 043000
010 dd 042005
010 de 042009
010 df 04200d
010 e0 043000
010 e1 042005
010 e2 042009
010 e3 04200d
010 e4 043000
010 e5 042005
010 e6 042009
010 e7 04200d
010 e8 043000
010 e9 042005
010 ea 042009
010 eb 04200d
010 ec 043000
010 ed 042005
010 ee 042009
010 ef 04200d
010 f0 043000
010 f1 042005
010 f2 042009
010 f3 04200d
010 f4 043000
010 f5 042005
010 f6 042009
010 f7 04200d
010 f8 043000
010 f9 042005
010 fa 042009
010 fb 04200d
010 fc 043000
010 fd 042005
010 fe 042009
010 ff 04200d
013 00 04f000
013 01 04f000
013 02 04f000
013 03 04f000
013 04 04f000
013 05 04f000
013 06 04f000
013 07 04f000
013 08 04f000
013 09 04f000
013 0a 04f000
013 0b 04f000
013 0c 04f000
013 0d 04f000
013 0e 04f000
013 0f 04f000
013 10 04f000
013 11 04f000
013 12 04f000
013 13 04f000
013 14 04f000
013 15 04f000
013 16 04f000
013 17 04f000
013 18 04f000
013 19 04f000
013 1a 04f000
013 1b 04f000
013 1c 04f000
013 1d 04f000
013 1e 04f000
013 1f 04f000
013 20 04f000
013 21 04f000
013 22 04f000
013 23 04f000
013 24 04f000
013 25 04f000
013 26 04f000
013 27 04f000
013 28 04f000
013 29 04f000
013 2a 04f000
013 2b 04f000
013 2c 04f000
013 2d 04f000
013 2e 04f000
013 2f 04f000
013 30 04f000
013 31 04f000
013 32 04f000
013 33 04f000
013 34 04f000
013 35 04f000
013 36 04f000
013 37 04f000
013 38 04f000
013 39 04f000
013 3a 04f000
013 3b 04f000
013 3c 04f000
013 3d 04f000
013 3e 04f000
013 3f 04f000
013 40 04f000
013 41 04f000
013 42 04f000
013 43 04f000
013 44 04f000
013 45 04f000
013 46 04f000
013 47 04f000
013 48 04f000
013 49 04f000
013 4a 04f000
013 4b 04f000
013 4c 04f000
013 4d 04f000
013 4e 04f000
013 4f 04f000
013 50 04f000
013 51 04f000
013 52 04f000
013 53 04f000
013 54 04f000
013 55 04f000
013 56 04f000
013 57 04f000
013 58 04f000
013 59 04f000
013 5a 04f000
013 5b 04f000
013 5c 04f000
013 5d 04f000
013 5e 04f000
013 5f 04f000
013 60 04f000
013 61 04f000
013 62 04f000
013 63 04f000
013 64 04f000
013 65 04f000
013 66 04f000
013 67 04f000
013 68 04f000
013 69 04f000
013 6a 04f000
013 6b 04f000
013 6c 04f000
013 6d 04f000
013 6e 04f000
013 6f 04f000
013 70 04f000
013 71 04f000
013 72 04f000
013 73 04f000
013 74 04f000
013 75 04f000
013 76 04f000
013 77 04f000
013 78 04f000
013 79 04f000
013 7a 04f000
013 7b 04f000
013 7c 04f000
013 7d 04f000
013 7e 04f000
013 7f 04f000
013 80 04f000
013 81 04f000
013 82 04f000
013 83 04f000
013 84 04f000
013 85 04f000
013 86 04f000
013 87 04f000
013 88 04f000
013 89 04f000
013 8a 04f000
013 8b 04f000
013 8c 04f000
013 8d 04f000
013 8e 04f000
013 8f 04f000
013 90 04f000
013 91 04f000
013 92 04f000
013 93 04f000
013 94 04f000
013 95 04f000
013 96 04f000
013 97 04f000
013 98 04f000
013 99 04f000
013 9a 04f000
013 9b 04f000
013 9c 04f000
013 9d 04f000
013 9e 04f000
013 9f 04f000
013 a0 04f000
013 a1 04f000
013 a2 04f000
013 a3 04f000
013 a4 04f000
013 a5 04f000
013 a6 04f000
013 a7 04f000
013 a8 04f000
013 a9 04f000
013 aa 04f000
013 ab 04f000
013 ac 04f000
013 ad 04f000
013 ae 04f000
013 af 04f000
013 b0 04f000
013 b1 04f000
013 b2 04f000
013 b3 04f000
013 b4 04f000
013 b5 04f000
013 b6 04f000
013 b7 04f000
013 b8 04f000
013 b9 04f000
013 ba 04f000
013 bb 04f000
013 bc 04f000
013 bd 04f000
013 be 04f000
013 bf 04f000
013 c0 04f000
013 c1 04f000
013 c2 04f000
013 c3 04f000
013 c4 04f000
013 c5 04f000
013 c6 04f000
013 c7 04f000
013 c8 04f000
013 c9 04f000
013 ca 04f000
013 cb 04f000
013 cc 04f000
013 cd 04f000
013 ce 04f000
013 cf 04f000
013 d0 04f000
013 d1 04f000
013 d2 04f000
013 d3 04f000
013 d4 04f000
013 d5 04f000
013 d6 04f000
013 d7 04f000
013 d8 04f000
013 d9 04f000
013 da 04f000
013 db 04f000
013 dc 04f000
013 dd 04f000
013 de 04f000
013 df 04f000
013 e0 04f000
013 e1 04f000
013 e2 04f000
013 e3 04f000
013 e4 04f000
013 e5 04f000
013 e6 04f000
013 e7 04f000
013 e8 04f000
013 e9 04f000
013 ea 04f000
013 eb 04f000
013 ec 04f000
013 ed 04f000
013 ee 04f000
013 ef 04f000
013 f0 04f000
013 f1 04f000
013 f2 04f000
013 f3 04f000
013 f4 04f000
013 f5 04f000
013 f6 04f000
013 f7 04f000
013 f8 04f000
013 f9 04f000
013 fa 04f000
013 fb 04f000
013 fc 04f000
013 fd 04f000
013 fe 04f000
013 ff 04f000
011 00 047400
011 01 041404
011 02 041408
011 03 04140c
011 04 047400
011 05 041404
011 06 041408
011 07 04140c
011 08 047400
011 09 041404
011 0a 041408
011 0b 04140c
011 0c 047400
011 0d 041404
011 0e 041408
011 0f 04140c
011 10 047400
011 11 041404
011 12 041408
011 13 04140c
011 14 047400
011 15 041404
011 16 041408
011 17 04140c
011 18 047400
011 19 041404
011 1a 041408
011 1b 04140c
011 1c 047400
011 1d 041404
011 1e 041408
011 1f 04140c
011 20 047400
011 21 041404
011 22 041408
011 23 04140c
011 24 047400
011 25 041404
011 26 041408
011 27 04140c
011 28 047400
011 29 041404
011 2a 041408
011 2b 04140c
011 2c 047400
011 2d 041404
011 2e 041408
011 2f 04140c
011 30 047400
011 31 041404
011 32 041408
011 33 04140c
011 34 047400
011 35 041404
011 36 041408
011 37 04140c
011 38 047400
011 39 041404
011 3a 041408
011 3b 04140c
011 3c 047400
011 3d 041404
011 3e 041408
011 3f 04140c
011 40 047400
011 41 041404
011 42 041408
011 43 04140c
011 44 047400
011 45 041404
011 46 041408
011 47 04140c
011 48 047400
011 49 041404
011 4a 041408
011 4b 04140c
011 4c 047400
011 4d 041404
011 4e 041408
011 4f 04140c
011 50 047400
011 51 041404
011 52 041408
011 53 04140c
011 54 047400
011 55 041404
011 56 041408
011 57 04140c
011 58 047400
011 59 041404
011 5a 041408
011 5b 04140c
011 5c 047400
011 5d 041404
011 5e 041408
011 5f 04140c
011 60 047400
011 61 041404
011 62 041408
011 63 04140c
011 64 047400
011 65 041404
011 66 041408
011 67 04140c
011 68 047400
011 69 041404
011 6a 041408
011 6b 04140c
011 6c 047400
011 6d 041404
011 6e 041408
011 6f 04140c
011 70 047400
011 71 041404
011 72 041408
011 73 04140c
011 74 047400
011 75 041404
011 76 041408
011 77 04140c
011 78 047400
011 79 041404
011 7a 041408
011 7b 04140c
011 7c 047400
011 7d 041404
011 7e 041408
011 7f 04140c
011 80 047400
011 81 041404
011 82 041408
011 83 04140c
011 84 047400
011 85 041404
011 86 041408
011 87 04140c
011 88 047400
011 89 041404
011 8a 041408
011 8b 04140c
011 8c 047400
011 8d 041404
011 8e 041408
011 8f 04140c
011 90 047400
011 91 041404
011 92 041408
011 93 04140c
011 94 047400
011 95 041404
011 96 041408
011 97 04140c
011 98 047400
011 99 041404
011 9a 041408
011 9b 04140c
011 9c 047400
011 9d 041404
011 9e 041408
011 9f 04140c
011 a0 047400
011 a1 041404
011 a2 041408
011 a3 04140c
011 a4 047400
011 a5 041404
011 a6 041408
011 a7 04140c
011 a8 047400
011 a9 041404
011 aa 041408
011 ab 04140c
011 ac 047400
011 ad 041404
011 ae 041408
011 af 04140c
011 b0 047400
011 b1 041404
011 b2 041408
011 b3 04140c
011 b4 047400
011 b5 041404
011 b6 041408
011 b7 04140c
011 b8 047400
011 b9 041404
011 ba 041408
011 bb 04140c
011 bc 047400
011 bd 041404
011 be 041408
011 bf 04140c
011 c0 047400
011 c1 041404
011 c2 041408
011 c3 04140c
011 c4 047400
011 c5 041404
011 c6 041408
011 c7 04140c
011 c8 047400
011 c9 041404
011 ca 041408
011 cb 04140c
011 cc 047400
011 cd 041404
011 ce 041408
011 cf 04140c
011 d0 047400
011 d1 041404
011 d2 041408
011 d3 04140c
011 d4 047400
011 d5 041404
011 d6 041408
011 d7 04140c
011 d8 047400
011 d9 041404
011 da 041408
011 db 04140c
011 dc 047400
011 dd 041404
011 de 041408
011 df 04140c
011 e0 047400
011 e1 041404
011 e2 041408
011 e3 04140c
011 e4 047400
011 e5 041404
011 e6 041408
011 e7 04140c
011 e8 047400
011 e9 041404
011 ea 041408
011 eb 04140c
011 ec 047400
011 ed 041404
011 ee 041408
011 ef 04140c
011 f0 047400
011 f1 041404
011 f2 041408
011 f3 04140c
011 f4 047400
011 f5 041404
011 f6 041408
011 f7 04140c
011 f8 047400
011 f9 041404
011 fa 041408
011 fb 04140c
011 fc 047400
011 fd 041404
011 fe 041408
011 ff 04140c
01c 00 073000
01c 01 073000
01c 02 073000
01c 03 073000
01c 04 073000
01c 05 073000
01c 06 073000
01c 07 073000
01c 08 073000
01c 09 073000
01c 0a 073000
01c 0b 073000
01c 0c 073000
01c 0d 073000
01c 0e 073000
01c 0f 073000
01c 10 073000
01c 11 073000
01c 12 073000
01c 13 073000
01c 14 073000
01c 15 073000
01c 16 073000
01c 17 073000
01c 18 073000
01c 19 073000
01c 1a 073000
01c 1b 073000
01c 1c 073000
01c 1d 073000
01c 1e 073000
01c 1f 073000
01c 20 073000
01c 21 073000
01c 22 073000
01c 23 073000
01c 24 073000
01c 25 073000
01c 26 073000
01c 27 073000
01c 28 073000
01c 29 073000
01c 2a 073000
01c 2b 073000
01c 2c 073000
01c 2d 073000
01c 2e 073000
01c 2f 073000
01c 30 073000
01c 31 073000
01c 32 073000
01c 33 073000
01c 34 073000
01c 35 073000
01c 36 073000
01c 37 073000
01c 38 073000
01c 39 073000
01c 3a 073000
01c 3b 073000
01c 3c 073000
01c 3d 073000
01c 3e 073000
01c 3f 073000
01c 40 073000
01c 41 073000
01c 42 073000
01c 43 073000
01c 44 073000
01c 45 073000
01c 46 073000
01c 47 073000
01c 48 073000
01c 49 073000
01c 4a 073000
01c 4b 073000
01c 4c 073000
01c 4d 073000
01c 4e 073000
01c 4f 073000
01c 50 073000
01c 51 073000
01c 52 073000
01c 53 073000
01c 54 073000
01c 55 073000
01c 56 073000
01c 57 073000
01c 58 073000
01c 59 073000
01c 5a 073000
01c 5b 073000
01c 5c 073000
01c 5d 073000
01c 5e 073000
01c 5f 073000
01c 60 073000
01c 61 073000
01c 62 073000
01c 63 073000
01c 64 073000
01c 65 073000
01c 66 073000
01c 67 073000
01c 68 073000
01c 69 073000
01c 6a 073000
01c 6b 073000
01c 6c 073000
01c 6d 073000
01c 6e 073000
01c 6f 073000
01c 70 073000
01c 71 073000
01c 72 073000
01c 73 073000
01c 74 073000
01c 75 073000
01c 76 073000
01c 77 073000
01c 78 073000
01c 79 073000
01c 7a 073000
01c 7b 073000
01c 7c 073000
01c 7d 073000
01c 7e 073000
01c 7f 073000
01c 80 073000
01c 81 073000
01c 82 073000
01c 83 073000
01c 84 073000
01c 85 073000
01c 86 073000
01c 87 073000
01c 88 073000
01c 89 073000
01c 8a 073000
01c 8b 073000
01c 8c 073000
01c 8d 073000
01c 8e 073000
01c 8f 073000
01c 90 073000
01c 91 073000
01c 92 073000
01c 93 073000
01c 94 073000
01c 95 073000
01c 96 073000
01c 97 073000
01c 98 073000
01c 99 073000
01c 9a 073000
01c 9b 073000
01c 9c 073000
01c 9d 073000
01c 9e 073000
01c 9f 073000
01c a0 073000
01c a1 073000
01c a2 073000
01c a3 073000
01c a4 073000
01c a5 073000
01c a6 073000
01c a7 073000
01c a8 073000
01c a9 073000
01c aa 073000
01c ab 073000
01c ac 073000
01c ad 073000
01c ae 073000
01c af 073000
01c b0 073000
01c b1 073000
01c b2 073000
01c b3 073000
01c b4 073000
01c b5 073000
01c b6 073000
01c b7 073000
01c b8 073000
01c b9 073000
01c ba 073000
01c bb 073000
01c bc 073000
01c bd 073000
01c be 073000
01c bf 073000
01c c0 073000
01c c1 073000
01c c2 073000
01c c3 073000
01c c4 073000
01c c5 073000
01c c6 073000
01c c7 073000
01c c8 073000
01c c9 073000
01c ca 073000
01c cb 073000
01c cc 073000
01c cd 073000
01c ce 073000
01c cf 073000
01c d0 073000
01c d1 073000
01c d2 073000
01c d3 073000
01c d4 073000
01c d5 073000
01c d6 073000
01c d7 073000
01c d8 073000
01c d9 073000
01c da 073000
01c db 073000
01c dc 073000
01c dd 073000
01c de 073000
01c df 073000
01c e0 073000
01c e1 073000
01c e2 073000
01c e3 073000
01c e4 073000
01c e5 073000
01c e6 073000
01c e7 073000
01c e8 073000
01c e9 073000
01c ea 073000
01c eb 073000
01c ec 073000
01c ed 073000
01c ee 073000
01c ef 073000
01c f0 073000
01c f1 073000
01c f2 073000
01c f3 073000
01c f4 073000
01c f5 073000
01c f6 073000
01c f7 073000
01c f8 073000
01c f9 073000
01c fa 073000
01c fb 073000
01c fc 073000
01c fd 073000
01c fe 073000
01c ff 073000
01f 00 07f000
01f 01 07e004
01f 02 07e008
01f 03 07e00c
01f 04 07f000
01f 05 07e004
01f 06 07e008
01f 07 07e00c
01f 08 07f000
01f 09 07e004
01f 0a 07e008
01f 0b 07e00c
01f 0c 07f000
01f 0d 07e004
01f 0e 07e008
01f 0f 07e00c
01f 10 07f000
01f 11 07e004
01f 12 07e008
01f 13 07e00c
01f 14 07f000
01f 15 07e004
01f 16 07e008
01f 17 07e00c
01f 18 07f000
01f 19 07e004
01f 1a 07e008
01f 1b 07e00c
01f 1c 07f000
01f 1d 07e004
01f 1e 07e008
01f 1f 07e00c
01f 20 07f000
01f 21 07e004
01f 22 07e008
01f 23 07e00c
01f 24 07f000
01f 25 07e004
01f 26 07e008
01f 27 07e00c
01f 28 07f000
01f 29 07e004
01f 2a 07e008
01f 2b 07e00c
01f 2c 07f000
01f 2d 07e004
01f 2e 07e008
01f 2f 07e00c
01f 30 07f000
01f 31 07e004
01f 32 07e008
01f 33 07e00c
01f 34 07f000
01f 35 07e004
01f 36 07e008
01f 37 07e00c
01f 38 07f000
01f 39 07e004
01f 3a 07e008
01f 3b 07e00c
01f 3c 07f000
01f 3d 07e004
01f 3e 07e008
01f 3f 07e00c
01f 40 07f000
01f 41 07e004
01f 42 07e008
01f 43 07e00c
01f 44 07f000
01f 45 07e004
01f 46 07e008
01f 47 07e00c
01f 48 07f000
01f 49 07e004
01f 4a 07e008
01f 4b 07e00c
01f 4c 07f000
01f 4d 07e004
01f 4e 07e008
01f 4f 07e00c
01f 50 07f000
01f 51 07e004
01f 52 07e008
01f 53 07e00c
01f 54 07f000
01f 55 07e004
01f 56 07e008
01f 57 07e00c
01f 58 07f000
01f 59 07e004
01f 5a 07e008
01f 5b 07e00c
01f 5c 07f000
01f 5d 07e004
01f 5e 07e008
01f 5f 07e00c
01f 60 07f000
01f 61 07e004
01f 62 07e008
01f 63 07e00c
01f 64 07f000
01f 65 07e004
01f 66 07e008
01f 67 07e00c
01f 68 07f000
01f 69 07e004
01f 6a 07e008
01f 6b 07e00c
01f 6c 07f000
01f 6d 07e004
01f 6e 07e008
01f 6f 07e00c
01f 70 07f000
01f 71 07e004
01f 72 07e008
01f 73 07e00c
01f 74 07f000
01f 75 07e004
01f 76 07e008
01f 77 07e00c
01f 78 07f000
01f 79 07e004
01f 7a 07e008
01f 7b 07e00c
01f 7c 07f000
01f 7d 07e004
01f 7e 07e008
01f 7f 07e00c
01f 80 07f000
01f 81 07e004
01f 82 07e008
01f 83 07e00c
01f 84 07f000
01f 85 07e004
01f 86 07e008
01f 87 07e00c
01f 88 07f000
01f 89 07e004
01f 8a 07e008
01f 8b 07e00c
01f 8c 07f000
01f 8d 07e004
01f 8e 07e008
01f 8f 07e00c
01f 90 07f000
01f 91 07e004
01f 92 07e008
01f 93 07e00c
01f 94 07f000
01f 95 07e004
01f 96 07e008
01f 97 07e00c
01f 98 07f000
01f 99 07e004
01f 9a 07e008
01f 9b 07e00c
01f 9c 07f000
01f 9d 07e004
01f 9e 07e008
01f 9f 07e00c
01f a0 07f000
01f a1 07e004
01f a2 07e008
01f a3 07e00c
01f a4 07f000
01f a5 07e004
01f a6 07e008
01f a7 07e00c
01f a8 07f000
01f a9 07e004
01f aa 07e008
01f ab 07e00c
01f ac 07f000
01f ad 07e004
01f ae 07e008
01f af 07e00c
01f b0 07f000
01f b1 07e004
01f b2 07e008
01f b3 07e00c
01f b4 07f000
01f b5 07e004
01f b6 07e008
01f b7 07e00c
01f b8 07f000
01f b9 07e004
01f ba 07e008
01f bb 07e00c
01f bc 07f000
01f bd 07e004
01f be 07e008
01f bf 07e00c
01f c0 07f000
01f c1 07e004
01f c2 07e008
01f c3 07e00c
01f c4 07f000
01f c5 07e004
01f c6 07e008
01f c7 07e00c
01f c8 07f000
01f c9 07e004
01f ca 07e008
01f cb 07e00c
01f cc 07f000
01f cd 07e004
01f ce 07e008
01f cf 07e00c
01f d0 07f000
01f d1 07e004
01f d2 07e008
01f d3 07e00c
01f d4 07f000
01f d5 07e004
01f d6 07e008
01f d7 07e00c
01f d8 07f000
01f d9 07e004
01f da 07e008
01f db 07e00c
01f dc 07f000
01f dd 07e004
01f de 07e008
01f df 07e00c
01f e0 07f000
01f e1 07e004
01f e2 07e008
01f e3 07e00c
01f e4 07f000
01f e5 07e004
01f e6 07e008
01f e7 07e00c
01f e8 07f000
01f e9 07e004
01f ea 07e008
01f eb 07e00c
01f ec 07f000
01f ed 07e004
01f ee 07e008
01f ef 07e00c
01f f0 07f000
01f f1 07e004
01f f2 07e008
01f f3 07e00c
01f f4 07f000
01f f5 07e004
01f f6 07e008
01f f7 07e00c
01f f8 07f000
01f f9 07e004
01f fa 07e008
01f fb 07e00c
01f fc 07f000
01f fd 07e004
01f fe 07e008
01f ff 07e00c
01d 00 077400
01d 01 07d404
01d 02 07d408
01d 03 07d40c
01d 04 077400
01d 05 07d404
01d 06 07d408
01d 07 07d40c
01d 08 077400
01d 09 07d404
01d 0a 07d408
01d 0b 07d40c
01d 0c 077400
01d 0d 07d404
01d 0e 07d408
01d 0f 07d40c
01d 10 077400
01d 11 07d404
01d 12 07d408
01d 13 07d40c
01d 14 077400
01d 15 07d404
01d 16 07d408
01d 17 07d40c
01d 18 077400
01d 19 07d404
01d 1a 07d408
01d 1b 07d40c
01d 1c 077400
01d 1d 07d404
01d 1e 07d408
01d 1f 07d40c
01d 20 077400
01d 21 07d404
01d 22 07d408
01d 23 07d40c
01d 24 077400
01d 25 07d404
01d 26 07d408
01d 27 07d40c
01d 28 077400
01d 29 07d404
01d 2a 07d408
01d 2b 07d40c
01d 2c 077400
01d 2d 07d404
01d 2e 07d408
01d 2f 07d40c
01d 30 077400
01d 31 07d404
01d 32 07d408
01d 33 07d40c
01d 34 077400
01d 35 07d404
01d 36 07d408
01d 37 07d40c
01d 38 077400
01d 39 07d404
01d 3a 07d408
01d 3b 07d40c
01d 3c 077400
01d 3d 07d404
01d 3e 07d408
01d 3f 07d40c
01d 40 077400
01d 41 07d404
01d 42 07d408
01d 43 07d40c
01d 44 077400
01d 45 07d404
01d 46 07d408
01d 47 07d40c
01d 48 077400
01d 49 07d404
01d 4a 07d408
01d 4b 07d40c
01d 4c 077400
01d 4d 07d404
01d 4e 07d408
01d 4f 07d40c
01d 50 077400
01d 51 07d404
01d 52 07d408
01d 53 07d40c
01d 54 077400
01d 55 07d404
01d 56 07d408
01d 57 07d40c
01d 58 077400
01d 59 07d404
01d 5a 07d408
01d 5b 07d40c
01d 5c 077400
01d 5d 07d404
01d 5e 07d408
01d 5f 07d40c
01d 60 077400
01d 61 07d404
01d 62 07d408
01d 63 07d40c
01d 64 077400
01d 65 07d404
01d 66 07d408
01d 67 07d40c
01d 68 077400
01d 69 07d404
01d 6a 07d408
01d 6b 07d40c
01d 6c 077400
01d 6d 07d404
01d 6e 07d408
01d 6f 07d40c
01d 70 077400
01d 71 07d404
01d 72 07d408
01d 73 07d40c
01d 74 077400
01d 75 07d404
01d 76 07d408
01d 77 07d40c
01d 78 077400
01d 79 07d404
01d 7a 07d408
01d 7b 07d40c
01d 7c 077400
01d 7d 07d404
01d 7e 07d408
01d 7f 07d40c
01d 80 077400
01d 81 07d404
01d 82 07d408
01d 83 07d40c
01d 84 077400
01d 85 07d404
01d 86 07d408
01d 87 07d40c
01d 88 077400
01d 89 07d404
01d 8a 07d408
01d 8b 07d40c
01d 8c 077400
01d 8d 07d404
01d 8e 07d408
01d 8f 07d40c
01d 90 077400
01d 91 07d404
01d 92 07d408
01d 93 07d40c
01d 94 077400
01d 95 07d404
01d 96 07d408
01d 97 07d40c
01d 98 077400
01d 99 07d404
01d 9a 07d408
01d 9b 07d40c
01d 9c 077400
01d 9d 07d404
01d 9e 07d408
01d 9f 07d40c
01d a0 077400
01d a1 07d404
01d a2 07d408
01d a3 07d40c
01d a4 077400
01d a5 07d404
01d a6 07d408
01d a7 07d40c
01d a8 077400
01d a9 07d404
01d aa 07d408
01d ab 07d40c
01d ac 077400
01d ad 07d404
01d ae 07d408
01d af 07d40c
01d b0 077400
01d b1 07d404
01d b2 07d408
01d b3 07d40c
01d b4 077400
01d b5 07d404
01d b6 07d408
01d b7 07d40c
01d b8 077400
01d b9 07d404
01d ba 07d408
01d bb 07d40c
01d bc 077400
01d bd 07d404
01d be 07d408
01d bf 07d40c
01d c0 077400
01d c1 07d404
01d c2 07d408
01d c3 07d40c
01d c4 077400
01d c5 07d404
01d c6 07d408
01d c7 07d40c
01d c8 077400
01d c9 07d404
01d ca 07d408
01d cb 07d40c
01d cc 077400
01d cd 07d404
01d ce 07d408
01d cf 07d40c
01d d0 077400
01d d1 07d404
01d d2 07d408
01d d3 07d40c
01d d4 077400
01d d5 07d404
01d d6 07d408
01d d7 07d40c
01d d8 077400
01d d9 07d404
01d da 07d408
01d db 07d40c
01d dc 077400
01d dd 07d404
01d de 07d408
01d df 07d40c
01d e0 077400
01d e1 07d404
01d e2 07d408
01d e3 07d40c
01d e4 077400
01d e5 07d404
01d e6 07d408
01d e7 07d40c
01d e8 077400
01d e9 07d404
01d ea 07d408
01d eb 07d40c
01d ec 077400
01d ed 07d404
01d ee 07d408
01d ef 07d40c
01d f0 077400
01d f1 07d404
01d f2 07d408
01d f3 07d40c
01d f4 077400
01d f5 07d404
01d f6 07d408
01d f7 07d40c
01d f8 077400
01d f9 07d404
01d fa 07d408
01d fb 07d40c
01d fc 077400
01d fd 07d404
01d fe 07d408
01d ff 07d40c
014 00 053400
014 01 041404
014 02 041408
014 03 04140c
014 04 053400
014 05 041404
014 06 041408
014 07 04140c
014 08 053400
014 09 041404
014 0a 041408
014 0b 04140c
014 0c 053400
014 0d 041404
014 0e 041408
014 0f 04140c
014 10 053400
014 11 041404
014 12 041408
014 13 04140c
014 14 053400
014 15 041404
014 16 041408
014 17 04140c
014 18 053400
014 19 041404
014 1a 041408
014 1b 04140c
014 1c 053400
014 1d 041404
014 1e 041408
014 1f 04140c
014 20 053400
014 21 041404
014 22 041408
014 23 04140c
014 24 053400
014 25 041404
014 26 041408
014 27 04140c
014 28 053400
014 29 041404
014 2a 041408
014 2b 04140c
014 2c 053400
014 2d 041404
014 2e 041408
014 2f 04140c
014 30 053400
014 31 041404
014 32 041408
014 33 04140c
014 34 053400
014 35 041404
014 36 041408
014 37 04140c
014 38 053400
014 39 041404
014 3a 041408
014 3b 04140c
014 3c 053400
014 3d 041404
014 3e 041408
014 3f 04140c
014 40 053400
014 41 041404
014 42 041408
014 43 04140c
014 44 053400
014 45 041404
014 46 041408
014 47 04140c
014 48 053400
014 49 041404
014 4a 041408
014 4b 04140c
014 4c 053400
014 4d 041404
014 4e 041408
014 4f 04140c
014 50 053400
014 51 041404
014 52 041408
014 53 04140c
014 54 053400
014 55 041404
014 56 041408
014 57 04140c
014 58 053400
014 59 041404
014 5a 041408
014 5b 04140c
014 5c 053400
014 5d 041404
014 5e 041408
014 5f 04140c
014 60 053400
014 61 041404
014 62 041408
014 63 04140c
014 64 053400
014 65 041404
014 66 041408
014 67 04140c
014 68 053400
014 69 041404
014 6a 041408
014 6b 04140c
014 6c 053400
014 6d 041404
014 6e 041408
014 6f 04140c
014 70 053400
014 71 041404
014 72 041408
014 73 04140c
014 74 053400
014 75 041404
014 76 041408
014 77 04140c
014 78 053400
014 79 041404
014 7a 041408
014 7b 04140c
014 7c 053400
014 7d 041404
014 7e 041408
014 7f 04140c
014 80 053400
014 81 041404
014 82 041408
014 83 04140c
014 84 053400
014 85 041404
014 86 041408
014 87 04140c
014 88 053400
014 89 041404
014 8a 041408
014 8b 04140c
014 8c 053400
014 8d 041404
014 8e 041408
014 8f 04140c
014 90 053400
014 91 041404
014 92 041408
014 93 04140c
014 94 053400
014 95 041404
014 96 041408
014 97 04140c
014 98 053400
014 99 041404
014 9a 041408
014 9b 04140c
014 9c 053400
014 9d 041404
014 9e 041408
014 9f 04140c
014 a0 053400
014 a1 041404
014 a2 041408
014 a3 04140c
014 a4 053400
014 a5 041404
014 a6 041408
014 a7 04140c
014 a8 053400
014 a9 041404
014 aa 041408
014 ab 04140c
014 ac 053400
014 ad 041404
014 ae 041408
014 af 04140c
014 b0 053400
014 b1 041404
014 b2 041408
014 b3 04140c
014 b4 053400
014 b5 041404
014 b6 041408
014 b7 04140c
014 b8 053400
014 b9 041404
014 ba 041408
014 bb 04140c
014 bc 053400
014 bd 041404
014 be 041408
014 bf 04140c
014 c0 053400
014 c1 041404
014 c2 041408
014 c3 04140c
014 c4 053400
014 c5 041404
014 c6 041408
014 c7 04140c
014 c8 053400
014 c9 041404
014 ca 041408
014 cb 04140c
014 cc 053400
014 cd 041404
014 ce 041408
014 cf 04140c
014 d0 053400
014 d1 041404
014 d2 041408
014 d3 04140c
014 d4 053400
014 d5 041404
014 d6 041408
014 d7 04140c
014 d8 053400
014 d9 041404
014 da 041408
014 db 04140c
014 dc 053400
014 dd 041404
014 de 041408
014 df 04140c
014 e0 053400
014 e1 041404
014 e2 041408
014 e3 04140c
014 e4 053400
014 e5 041404
014 e6 041408
014 e7 04140c
014 e8 053400
014 e9 041404
014 ea 041408
014 eb 04140c
014 ec 053400
014 ed 041404
014 ee 041408
014 ef 04140c
014 f0 053400
014 f1 041404
014 f2 041408
014 f3 04140c
014 f4 053400
014 f5 041404
014 f6 041408
014 f7 04140c
014 f8 053400
014 f9 041404
014 fa 041408
014 fb 04140c
014 fc 053400
014 fd 041404
014 fe 041408
014 ff 04140c
017 00 05f400
017 01 07d404
017 02 07d408
017 03 07d40c
017 04 05f400
017 05 07d404
017 06 07d408
017 07 07d40c
017 08 05f400
017 09 07d404
017 0a 07d408
017 0b 07d40c
017 0c 05f400
017 0d 07d404
017 0e 07d408
017 0f 07d40c
017 10 05f400
017 11 07d404
017 12 07d408
017 13 07d40c
017 14 05f400
017 15 07d404
017 16 07d408
017 17 07d40c
017 18 05f400
017 19 07d404
017 1a 07d408
017 1b 07d40c
017 1c 05f400
017 1d 07d404
017 1e 07d408
017 1f 07d40c
017 20 05f400
017 21 07d404
017 22 07d408
017 23 07d40c
017 24 05f400
017 25 07d404
017 26 07d408
017 27 07d40c
017 28 05f400
017 29 07d404
017 2a 07d408
017 2b 07d40c
017 2c 05f400
017 2d 07d404
017 2e 07d408
017 2f 07d40c
017 30 05f400
017 31 07d404
017 32 07d408
017 33 07d40c
017 34 05f400
017 35 07d404
017 36 07d408
017 37 07d40c
017 38 05f400
017 39 07d404
017 3a 07d408
017 3b 07d40c
017 3c 05f400
017 3d 07d404
017 3e 07d408
017 3f 07d40c
017 40 05f400
017 41 07d404
017 42 07d408
017 43 07d40c
017 44 05f400
017 45 07d404
017 46 07d408
017 47 07d40c
017 48 05f400
017 49 07d404
017 4a 07d408
017 4b 07d40c
017 4c 05f400
017 4d 07d404
017 4e 07d408
017 4f 07d40c
017 50 05f400
017 51 07d404
017 52 07d408
017 53 07d40c
017 54 05f400
017 55 07d404
017 56 07d408
017 57 07d40c
017 58 05f400
017 59 07d404
017 5a 07d408
017 5b 07d40c
017 5c 05f400
017 5d 07d404
017 5e 07d408
017 5f 07d40c
017 60 05f400
017 61 07d404
017 62 07d408
017 63 07d40c
017 64 05f400
017 65 07d404
017 66 07d408
017 67 07d40c
017 68 05f400
017 69 07d404
017 6a 07d408
017 6b 07d40c
017 6c 05f400
017 6d 07d404
017 6e 07d408
017 6f 07d40c
017 70 05f400
017 71 07d404
017 72 07d408
017 73 07d40c
017 74 05f400
017 75 07d404
017 76 07d408
017 77 07d40c
017 78 05f400
017 79 07d404
017 7a 07d408
017 7b 07d40c
017 7c 05f400
017 7d 07d404
017 7e 07d408
017 7f 07d40c
017 80 05f400
017 81 07d404
017 82 07d408
017 83 07d40c
017 84 05f400
017 85 07d404
017 86 07d408
017 87 07d40c
017 88 05f400
017 89 07d404
017 8a 07d408
017 8b 07d40c
017 8c 05f400
017 8d 07d404
017 8e 07d408
017 8f 07d40c
017 90 05f400
017 91 07d404
017 92 07d408
017 93 07d40c
017 94 05f400
017 95 07d404
017 96 07d408
017 97 07d40c
017 98 05f400
017 99 07d404
017 9a 07d408
017 9b 07d40c
017 9c 05f400
017 9d 07d404
017 9e 07d408
017 9f 07d40c
017 a0 05f400
017 a1 07d404
017 a2 07d408
017 a3 07d40c
017 a4 05f400
017 a5 07d404
017 a6 07d408
017 a7 07d40c
017 a8 05f400
017 a9 07d404
017 aa 07d408
017 ab 07d40c
017 ac 05f400
017 ad 07d404
017 ae 07d408
017 af 07d40c
017 b0 05f400
017 b1 07d404
017 b2 07d408
017 b3 07d40c
017 b4 05f400
017 b5 07d404
017 b6 07d408
017 b7 07d40c
017 b8 05f400
017 b9 07d404
017 ba 07d408
017 bb 07d40c
017 bc 05f400
017 bd 07d404
017 be 07d408
017 bf 07d40c
017 c0 05f400
017 c1 07d404
017 c2 07d408
017 c3 07d40c
017 c4 05f400
017 c5 07d404
017 c6 07d408
017 c7 07d40c
017 c8 05f400
017 c9 07d404
017 ca 07d408
017 cb 07d40c
017 cc 05f400
017 cd 07d404
017 ce 07d408
017 cf 07d40c
017 d0 05f400
017 d1 07d404
017 d2 07d408
017 d3 07d40c
017 d4 05f400
017 d5 07d404
017 d6 07d408
017 d7 07d40c
017 d8 05f400
017 d9 07d404
017 da 07d408
017 db 07d40c
017 dc 05f400
017 dd 07d404
017 de 07d408
017 df 07d40c
017 e0 05f400
017 e1 07d404
017 e2 07d408
017 e3 07d40c
017 e4 05f400
017 e5 07d404
017 e6 07d408
017 e7 07d40c
017 e8 05f400
017 e9 07d404
017 ea 07d408
017 eb 07d40c
017 ec 05f400
017 ed 07d404
017 ee 07d408
017 ef 07d40c
017 f0 05f400
017 f1 07d404
017 f2 07d408
017 f3 07d40c
017 f4 05f400
017 f5 07d404
017 f6 07d408
017 f7 07d40c
017 f8 05f400
017 f9 07d404
017 fa 07d408
017 fb 07d40c
017 fc 05f400
017 fd 07d404
017 fe 07d408
017 ff 07d40c
015 00 057800
015 01 054804
015 02 054808
015 03 05480c
015 04 057800
015 05 054804
015 06 054808
015 07 05480c
015 08 057800
015 09 054804
015 0a 054808
015 0b 05480c
015 0c 057800
015 0d 054804
015 0e 054808
015 0f 05480c
015 10 057800
015 11 054804
015 12 054808
015 13 05480c
015 14 057800
015 15 054804
015 16 054808
015 17 05480c
015 18 057800
015 19 054804
015 1a 054808
015 1b 05480c
015 1c 057800
015 1d 054804
015 1e 054808
015 1f 05480c
015 20 057800
015 21 054804
015 22 054808
015 23 05480c
015 24 057800
015 25 054804
015 26 054808
015 27 05480c
015 28 057800
015 29 054804
015 2a 054808
015 2b 05480c
015 2c 057800
015 2d 054804
015 2e 054808
015 2f 05480c
015 30 057800
015 31 054804
015 32 054808
015 33 05480c
015 34 057800
015 35 054804
015 36 054808
015 37 05480c
015 38 057800
015 39 054804
015 3a 054808
015 3b 05480c
015 3c 057800
015 3d 054804
015 3e 054808
015 3f 05480c
015 40 057800
015 41 054804
015 42 054808
015 43 05480c
015 44 057800
015 45 054804
015 46 054808
015 47 05480c
015 48 057800
015 49 054804
015 4a 054808
015 4b 05480c
015 4c 057800
015 4d 054804
015 4e 054808
015 4f 05480c
015 50 057800
015 51 054804
015 52 054808
015 53 05480c
015 54 057800
015 55 054804
015 56 054808
015 57 05480c
015 58 057800
015 59 054804
015 5a 054808
015 5b 05480c
015 5c 057800
015 5d 054804
015 5e 054808
015 5f 05480c
015 60 057800
015 61 054804
015 62 054808
015 63 05480c
015 64 057800
015 65 054804
015 66 054808
015 67 05480c
015 68 057800
015 69 054804
015 6a 054808
015 6b 05480c
015 6c 057800
015 6d 054804
015 6e 054808
015 6f 05480c
015 70 057800
015 71 054804
015 72 054808
015 73 05480c
015 74 057800
015 75 054804
015 76 054808
015 77 05480c
015 78 057800
015 79 054804
015 7a 054808
015 7b 05480c
015 7c 057800
015 7d 054804
015 7e 054808
015 7f 05480c
015 80 057800
015 81 054804
015 82 054808
015 83 05480c
015 84 057800
015 85 054804
015 86 054808
015 87 05480c
015 88 057800
015 89 054804
015 8a 054808
015 8b 05480c
015 8c 057800
015 8d 054804
015 8e 054808
015 8f 05480c
015 90 057800
015 91 054804
015 92 054808
015 93 05480c
015 94 057800
015 95 054804
015 96 054808
015 97 05480c
015 98 057800
015 99 054804
015 9a 054808
015 9b 05480c
015 9c 057800
015 9d 054804
015 9e 054808
015 9f 05480c
015 a0 057800
015 a1 054804
015 a2 054808
015 a3 05480c
015 a4 057800
015 a5 054804
015 a6 054808
015 a7 05480c
015 a8 057800
015 a9 054804
015 aa 054808
015 ab 05480c
015 ac 057800
015 ad 054804
015 ae 054808
015 af 05480c
015 b0 057800
015 b1 054804
015 b2 054808
015 b3 05480c
015 b4 057800
015 b5 054804
015 b6 054808
015 b7 05480c
015 b8 057800
015 b9 054804
015 ba 054808
015 bb 05480c
015 bc 057800
015 bd 054804
015 be 054808
015 bf 05480c
015 c0 057800
015 c1 054804
015 c2 054808
015 c3 05480c
015 c4 057800
015 c5 054804
015 c6 054808
015 c7 05480c
015 c8 057800
015 c9 054804
015 ca 054808
015 cb 05480c
015 cc 057800
015 cd 054804
015 ce 054808
015 cf 05480c
015 d0 057800
015 d1 054804
015 d2 054808
015 d3 05480c
015 d4 057800
015 d5 054804
015 d6 054808
015 d7 05480c
015 d8 057800
015 d9 054804
015 da 054808
015 db 05480c
015 dc 057800
015 dd 054804
015 de 054808
015 df 05480c
015 e0 057800
015 e1 054804
015 e2 054808
015 e3 05480c
015 e4 057800
015 e5 054804
015 e6 054808
015 e7 05480c
015 e8 057800
015 e9 054804
015 ea 054808
015 eb 05480c
015 ec 057800
015 ed 054804
015 ee 054808
015 ef 05480c
015 f0 057800
015 f1 054804
015 f2 054808
015 f3 05480c
015 f4 057800
015 f5 054804
015 f6 054808
015 f7 05480c
015 f8 057800
015 f9 054804
015 fa 054808
015 fb 05480c
015 fc 057800
015 fd 054804
015 fe 054808
015 ff 05480c
0c0 00 303000
0c0 01 303000
0c0 02 303000
0c0 03 303000
0c0 04 302011
0c0 05 302011
0c0 06 302011
0c0 07 302011
0c0 08 303000
0c0 09 303000
0c0 0a 303000
0c0 0b 303000
0c0 0c 302011
0c0 0d 302011
0c0 0e 302011
0c0 0f 302011
0c0 10 303000
0c0 11 303000
0c0 12 303000
0c0 13 303000
0c0 14 302011
0c0 15 302011
0c0 16 302011
0c0 17 302011
0c0 18 303000
0c0 19 303000
0c0 1a 303000
0c0 1b 303000
0c0 1c 302011
0c0 1d 302011
0c0 1e 302011
0c0 1f 302011
0c0 20 303000
0c0 21 303000
0c0 22 303000
0c0 23 303000
0c0 24 302011
0c0 25 302011
0c0 26 302011
0c0 27 302011
0c0 28 303000
0c0 29 303000
0c0 2a 303000
0c0 2b 303000
0c0 2c 302011
0c0 2d 302011
0c0 2e 302011
0c0 2f 302011
0c0 30 303000
0c0 31 303000
0c0 32 303000
0c0 33 303000
0c0 34 302011
0c0 35 302011
0c0 36 302011
0c0 37 302011
0c0 38 303000
0c0 39 303000
0c0 3a 303000
0c0 3b 303000
0c0 3c 302011
0c0 3d 302011
0c0 3e 302011
0c0 3f 302011
0c0 40 303000
0c0 41 303000
0c0 42 303000
0c0 43 303000
0c0 44 302011
0c0 45 302011
0c0 46 302011
0c0 47 302011
0c0 48 303000
0c0 49 303000
0c0 4a 303000
0c0 4b 303000
0c0 4c 302011
0c0 4d 302011
0c0 4e 302011
0c0 4f 302011
0c0 50 303000
0c0 51 303000
0c0 52 303000
0c0 53 303000
0c0 54 302011
0c0 55 302011
0c0 56 302011
0c0 57 302011
0c0 58 303000
0c0 59 303000
0c0 5a 303000
0c0 5b 303000
0c0 5c 302011
0c0 5d 302011
0c0 5e 302011
0c0 5f 302011
0c0 60 303000
0c0 61 303000
0c0 62 303000
0c0 63 303000
0c0 64 302011
0c0 65 302011
0c0 66 302011
0c0 67 302011
0c0 68 303000
0c0 69 303000
0c0 6a 303000
0c0 6b 303000
0c0 6c 302011
0c0 6d 302011
0c0 6e 302011
0c0 6f 302011
0c0 70 303000
0c0 71 303000
0c0 72 303000
0c0 73 303000
0c0 74 302011
0c0 75 302011
0c0 76 302011
0c0 77 302011
0c0 78 303000
0c0 79 303000
0c0 7a 303000
0c0 7b 303000
0c0 7c 302011
0c0 7d 302011
0c0 7e 302011
0c0 7f 302011
0c0 80 303000
0c0 81 303000
0c0 82 303000
0c0 83 303000
0c0 84 302011
0c0 85 302011
0c0 86 302011
0c0 87 302011
0c0 88 303000
0c0 89 303000
0c0 8a 303000
0c0 8b 303000
0c0 8c 302011
0c0 8d 302011
0c0 8e 302011
0c0 8f 302011
0c0 90 303000
0c0 91 303000
0c0 92 303000
0c0 93 303000
0c0 94 302011
0c0 95 302011
0c0 96 302011
0c0 97 302011
0c0 98 303000
0c0 99 303000
0c0 9a 303000
0c0 9b 303000
0c0 9c 302011
0c0 9d 302011
0c0 9e 302011
0c0 9f 302011
0c0 a0 303000
0c0 a1 303000
0c0 a2 303000
0c0 a3 303000
0c0 a4 302011
0c0 a5 302011
0c0 a6 302011
0c0 a7 302011
0c0 a8 303000
0c0 a9 303000
0c0 aa 303000
0c0 ab 303000
0c0 ac 302011
0c0 ad 302011
0c0 ae 302011
0c0 af 302011
0c0 b0 303000
0c0 b1 303000
0c0 b2 303000
0c0 b3 303000
0c0 b4 302011
0c0 b5 302011
0c0 b6 302011
0c0 b7 302011
0c0 b8 303000
0c0 b9 303000
0c0 ba 303000
0c0 bb 303000
0c0 bc 302011
0c0 bd 302011
0c0 be 302011
0c0 bf 302011
0c0 c0 303000
0c0 c1 303000
0c0 c2 303000
0c0 c3 303000
0c0 c4 302011
0c0 c5 302011
0c0 c6 302011
0c0 c7 302011
0c0 c8 303000
0c0 c9 303000
0c0 ca 303000
0c0 cb 303000
0c0 cc 302011
0c0 cd 302011
0c0 ce 302011
0c0 cf 302011
0c0 d0 303000
0c0 d1 303000
0c0 d2 303000
0c0 d3 303000
0c0 d4 302011
0c0 d5 302011
0c0 d6 302011
0c0 d7 302011
0c0 d8 303000
0c0 d9 303000
0c0 da 303000
0c0 db 303000
0c0 dc 302011
0c0 dd 302011
0c0 de 302011
0c0 df 302011
0c0 e0 303000
0c0 e1 303000
0c0 e2 303000
0c0 e3 303000
0c0 e4 302011
0c0 e5 302011
0c0 e6 302011
0c0 e7 302011
0c0 e8 303000
0c0 e9 303000
0c0 ea 303000
0c0 eb 303000
0c0 ec 302011
0c0 ed 302011
0c0 ee 302011
0c0 ef 302011
0c0 f0 303000
0c0 f1 303000
0c0 f2 303000
0c0 f3 303000
0c0 f4 302011
0c0 f5 302011
0c0 f6 302011
0c0 f7 302011
0c0 f8 303000
0c0 f9 303000
0c0 fa 303000
0c0 fb 303000
0c0 fc 302011
0c0 fd 302011
0c0 fe 302011
0c0 ff 302011
0c3 00 30f000
0c3 01 30f000
0c3 02 30f000
0c3 03 30f000
0c3 04 30f000
0c3 05 30f000
0c3 06 30f000
0c3 07 30f000
0c3 08 30f000
0c3 09 30f000
0c3 0a 30f000
0c3 0b 30f000
0c3 0c 30f000
0c3 0d 30f000
0c3 0e 30f000
0c3 0f 30f000
0c3 10 30f000
0c3 11 30f000
0c3 12 30f000
0c3 13 30f000
0c3 14 30f000
0c3 15 30f000
0c3 16 30f000
0c3 17 30f000
0c3 18 30f000
0c3 19 30f000
0c3 1a 30f000
0c3 1b 30f000
0c3 1c 30f000
0c3 1d 30f000
0c3 1e 30f000
0c3 1f 30f000
0c3 20 30f000
0c3 21 30f000
0c3 22 30f000
0c3 23 30f000
0c3 24 30f000
0c3 25 30f000
0c3 26 30f000
0c3 27 30f000
0c3 28 30f000
0c3 29 30f000
0c3 2a 30f000
0c3 2b 30f000
0c3 2c 30f000
0c3 2d 30f000
0c3 2e 30f000
0c3 2f 30f000
0c3 30 30f000
0c3 31 30f000
0c3 32 30f000
0c3 33 30f000
0c3 34 30f000
0c3 35 30f000
0c3 36 30f000
0c3 37 30f000
0c3 38 30f000
0c3 39 30f000
0c3 3a 30f000
0c3 3b 30f000
0c3 3c 30f000
0c3 3d 30f000
0c3 3e 30f000
0c3 3f 30f000
0c3 40 30f000
0c3 41 30f000
0c3 42 30f000
0c3 43 30f000
0c3 44 30f000
0c3 45 30f000
0c3 46 30f000
0c3 47 30f000
0c3 48 30f000
0c3 49 30f000
0c3 4a 30f000
0c3 4b 30f000
0c3 4c 30f000
0c3 4d 30f000
0c3 4e 30f000
0c3 4f 30f000
0c3 50 30f000
0c3 51 30f000
0c3 52 30f000
0c3 53 30f000
0c3 54 30f000
0c3 55 30f000
0c3 56 30f000
0c3 57 30f000
0c3 58 30f000
0c3 59 30f000
0c3 5a 30f000
0c3 5b 30f000
0c3 5c 30f000
0c3 5d 30f000
0c3 5e 30f000
0c3 5f 30f000
0c3 60 30f000
0c3 61 30f000
0c3 62 30f000
0c3 63 30f000
0c3 64 30f000
0c3 65 30f000
0c3 66 30f000
0c3 67 30f000
0c3 68 30f000
0c3 69 30f000
0c3 6a 30f000
0c3 6b 30f000
0c3 6c 30f000
0c3 6d 30f000
0c3 6e 30f000
0c3 6f 30f000
0c3 70 30f000
0c3 71 30f000
0c3 72 30f000
0c3 73 30f000
0c3 74 30f000
0c3 75 30f000
0c3 76 30f000
0c3 77 30f000
0c3 78 30f000
0c3 79 30f000
0c3 7a 30f000
0c3 7b 30f000
0c3 7c 30f000
0c3 7d 30f000
0c3 7e 30f000
0c3 7f 30f000
0c3 80 30f000
0c3 81 30f000
0c3 82 30f000
0c3 83 30f000
0c3 84 30f000
0c3 85 30f000
0c3 86 30f000
0c3 87 30f000
0c3 88 30f000
0c3 89 30f000
0c3 8a 30f000
0c3 8b 30f000
0c3 8c 30f000
0c3 8d 30f000
0c3 8e 30f000
0c3 8f 30f000
0c3 90 30f000
0c3 91 30f000
0c3 92 30f000
0c3 93 30f000
0c3 94 30f000
0c3 95 30f000
0c3 96 30f000
0c3 97 30f000
0c3 98 30f000
0c3 99 30f000
0c3 9a 30f000
0c3 9b 30f000
0c3 9c 30f000
0c3 9d 30f000
0c3 9e 30f000
0c3 9f 30f000
0c3 a0 30f000
0c3 a1 30f000
0c3 a2 30f000
0c3 a3 30f000
0c3 a4 30f000
0c3 a5 30f000
0c3 a6 30f000
0c3 a7 30f000
0c3 a8 30f000
0c3 a9 30f000
0c3 aa 30f000
0c3 ab 30f000
0c3 ac 30f000
0c3 ad 30f000
0c3 ae 30f000
0c3 af 30f000
0c3 b0 30f000
0c3 b1 30f000
0c3 b2 30f000
0c3 b3 30f000
0c3 b4 30f000
0c3 b5 30f000
0c3 b6 30f000
0c3 b7 30f000
0c3 b8 30f000
0c3 b9 30f000
0c3 ba 30f000
0c3 bb 30f000
0c3 bc 30f000
0c3 bd 30f000
0c3 be 30f000
0c3 bf 30f000
0c3 c0 30f000
0c3 c1 30f000
0c3 c2 30f000
0c3 c3 30f000
0c3 c4 30f000
0c3 c5 30f000
0c3 c6 30f000
0c3 c7 30f000
0c3 c8 30f000
0c3 c9 30f000
0c3 ca 30f000
0c3 cb 30f000
0c3 cc 30f000
0c3 cd 30f000
0c3 ce 30f000
0c3 cf 30f000
0c3 d0 30f000
0c3 d1 30f000
0c3 d2 30f000
0c3 d3 30f000
0c3 d4 30f000
0c3 d5 30f000
0c3 d6 30f000
0c3 d7 30f000
0c3 d8 30f000
0c3 d9 30f000
0c3 da 30f000
0c3 db 30f000
0c3 dc 30f000
0c3 dd 30f000
0c3 de 30f000
0c3 df 30f000
0c3 e0 30f000
0c3 e1 30f000
0c3 e2 30f000
0c3 e3 30f000
0c3 e4 30f000
0c3 e5 30f000
0c3 e6 30f000
0c3 e7 30f000
0c3 e8 30f000
0c3 e9 30f000
0c3 ea 30f000
0c3 eb 30f000
0c3 ec 30f000
0c3 ed 30f000
0c3 ee 30f000
0c3 ef 30f000
0c3 f0 30f000
0c3 f1 30f000
0c3 f2 30f000
0c3 f3 30f000
0c3 f4 30f000
0c3 f5 30f000
0c3 f6 30f000
0c3 f7 30f000
0c3 f8 30f000
0c3 f9 30f000
0c3 fa 30f000
0c3 fb 30f000
0c3 fc 30f000
0c3 fd 30f000
0c3 fe 30f000
0c3 ff 30f000
0c1 00 307400
0c1 01 307400
0c1 02 307400
0c1 03 307400
0c1 04 301410
0c1 05 301410
0c1 06 301410
0c1 07 301410
0c1 08 307400
0c1 09 307400
0c1 0a 307400
0c1 0b 307400
0c1 0c 301410
0c1 0d 301410
0c1 0e 301410
0c1 0f 301410
0c1 10 307400
0c1 11 307400
0c1 12 307400
0c1 13 307400
0c1 14 301410
0c1 15 301410
0c1 16 301410
0c1 17 301410
0c1 18 307400
0c1 19 307400
0c1 1a 307400
0c1 1b 307400
0c1 1c 301410
0c1 1d 301410
0c1 1e 301410
0c1 1f 301410
0c1 20 307400
0c1 21 307400
0c1 22 307400
0c1 23 307400
0c1 24 301410
0c1 25 301410
0c1 26 301410
0c1 27 301410
0c1 28 307400
0c1 29 307400
0c1 2a 307400
0c1 2b 307400
0c1 2c 301410
0c1 2d 301410
0c1 2e 301410
0c1 2f 301410
0c1 30 307400
0c1 31 307400
0c1 32 307400
0c1 33 307400
0c1 34 301410
0c1 35 301410
0c1 36 301410
0c1 37 301410
0c1 38 307400
0c1 39 307400
0c1 3a 307400
0c1 3b 307400
0c1 3c 301410
0c1 3d 301410
0c1 3e 301410
0c1 3f 301410
0c1 40 307400
0c1 41 307400
0c1 42 307400
0c1 43 307400
0c1 44 301410
0c1 45 301410
0c1 46 301410
0c1 47 301410
0c1 48 307400
0c1 49 307400
0c1 4a 307400
0c1 4b 307400
0c1 4c 301410
0c1 4d 301410
0c1 4e 301410
0c1 4f 301410
0c1 50 307400
0c1 51 307400
0c1 52 307400
0c1 53 307400
0c1 54 301410
0c1 55 301410
0c1 56 301410
0c1 57 301410
0c1 58 307400
0c1 59 307400
0c1 5a 307400
0c1 5b 307400
0c1 5c 301410
0c1 5d 301410
0c1 5e 301410
0c1 5f 301410
0c1 60 307400
0c1 61 307400
0c1 62 307400
0c1 63 307400
0c1 64 301410
0c1 65 301410
0c1 66 301410
0c1 67 301410
0c1 68 307400
0c1 69 307400
0c1 6a 307400
0c1 6b 307400
0c1 6c 301410
0c1 6d 301410
0c1 6e 301410
0c1 6f 301410
0c1 70 307400
0c1 71 307400
0c1 72 307400
0c1 73 307400
0c1 74 301410
0c1 75 301410
0c1 76 301410
0c1 77 301410
0c1 78 307400
0c1 79 307400
0c1 7a 307400
0c1 7b 307400
0c1 7c 301410
0c1 7d 301410
0c1 7e 301410
0c1 7f 301410
0c1 80 307400
0c1 81 307400
0c1 82 307400
0c1 83 307400
0c1 84 301410
0c1 85 301410
0c1 86 301410
0c1 87 301410
0c1 88 307400
0c1 89 307400
0c1 8a 307400
0c1 8b 307400
0c1 8c 301410
0c1 8d 301410
0c1 8e 301410
0c1 8f 301410
0c1 90 307400
0c1 91 307400
0c1 92 307400
0c1 93 307400
0c1 94 301410
0c1 95 301410
0c1 96 301410
0c1 97 301410
0c1 98 307400
0c1 99 307400
0c1 9a 307400
0c1 9b 307400
0c1 9c 301410
0c1 9d 301410
0c1 9e 301410
0c1 9f 301410
0c1 a0 307400
0c1 a1 307400
0c1 a2 307400
0c1 a3 307400
0c1 a4 301410
0c1 a5 301410
0c1 a6 301410
0c1 a7 301410
0c1 a8 307400
0c1 a9 307400
0c1 aa 307400
0c1 ab 307400
0c1 ac 301410
0c1 ad 301410
0c1 ae 301410
0c1 af 301410
0c1 b0 307400
0c1 b1 307400
0c1 b2 307400
0c1 b3 307400
0c1 b4 301410
0c1 b5 301410
0c1 b6 301410
0c1 b7 301410
0c1 b8 307400
0c1 b9 307400
0c1 ba 307400
0c1 bb 307400
0c1 bc 301410
0c1 bd 301410
0c1 be 301410
0c1 bf 301410
0c1 c0 307400
0c1 c1 307400
0c1 c2 307400
0c1 c3 307400
0c1 c4 301410
0c1 c5 301410
0c1 c6 301410
0c1 c7 301410
0c1 c8 307400
0c1 c9 307400
0c1 ca 307400
0c1 cb 307400
0c1 cc 301410
0c1 cd 301410
0c1 ce 301410
0c1 cf 301410
0c1 d0 307400
0c1 d1 307400
0c1 d2 307400
0c1 d3 307400
0c1 d4 301410
0c1 d5 301410
0c1 d6 301410
0c1 d7 301410
0c1 d8 307400
0c1 d9 307400
0c1 da 307400
0c1 db 307400
0c1 dc 301410
0c1 dd 301410
0c1 de 301410
0c1 df 301410
0c1 e0 307400
0c1 e1 307400
0c1 e2 307400
0c1 e3 307400
0c1 e4 301410
0c1 e5 301410
0c1 e6 301410
0c1 e7 301410
0c1 e8 307400
0c1 e9 307400
0c1 ea 307400
0c1 eb 307400
0c1 ec 301410
0c1 ed 301410
0c1 ee 301410
0c1 ef 301410
0c1 f0 307400
0c1 f1 307400
0c1 f2 307400
0c1 f3 307400
0c1 f4 301410
0c1 f5 301410
0c1 f6 301410
0c1 f7 301410
0c1 f8 307400
0c1 f9 307400
0c1 fa 307400
0c1 fb 307400
0c1 fc 301410
0c1 fd 301410
0c1 fe 301410
0c1 ff 301410
0cc 00 333000
0cc 01 333000
0cc 02 333000
0cc 03 333000
0cc 04 333000
0cc 05 333000
0cc 06 333000
0cc 07 333000
0cc 08 333000
0cc 09 333000
0cc 0a 333000
0cc 0b 333000
0cc 0c 333000
0cc 0d 333000
0cc 0e 333000
0cc 0f 333000
0cc 10 333000
0cc 11 333000
0cc 12 333000
0cc 13 333000
0cc 14 333000
0cc 15 333000
0cc 16 333000
0cc 17 333000
0cc 18 333000
0cc 19 333000
0cc 1a 333000
0cc 1b 333000
0cc 1c 333000
0cc 1d 333000
0cc 1e 333000
0cc 1f 333000
0cc 20 333000
0cc 21 333000
0cc 22 333000
0cc 23 333000
0cc 24 333000
0cc 25 333000
0cc 26 333000
0cc 27 333000
0cc 28 333000
0cc 29 333000
0cc 2a 333000
0cc 2b 333000
0cc 2c 333000
0cc 2d 333000
0cc 2e 333000
0cc 2f 333000
0cc 30 333000
0cc 31 333000
0cc 32 333000
0cc 33 333000
0cc 34 333000
0cc 35 333000
0cc 36 333000
0cc 37 333000
0cc 38 333000
0cc 39 333000
0cc 3a 333000
0cc 3b 333000
0cc 3c 333000
0cc 3d 333000
0cc 3e 333000
0cc 3f 333000
0cc 40 333000
0cc 41 333000
0cc 42 333000
0cc 43 333000
0cc 44 333000
0cc 45 333000
0cc 46 333000
0cc 47 333000
0cc 48 333000
0cc 49 333000
0cc 4a 333000
0cc 4b 333000
0cc 4c 333000
0cc 4d 333000
0cc 4e 333000
0cc 4f 333000
0cc 50 333000
0cc 51 333000
0cc 52 333000
0cc 53 333000
0cc 54 333000
0cc 55 333000
0cc 56 333000
0cc 57 333000
0cc 58 333000
0cc 59 333000
0cc 5a 333000
0cc 5b 333000
0cc 5c 333000
0cc 5d 333000
0cc 5e 333000
0cc 5f 333000
0cc 60 333000
0cc 61 333000
0cc 62 333000
0cc 63 333000
0cc 64 333000
0cc 65 333000
0cc 66 333000
0cc 67 333000
0cc 68 333000
0cc 69 333000
0cc 6a 333000
0cc 6b 333000
0cc 6c 333000
0cc 6d 333000
0cc 6e 333000
0cc 6f 333000
0cc 70 333000
0cc 71 333000
0cc 72 333000
0cc 73 333000
0cc 74 333000
0cc 75 333000
0cc 76 333000
0cc 77 333000
0cc 78 333000
0cc 79 333000
0cc 7a 333000
0cc 7b 333000
0cc 7c 333000
0cc 7d 333000
0cc 7e 333000
0cc 7f 333000
0cc 80 333000
0cc 81 333000
0cc 82 333000
0cc 83 333000
0cc 84 333000
0cc 85 333000
0cc 86 333000
0cc 87 333000
0cc 88 333000
0cc 89 333000
0cc 8a 333000
0cc 8b 333000
0cc 8c 333000
0cc 8d 333000
0cc 8e 333000
0cc 8f 333000
0cc 90 333000
0cc 91 333000
0cc 92 333000
0cc 93 333000
0cc 94 333000
0cc 95 333000
0cc 96 333000
0cc 97 333000
0cc 98 333000
0cc 99 333000
0cc 9a 333000
0cc 9b 333000
0cc 9c 333000
0cc 9d 333000
0cc 9e 333000
0cc 9f 333000
0cc a0 333000
0cc a1 333000
0cc a2 333000
0cc a3 333000
0cc a4 333000
0cc a5 333000
0cc a6 333000
0cc a7 333000
0cc a8 333000
0cc a9 333000
0cc aa 333000
0cc ab 333000
0cc ac 333000
0cc ad 333000
0cc ae 333000
0cc af 333000
0cc b0 333000
0cc b1 333000
0cc b2 333000
0cc b3 333000
0cc b4 333000
0cc b5 333000
0cc b6 333000
0cc b7 333000
0cc b8 333000
0cc b9 333000
0cc ba 333000
0cc bb 333000
0cc bc 333000
0cc bd 333000
0cc be 333000
0cc bf 333000
0cc c0 333000
0cc c1 333000
0cc c2 333000
0cc c3 333000
0cc c4 333000
0cc c5 333000
0cc c6 333000
0cc c7 333000
0cc c8 333000
0cc c9 333000
0cc ca 333000
0cc cb 333000
0cc cc 333000
0cc cd 333000
0cc ce 333000
0cc cf 333000
0cc d0 333000
0cc d1 333000
0cc d2 333000
0cc d3 333000
0cc d4 333000
0cc d5 333000
0cc d6 333000
0cc d7 333000
0cc d8 333000
0cc d9 333000
0cc da 333000
0cc db 333000
0cc dc 333000
0cc dd 333000
0cc de 333000
0cc df 333000
0cc e0 333000
0cc e1 333000
0cc e2 333000
0cc e3 333000
0cc e4 333000
0cc e5 333000
0cc e6 333000
0cc e7 333000
0cc e8 333000
0cc e9 333000
0cc ea 333000
0cc eb 333000
0cc ec 333000
0cc ed 333000
0cc ee 333000
0cc ef 333000
0cc f0 333000
0cc f1 333000
0cc f2 333000
0cc f3 333000
0cc f4 333000
0cc f5 333000
0cc f6 333000
0cc f7 333000
0cc f8 333000
0cc f9 333000
0cc fa 333000
0cc fb 333000
0cc fc 333000
0cc fd 333000
0cc fe 333000
0cc ff 333000
0cf 00 33f000
0cf 01 33f000
0cf 02 33f000
0cf 03 33f000
0cf 04 33e010
0cf 05 33e010
0cf 06 33e010
0cf 07 33e010
0cf 08 33f000
0cf 09 33f000
0cf 0a 33f000
0cf 0b 33f000
0cf 0c 33e010
0cf 0d 33e010
0cf 0e 33e010
0cf 0f 33e010
0cf 10 33f000
0cf 11 33f000
0cf 12 33f000
0cf 13 33f000
0cf 14 33e010
0cf 15 33e010
0cf 16 33e010
0cf 17 33e010
0cf 18 33f000
0cf 19 33f000
0cf 1a 33f000
0cf 1b 33f000
0cf 1c 33e010
0cf 1d 33e010
0cf 1e 33e010
0cf 1f 33e010
0cf 20 33f000
0cf 21 33f000
0cf 22 33f000
0cf 23 33f000
0cf 24 33e010
0cf 25 33e010
0cf 26 33e010
0cf 27 33e010
0cf 28 33f000
0cf 29 33f000
0cf 2a 33f000
0cf 2b 33f000
0cf 2c 33e010
0cf 2d 33e010
0cf 2e 33e010
0cf 2f 33e010
0cf 30 33f000
0cf 31 33f000
0cf 32 33f000
0cf 33 33f000
0cf 34 33e010
0cf 35 33e010
0cf 36 33e010
0cf 37 33e010
0cf 38 33f000
0cf 39 33f000
0cf 3a 33f000
0cf 3b 33f000
0cf 3c 33e010
0cf 3d 33e010
0cf 3e 33e010
0cf 3f 33e010
0cf 40 33f000
0cf 41 33f000
0cf 42 33f000
0cf 43 33f000
0cf 44 33e010
0cf 45 33e010
0cf 46 33e010
0cf 47 33e010
0cf 48 33f000
0cf 49 33f000
0cf 4a 33f000
0cf 4b 33f000
0cf 4c 33e010
0cf 4d 33e010
0cf 4e 33e010
0cf 4f 33e010
0cf 50 33f000
0cf 51 33f000
0cf 52 33f000
0cf 53 33f000
0cf 54 33e010
0cf 55 33e010
0cf 56 33e010
0cf 57 33e010
0cf 58 33f000
0cf 59 33f000
0cf 5a 33f000
0cf 5b 33f000
0cf 5c 33e010
0cf 5d 33e010
0cf 5e 33e010
0cf 5f 33e010
0cf 60 33f000
0cf 61 33f000
0cf 62 33f000
0cf 63 33f000
0cf 64 33e010
0cf 65 33e010
0cf 66 33e010
0cf 67 33e010
0cf 68 33f000
0cf 69 33f000
0cf 6a 33f000
0cf 6b 33f000
0cf 6c 33e010
0cf 6d 33e010
0cf 6e 33e010
0cf 6f 33e010
0cf 70 33f000
0cf 71 33f000
0cf 72 33f000
0cf 73 33f000
0cf 74 33e010
0cf 75 33e010
0cf 76 33e010
0cf 77 33e010
0cf 78 33f000
0cf 79 33f000
0cf 7a 33f000
0cf 7b 33f000
0cf 7c 33e010
0cf 7d 33e010
0cf 7e 33e010
0cf 7f 33e010
0cf 80 33f000
0cf 81 33f000
0cf 82 33f000
0cf 83 33f000
0cf 84 33e010
0cf 85 33e010
0cf 86 33e010
0cf 87 33e010
0cf 88 33f000
0cf 89 33f000
0cf 8a 33f000
0cf 8b 33f000
0cf 8c 33e010
0cf 8d 33e010
0cf 8e 33e010
0cf 8f 33e010
0cf 90 33f000
0cf 91 33f000
0cf 92 33f000
0cf 93 33f000
0cf 94 33e010
0cf 95 33e010
0cf 96 33e010
0cf 97 33e010
0cf 98 33f000
0cf 99 33f000
0cf 9a 33f000
0cf 9b 33f000
0cf 9c 33e010
0cf 9d 33e010
0cf 9e 33e010
0cf 9f 33e010
0cf a0 33f000
0cf a1 33f000
0cf a2 33f000
0cf a3 33f000
0cf a4 33e010
0cf a5 33e010
0cf a6 33e010
0cf a7 33e010
0cf a8 33f000
0cf a9 33f000
0cf aa 33f000
0cf ab 33f000
0cf ac 33e010
0cf ad 33e010
0cf ae 33e010
0cf af 33e010
0cf b0 33f000
0cf b1 33f000
0cf b2 33f000
0cf b3 33f000
0cf b4 33e010
0cf b5 33e010
0cf b6 33e010
0cf b7 33e010
0cf b8 33f000
0cf b9 33f000
0cf ba 33f000
0cf bb 33f000
0cf bc 33e010
0cf bd 33e010
0cf be 33e010
0cf bf 33e010
0cf c0 33f000
0cf c1 33f000
0cf c2 33f000
0cf c3 33f000
0cf c4 33e010
0cf c5 33e010
0cf c6 33e010
0cf c7 33e010
0cf c8 33f000
0cf c9 33f000
0cf ca 33f000
0cf cb 33f000
0cf cc 33e010
0cf cd 33e010
0cf ce 33e010
0cf cf 33e010
0cf d0 33f000
0cf d1 33f000
0cf d2 33f000
0cf d3 33f000
0cf d4 33e010
0cf d5 33e010
0cf d6 33e010
0cf d7 33e010
0cf d8 33f000
0cf d9 33f000
0cf da 33f000
0cf db 33f000
0cf dc 33e010
0cf dd 33e010
0cf de 33e010
0cf df 33e010
0cf e0 33f000
0cf e1 33f000
0cf e2 33f000
0cf e3 33f000
0cf e4 33e010
0cf e5 33e010
0cf e6 33e010
0cf e7 33e010
0cf e8 33f000
0cf e9 33f000
0cf ea 33f000
0cf eb 33f000
0cf ec 33e010
0cf ed 33e010
0cf ee 33e010
0cf ef 33e010
0cf f0 33f000
0cf f1 33f000
0cf f2 33f000
0cf f3 33f000
0cf f4 33e010
0cf f5 33e010
0cf f6 33e010
0cf f7 33e010
0cf f8 33f000
0cf f9 33f000
0cf fa 33f000
0cf fb 33f000
0cf fc 33e010
0cf fd 33e010
0cf fe 33e010
0cf ff 33e010
0cd 00 337400
0cd 01 337400
0cd 02 337400
0cd 03 337400
0cd 04 33d410
0cd 05 33d410
0cd 06 33d410
0cd 07 33d410
0cd 08 337400
0cd 09 337400
0cd 0a 337400
0cd 0b 337400
0cd 0c 33d410
0cd 0d 33d410
0cd 0e 33d410
0cd 0f 33d410
0cd 10 337400
0cd 11 337400
0cd 12 337400
0cd 13 337400
0cd 14 33d410
0cd 15 33d410
0cd 16 33d410
0cd 17 33d410
0cd 18 337400
0cd 19 337400
0cd 1a 337400
0cd 1b 337400
0cd 1c 33d410
0cd 1d 33d410
0cd 1e 33d410
0cd 1f 33d410
0cd 20 337400
0cd 21 337400
0cd 22 337400
0cd 23 337400
0cd 24 33d410
0cd 25 33d410
0cd 26 33d410
0cd 27 33d410
0cd 28 337400
0cd 29 337400
0cd 2a 337400
0cd 2b 337400
0cd 2c 33d410
0cd 2d 33d410
0cd 2e 33d410
0cd 2f 33d410
0cd 30 337400
0cd 31 337400
0cd 32 337400
0cd 33 337400
0cd 34 33d410
0cd 35 33d410
0cd 36 33d410
0cd 37 33d410
0cd 38 337400
0cd 39 337400
0cd 3a 337400
0cd 3b 337400
0cd 3c 33d410
0cd 3d 33d410
0cd 3e 33d410
0cd 3f 33d410
0cd 40 337400
0cd 41 337400
0cd 42 337400
0cd 43 337400
0cd 44 33d410
0cd 45 33d410
0cd 46 33d410
0cd 47 33d410
0cd 48 337400
0cd 49 337400
0cd 4a 337400
0cd 4b 337400
0cd 4c 33d410
0cd 4d 33d410
0cd 4e 33d410
0cd 4f 33d410
0cd 50 337400
0cd 51 337400
0cd 52 337400
0cd 53 337400
0cd 54 33d410
0cd 55 33d410
0cd 56 33d410
0cd 57 33d410
0cd 58 337400
0cd 59 337400
0cd 5a 337400
0cd 5b 337400
0cd 5c 33d410
0cd 5d 33d410
0cd 5e 33d410
0cd 5f 33d410
0cd 60 337400
0cd 61 337400
0cd 62 337400
0cd 63 337400
0cd 64 33d410
0cd 65 33d410
0cd 66 33d410
0cd 67 33d410
0cd 68 337400
0cd 69 337400
0cd 6a 337400
0cd 6b 337400
0cd 6c 33d410
0cd 6d 33d410
0cd 6e 33d410
0cd 6f 33d410
0cd 70 337400
0cd 71 337400
0cd 72 337400
0cd 73 337400
0cd 74 33d410
0cd 75 33d410
0cd 76 33d410
0cd 77 33d410
0cd 78 337400
0cd 79 337400
0cd 7a 337400
0cd 7b 337400
0cd 7c 33d410
0cd 7d 33d410
0cd 7e 33d410
0cd 7f 33d410
0cd 80 337400
0cd 81 337400
0cd 82 337400
0cd 83 337400
0cd 84 33d410
0cd 85 33d410
0cd 86 33d410
0cd 87 33d410
0cd 88 337400
0cd 89 337400
0cd 8a 337400
0cd 8b 337400
0cd 8c 33d410
0cd 8d 33d410
0cd 8e 33d410
0cd 8f 33d410
0cd 90 337400
0cd 91 337400
0cd 92 337400
0cd 93 337400
0cd 94 33d410
0cd 95 33d410
0cd 96 33d410
0cd 97 33d410
0cd 98 337400
0cd 99 337400
0cd 9a 337400
0cd 9b 337400
0cd 9c 33d410
0cd 9d 33d410
0cd 9e 33d410
0cd 9f 33d410
0cd a0 337400
0cd a1 337400
0cd a2 337400
0cd a3 337400
0cd a4 33d410
0cd a5 33d410
0cd a6 33d410
0cd a7 33d410
0cd a8 337400
0cd a9 337400
0cd aa 337400
0cd ab 337400
0cd ac 33d410
0cd ad 33d410
0cd ae 33d410
0cd af 33d410
0cd b0 337400
0cd b1 337400
0cd b2 337400
0cd b3 337400
0cd b4 33d410
0cd b5 33d410
0cd b6 33d410
0cd b7 33d410
0cd b8 337400
0cd b9 337400
0cd ba 337400
0cd bb 337400
0cd bc 33d410
0cd bd 33d410
0cd be 33d410
0cd bf 33d410
0cd c0 337400
0cd c1 337400
0cd c2 337400
0cd c3 337400
0cd c4 33d410
0cd c5 33d410
0cd c6 33d410
0cd c7 33d410
0cd c8 337400
0cd c9 337400
0cd ca 337400
0cd cb 337400
0cd cc 33d410
0cd cd 33d410
0cd ce 33d410
0cd cf 33d410
0cd d0 337400
0cd d1 337400
0cd d2 337400
0cd d3 337400
0cd d4 33d410
0cd d5 33d410
0cd d6 33d410
0cd d7 33d410
0cd d8 337400
0cd d9 337400
0cd da 337400
0cd db 337400
0cd dc 33d410
0cd dd 33d410
0cd de 33d410
0cd df 33d410
0cd e0 337400
0cd e1 337400
0cd e2 337400
0cd e3 337400
0cd e4 33d410
0cd e5 33d410
0cd e6 33d410
0cd e7 33d410
0cd e8 337400
0cd e9 337400
0cd ea 337400
0cd eb 337400
0cd ec 33d410
0cd ed 33d410
0cd ee 33d410
0cd ef 33d410
0cd f0 337400
0cd f1 337400
0cd f2 337400
0cd f3 337400
0cd f4 33d410
0cd f5 33d410
0cd f6 33d410
0cd f7 33d410
0cd f8 337400
0cd f9 337400
0cd fa 337400
0cd fb 337400
0cd fc 33d410
0cd fd 33d410
0cd fe 33d410
0cd ff 33d410
0c4 00 313400
0c4 01 313400
0c4 02 313400
0c4 03 313400
0c4 04 301410
0c4 05 301410
0c4 06 301410
0c4 07 301410
0c4 08 313400
0c4 09 313400
0c4 0a 313400
0c4 0b 313400
0c4 0c 301410
0c4 0d 301410
0c4 0e 301410
0c4 0f 301410
0c4 10 313400
0c4 11 313400
0c4 12 313400
0c4 13 313400
0c4 14 301410
0c4 15 301410
0c4 16 301410
0c4 17 301410
0c4 18 313400
0c4 19 313400
0c4 1a 313400
0c4 1b 313400
0c4 1c 301410
0c4 1d 301410
0c4 1e 301410
0c4 1f 301410
0c4 20 313400
0c4 21 313400
0c4 22 313400
0c4 23 313400
0c4 24 301410
0c4 25 301410
0c4 26 301410
0c4 27 301410
0c4 28 313400
0c4 29 313400
0c4 2a 313400
0c4 2b 313400
0c4 2c 301410
0c4 2d 301410
0c4 2e 301410
0c4 2f 301410
0c4 30 313400
0c4 31 313400
0c4 32 313400
0c4 33 313400
0c4 34 301410
0c4 35 301410
0c4 36 301410
0c4 37 301410
0c4 38 313400
0c4 39 313400
0c4 3a 313400
0c4 3b 313400
0c4 3c 301410
0c4 3d 301410
0c4 3e 301410
0c4 3f 301410
0c4 40 313400
0c4 41 313400
0c4 42 313400
0c4 43 313400
0c4 44 301410
0c4 45 301410
0c4 46 301410
0c4 47 301410
0c4 48 313400
0c4 49 313400
0c4 4a 313400
0c4 4b 313400
0c4 4c 301410
0c4 4d 301410
0c4 4e 301410
0c4 4f 301410
0c4 50 313400
0c4 51 313400
0c4 52 313400
0c4 53 313400
0c4 54 301410
0c4 55 301410
0c4 56 301410
0c4 57 301410
0c4 58 313400
0c4 59 313400
0c4 5a 313400
0c4 5b 313400
0c4 5c 301410
0c4 5d 301410
0c4 5e 301410
0c4 5f 301410
0c4 60 313400
0c4 61 313400
0c4 62 313400
0c4 63 313400
0c4 64 301410
0c4 65 301410
0c4 66 301410
0c4 67 301410
0c4 68 313400
0c4 69 313400
0c4 6a 313400
0c4 6b 313400
0c4 6c 301410
0c4 6d 301410
0c4 6e 301410
0c4 6f 301410
0c4 70 313400
0c4 71 313400
0c4 72 313400
0c4 73 313400
0c4 74 301410
0c4 75 301410
0c4 76 301410
0c4 77 301410
0c4 78 313400
0c4 79 313400
0c4 7a 313400
0c4 7b 313400
0c4 7c 301410
0c4 7d 301410
0c4 7e 301410
0c4 7f 301410
0c4 80 313400
0c4 81 313400
0c4 82 313400
0c4 83 313400
0c4 84 301410
0c4 85 301410
0c4 86 301410
0c4 87 301410
0c4 88 313400
0c4 89 313400
0c4 8a 313400
0c4 8b 313400
0c4 8c 301410
0c4 8d 301410
0c4 8e 301410
0c4 8f 301410
0c4 90 313400
0c4 91 313400
0c4 92 313400
0c4 93 313400
0c4 94 301410
0c4 95 301410
0c4 96 301410
0c4 97 301410
0c4 98 313400
0c4 99 313400
0c4 9a 313400
0c4 9b 313400
0c4 9c 301410
0c4 9d 301410
0c4 9e 301410
0c4 9f 301410
0c4 a0 313400
0c4 a1 313400
0c4 a2 313400
0c4 a3 313400
0c4 a4 301410
0c4 a5 301410
0c4 a6 301410
0c4 a7 301410
0c4 a8 313400
0c4 a9 313400
0c4 aa 313400
0c4 ab 313400
0c4 ac 301410
0c4 ad 301410
0c4 ae 301410
0c4 af 301410
0c4 b0 313400
0c4 b1 313400
0c4 b2 313400
0c4 b3 313400
0c4 b4 301410
0c4 b5 301410
0c4 b6 301410
0c4 b7 301410
0c4 b8 313400
0c4 b9 313400
0c4 ba 313400
0c4 bb 313400
0c4 bc 301410
0c4 bd 301410
0c4 be 301410
0c4 bf 301410
0c4 c0 313400
0c4 c1 313400
0c4 c2 313400
0c4 c3 313400
0c4 c4 301410
0c4 c5 301410
0c4 c6 301410
0c4 c7 301410
0c4 c8 313400
0c4 c9 313400
0c4 ca 313400
0c4 cb 313400
0c4 cc 301410
0c4 cd 301410
0c4 ce 301410
0c4 cf 301410
0c4 d0 313400
0c4 d1 313400
0c4 d2 313400
0c4 d3 313400
0c4 d4 301410
0c4 d5 301410
0c4 d6 301410
0c4 d7 301410
0c4 d8 313400
0c4 d9 313400
0c4 da 313400
0c4 db 313400
0c4 dc 301410
0c4 dd 301410
0c4 de 301410
0c4 df 301410
0c4 e0 313400
0c4 e1 313400
0c4 e2 313400
0c4 e3 313400
0c4 e4 301410
0c4 e5 301410
0c4 e6 301410
0c4 e7 301410
0c4 e8 313400
0c4 e9 313400
0c4 ea 313400
0c4 eb 313400
0c4 ec 301410
0c4 ed 301410
0c4 ee 301410
0c4 ef 301410
0c4 f0 313400
0c4 f1 313400
0c4 f2 313400
0c4 f3 313400
0c4 f4 301410
0c4 f5 301410
0c4 f6 301410
0c4 f7 301410
0c4 f8 313400
0c4 f9 313400
0c4 fa 313400
0c4 fb 313400
0c4 fc 301410
0c4 fd 301410
0c4 fe 301410
0c4 ff 301410
0c7 00 31f400
0c7 01 31f400
0c7 02 31f400
0c7 03 31f400
0c7 04 33d410
0c7 05 33d410
0c7 06 33d410
0c7 07 33d410
0c7 08 31f400
0c7 09 31f400
0c7 0a 31f400
0c7 0b 31f400
0c7 0c 33d410
0c7 0d 33d410
0c7 0e 33d410
0c7 0f 33d410
0c7 10 31f400
0c7 11 31f400
0c7 12 31f400
0c7 13 31f400
0c7 14 33d410
0c7 15 33d410
0c7 16 33d410
0c7 17 33d410
0c7 18 31f400
0c7 19 31f400
0c7 1a 31f400
0c7 1b 31f400
0c7 1c 33d410
0c7 1d 33d410
0c7 1e 33d410
0c7 1f 33d410
0c7 20 31f400
0c7 21 31f400
0c7 22 31f400
0c7 23 31f400
0c7 24 33d410
0c7 25 33d410
0c7 26 33d410
0c7 27 33d410
0c7 28 31f400
0c7 29 31f400
0c7 2a 31f400
0c7 2b 31f400
0c7 2c 33d410
0c7 2d 33d410
0c7 2e 33d410
0c7 2f 33d410
0c7 30 31f400
0c7 31 31f400
0c7 32 31f400
0c7 33 31f400
0c7 34 33d410
0c7 35 33d410
0c7 36 33d410
0c7 37 33d410
0c7 38 31f400
0c7 39 31f400
0c7 3a 31f400
0c7 3b 31f400
0c7 3c 33d410
0c7 3d 33d410
0c7 3e 33d410
0c7 3f 33d410
0c7 40 31f400
0c7 41 31f400
0c7 42 31f400
0c7 43 31f400
0c7 44 33d410
0c7 45 33d410
0c7 46 33d410
0c7 47 33d410
0c7 48 31f400
0c7 49 31f400
0c7 4a 31f400
0c7 4b 31f400
0c7 4c 33d410
0c7 4d 33d410
0c7 4e 33d410
0c7 4f 33d410
0c7 50 31f400
0c7 51 31f400
0c7 52 31f400
0c7 53 31f400
0c7 54 33d410
0c7 55 33d410
0c7 56 33d410
0c7 57 33d410
0c7 58 31f400
0c7 59 31f400
0c7 5a 31f400
0c7 5b 31f400
0c7 5c 33d410
0c7 5d 33d410
0c7 5e 33d410
0c7 5f 33d410
0c7 60 31f400
0c7 61 31f400
0c7 62 31f400
0c7 63 31f400
0c7 64 33d410
0c7 65 33d410
0c7 66 33d410
0c7 67 33d410
0c7 68 31f400
0c7 69 31f400
0c7 6a 31f400
0c7 6b 31f400
0c7 6c 33d410
0c7 6d 33d410
0c7 6e 33d410
0c7 6f 33d410
0c7 70 31f400
0c7 71 31f400
0c7 72 31f400
0c7 73 31f400
0c7 74 33d410
0c7 75 33d410
0c7 76 33d410
0c7 77 33d410
0c7 78 31f400
0c7 79 31f400
0c7 7a 31f400
0c7 7b 31f400
0c7 7c 33d410
0c7 7d 33d410
0c7 7e 33d410
0c7 7f 33d410
0c7 80 31f400
0c7 81 31f400
0c7 82 31f400
0c7 83 31f400
0c7 84 33d410
0c7 85 33d410
0c7 86 33d410
0c7 87 33d410
0c7 88 31f400
0c7 89 31f400
0c7 8a 31f400
0c7 8b 31f400
0c7 8c 33d410
0c7 8d 33d410
0c7 8e 33d410
0c7 8f 33d410
0c7 90 31f400
0c7 91 31f400
0c7 92 31f400
0c7 93 31f400
0c7 94 33d410
0c7 95 33d410
0c7 96 33d410
0c7 97 33d410
0c7 98 31f400
0c7 99 31f400
0c7 9a 31f400
0c7 9b 31f400
0c7 9c 33d410
0c7 9d 33d410
0c7 9e 33d410
0c7 9f 33d410
0c7 a0 31f400
0c7 a1 31f400
0c7 a2 31f400
0c7 a3 31f400
0c7 a4 33d410
0c7 a5 33d410
0c7 a6 33d410
0c7 a7 33d410
0c7 a8 31f400
0c7 a9 31f400
0c7 aa 31f400
0c7 ab 31f400
0c7 ac 33d410
0c7 ad 33d410
0c7 ae 33d410
0c7 af 33d410
0c7 b0 31f400
0c7 b1 31f400
0c7 b2 31f400
0c7 b3 31f400
0c7 b4 33d410
0c7 b5 33d410
0c7 b6 33d410
0c7 b7 33d410
0c7 b8 31f400
0c7 b9 31f400
0c7 ba 31f400
0c7 bb 31f400
0c7 bc 33d410
0c7 bd 33d410
0c7 be 33d410
0c7 bf 33d410
0c7 c0 31f400
0c7 c1 31f400
0c7 c2 31f400
0c7 c3 31f400
0c7 c4 33d410
0c7 c5 33d410
0c7 c6 33d410
0c7 c7 33d410
0c7 c8 31f400
0c7 c9 31f400
0c7 ca 31f400
0c7 cb 31f400
0c7 cc 33d410
0c7 cd 33d410
0c7 ce 33d410
0c7 cf 33d410
0c7 d0 31f400
0c7 d1 31f400
0c7 d2 31f400
0c7 d3 31f400
0c7 d4 33d410
0c7 d5 33d410
0c7 d6 33d410
0c7 d7 33d410
0c7 d8 31f400
0c7 d9 31f400
0c7 da 31f400
0c7 db 31f400
0c7 dc 33d410
0c7 dd 33d410
0c7 de 33d410
0c7 df 33d410
0c7 e0 31f400
0c7 e1 31f400
0c7 e2 31f400
0c7 e3 31f400
0c7 e4 33d410
0c7 e5 33d410
0c7 e6 33d410
0c7 e7 33d410
0c7 e8 31f400
0c7 e9 31f400
0c7 ea 31f400
0c7 eb 31f400
0c7 ec 33d410
0c7 ed 33d410
0c7 ee 33d410
0c7 ef 33d410
0c7 f0 31f400
0c7 f1 31f400
0c7 f2 31f400
0c7 f3 31f400
0c7 f4 33d410
0c7 f5 33d410
0c7 f6 33d410
0c7 f7 33d410
0c7 f8 31f400
0c7 f9 31f400
0c7 fa 31f400
0c7 fb 31f400
0c7 fc 33d410
0c7 fd 33d410
0c7 fe 33d410
0c7 ff 33d410
0c5 00 317800
0c5 01 317800
0c5 02 317800
0c5 03 317800
0c5 04 314810
0c5 05 314810
0c5 06 314810
0c5 07 314810
0c5 08 317800
0c5 09 317800
0c5 0a 317800
0c5 0b 317800
0c5 0c 314810
0c5 0d 314810
0c5 0e 314810
0c5 0f 314810
0c5 10 317800
0c5 11 317800
0c5 12 317800
0c5 13 317800
0c5 14 314810
0c5 15 314810
0c5 16 314810
0c5 17 314810
0c5 18 317800
0c5 19 317800
0c5 1a 317800
0c5 1b 317800
0c5 1c 314810
0c5 1d 314810
0c5 1e 314810
0c5 1f 314810
0c5 20 317800
0c5 21 317800
0c5 22 317800
0c5 23 317800
0c5 24 314810
0c5 25 314810
0c5 26 314810
0c5 27 314810
0c5 28 317800
0c5 29 317800
0c5 2a 317800
0c5 2b 317800
0c5 2c 314810
0c5 2d 314810
0c5 2e 314810
0c5 2f 314810
0c5 30 317800
0c5 31 317800
0c5 32 317800
0c5 33 317800
0c5 34 314810
0c5 35 314810
0c5 36 314810
0c5 37 314810
0c5 38 317800
0c5 39 317800
0c5 3a 317800
0c5 3b 317800
0c5 3c 314810
0c5 3d 314810
0c5 3e 314810
0c5 3f 314810
0c5 40 317800
0c5 41 317800
0c5 42 317800
0c5 43 317800
0c5 44 314810
0c5 45 314810
0c5 46 314810
0c5 47 314810
0c5 48 317800
0c5 49 317800
0c5 4a 317800
0c5 4b 317800
0c5 4c 314810
0c5 4d 314810
0c5 4e 314810
0c5 4f 314810
0c5 50 317800
0c5 51 317800
0c5 52 317800
0c5 53 317800
0c5 54 314810
0c5 55 314810
0c5 56 314810
0c5 57 314810
0c5 58 317800
0c5 59 317800
0c5 5a 317800
0c5 5b 317800
0c5 5c 314810
0c5 5d 314810
0c5 5e 314810
0c5 5f 314810
0c5 60 317800
0c5 61 317800
0c5 62 317800
0c5 63 317800
0c5 64 314810
0c5 65 314810
0c5 66 314810
0c5 67 314810
0c5 68 317800
0c5 69 317800
0c5 6a 317800
0c5 6b 317800
0c5 6c 314810
0c5 6d 314810
0c5 6e 314810
0c5 6f 314810
0c5 70 317800
0c5 71 317800
0c5 72 317800
0c5 73 317800
0c5 74 314810
0c5 75 314810
0c5 76 314810
0c5 77 314810
0c5 78 317800
0c5 79 317800
0c5 7a 317800
0c5 7b 317800
0c5 7c 314810
0c5 7d 314810
0c5 7e 314810
0c5 7f 314810
0c5 80 317800
0c5 81 317800
0c5 82 317800
0c5 83 317800
0c5 84 314810
0c5 85 314810
0c5 86 314810
0c5 87 314810
0c5 88 317800
0c5 89 317800
0c5 8a 317800
0c5 8b 317800
0c5 8c 314810
0c5 8d 314810
0c5 8e 314810
0c5 8f 314810
0c5 90 317800
0c5 91 317800
0c5 92 317800
0c5 93 317800
0c5 94 314810
0c5 95 314810
0c5 96 314810
0c5 97 314810
0c5 98 317800
0c5 99 317800
0c5 9a 317800
0c5 9b 317800
0c5 9c 314810
0c5 9d 314810
0c5 9e 314810
0c5 9f 314810
0c5 a0 317800
0c5 a1 317800
0c5 a2 317800
0c5 a3 317800
0c5 a4 314810
0c5 a5 314810
0c5 a6 314810
0c5 a7 314810
0c5 a8 317800
0c5 a9 317800
0c5 aa 317800
0c5 ab 317800
0c5 ac 314810
0c5 ad 314810
0c5 ae 314810
0c5 af 314810
0c5 b0 317800
0c5 b1 317800
0c5 b2 317800
0c5 b3 317800
0c5 b4 314810
0c5 b5 314810
0c5 b6 314810
0c5 b7 314810
0c5 b8 317800
0c5 b9 317800
0c5 ba 317800
0c5 bb 317800
0c5 bc 314810
0c5 bd 314810
0c5 be 314810
0c5 bf 314810
0c5 c0 317800
0c5 c1 317800
0c5 c2 317800
0c5 c3 317800
0c5 c4 314810
0c5 c5 314810
0c5 c6 314810
0c5 c7 314810
0c5 c8 317800
0c5 c9 317800
0c5 ca 317800
0c5 cb 317800
0c5 cc 314810
0c5 cd 314810
0c5 ce 314810
0c5 cf 314810
0c5 d0 317800
0c5 d1 317800
0c5 d2 317800
0c5 d3 317800
0c5 d4 314810
0c5 d5 314810
0c5 d6 314810
0c5 d7 314810
0c5 d8 317800
0c5 d9 317800
0c5 da 317800
0c5 db 317800
0c5 dc 314810
0c5 dd 314810
0c5 de 314810
0c5 df 314810
0c5 e0 317800
0c5 e1 317800
0c5 e2 317800
0c5 e3 317800
0c5 e4 314810
0c5 e5 314810
0c5 e6 314810
0c5 e7 314810
0c5 e8 317800
0c5 e9 317800
0c5 ea 317800
0c5 eb 317800
0c5 ec 314810
0c5 ed 314810
0c5 ee 314810
0c5 ef 314810
0c5 f0 317800
0c5 f1 317800
0c5 f2 317800
0c5 f3 317800
0c5 f4 314810
0c5 f5 314810
0c5 f6 314810
0c5 f7 314810
0c5 f8 317800
0c5 f9 317800
0c5 fa 317800
0c5 fb 317800
0c5 fc 314810
0c5 fd 314810
0c5 fe 314810
0c5 ff 314810
0f0 00 3c3000
0f0 01 3c3000
0f0 02 3c3000
0f0 03 3c3000
0f0 04 3c3000
0f0 05 3c3000
0f0 06 3c3000
0f0 07 3c3000
0f0 08 3c3000
0f0 09 3c3000
0f0 0a 3c3000
0f0 0b 3c3000
0f0 0c 3c3000
0f0 0d 3c3000
0f0 0e 3c3000
0f0 0f 3c3000
0f0 10 3c3000
0f0 11 3c3000
0f0 12 3c3000
0f0 13 3c3000
0f0 14 3c3000
0f0 15 3c3000
0f0 16 3c3000
0f0 17 3c3000
0f0 18 3c3000
0f0 19 3c3000
0f0 1a 3c3000
0f0 1b 3c3000
0f0 1c 3c3000
0f0 1d 3c3000
0f0 1e 3c3000
0f0 1f 3c3000
0f0 20 3c3000
0f0 21 3c3000
0f0 22 3c3000
0f0 23 3c3000
0f0 24 3c3000
0f0 25 3c3000
0f0 26 3c3000
0f0 27 3c3000
0f0 28 3c3000
0f0 29 3c3000
0f0 2a 3c3000
0f0 2b 3c3000
0f0 2c 3c3000
0f0 2d 3c3000
0f0 2e 3c3000
0f0 2f 3c3000
0f0 30 3c3000
0f0 31 3c3000
0f0 32 3c3000
0f0 33 3c3000
0f0 34 3c3000
0f0 35 3c3000
0f0 36 3c3000
0f0 37 3c3000
0f0 38 3c3000
0f0 39 3c3000
0f0 3a 3c3000
0f0 3b 3c3000
0f0 3c 3c3000
0f0 3d 3c3000
0f0 3e 3c3000
0f0 3f 3c3000
0f0 40 3c3000
0f0 41 3c3000
0f0 42 3c3000
0f0 43 3c3000
0f0 44 3c3000
0f0 45 3c3000
0f0 46 3c3000
0f0 47 3c3000
0f0 48 3c3000
0f0 49 3c3000
0f0 4a 3c3000
0f0 4b 3c3000
0f0 4c 3c3000
0f0 4d 3c3000
0f0 4e 3c3000
0f0 4f 3c3000
0f0 50 3c3000
0f0 51 3c3000
0f0 52 3c3000
0f0 53 3c3000
0f0 54 3c3000
0f0 55 3c3000
0f0 56 3c3000
0f0 57 3c3000
0f0 58 3c3000
0f0 59 3c3000
0f0 5a 3c3000
0f0 5b 3c3000
0f0 5c 3c3000
0f0 5d 3c3000
0f0 5e 3c3000
0f0 5f 3c3000
0f0 60 3c3000
0f0 61 3c3000
0f0 62 3c3000
0f0 63 3c3000
0f0 64 3c3000
0f0 65 3c3000
0f0 66 3c3000
0f0 67 3c3000
0f0 68 3c3000
0f0 69 3c3000
0f0 6a 3c3000
0f0 6b 3c3000
0f0 6c 3c3000
0f0 6d 3c3000
0f0 6e 3c3000
0f0 6f 3c3000
0f0 70 3c3000
0f0 71 3c3000
0f0 72 3c3000
0f0 73 3c3000
0f0 74 3c3000
0f0 75 3c3000
0f0 76 3c3000
0f0 77 3c3000
0f0 78 3c3000
0f0 79 3c3000
0f0 7a 3c3000
0f0 7b 3c3000
0f0 7c 3c3000
0f0 7d 3c3000
0f0 7e 3c3000
0f0 7f 3c3000
0f0 80 3c3000
0f0 81 3c3000
0f0 82 3c3000
0f0 83 3c3000
0f0 84 3c3000
0f0 85 3c3000
0f0 86 3c3000
0f0 87 3c3000
0f0 88 3c3000
0f0 89 3c3000
0f0 8a 3c3000
0f0 8b 3c3000
0f0 8c 3c3000
0f0 8d 3c3000
0f0 8e 3c3000
0f0 8f 3c3000
0f0 90 3c3000
0f0 91 3c3000
0f0 92 3c3000
0f0 93 3c3000
0f0 94 3c3000
0f0 95 3c3000
0f0 96 3c3000
0f0 97 3c3000
0f0 98 3c3000
0f0 99 3c3000
0f0 9a 3c3000
0f0 9b 3c3000
0f0 9c 3c3000
0f0 9d 3c3000
0f0 9e 3c3000
0f0 9f 3c3000
0f0 a0 3c3000
0f0 a1 3c3000
0f0 a2 3c3000
0f0 a3 3c3000
0f0 a4 3c3000
0f0 a5 3c3000
0f0 a6 3c3000
0f0 a7 3c3000
0f0 a8 3c3000
0f0 a9 3c3000
0f0 aa 3c3000
0f0 ab 3c3000
0f0 ac 3c3000
0f0 ad 3c3000
0f0 ae 3c3000
0f0 af 3c3000
0f0 b0 3c3000
0f0 b1 3c3000
0f0 b2 3c3000
0f0 b3 3c3000
0f0 b4 3c3000
0f0 b5 3c3000
0f0 b6 3c3000
0f0 b7 3c3000
0f0 b8 3c3000
0f0 b9 3c3000
0f0 ba 3c3000
0f0 bb 3c3000
0f0 bc 3c3000
0f0 bd 3c3000
0f0 be 3c3000
0f0 bf 3c3000
0f0 c0 3c3000
0f0 c1 3c3000
0f0 c2 3c3000
0f0 c3 3c3000
0f0 c4 3c3000
0f0 c5 3c3000
0f0 c6 3c3000
0f0 c7 3c3000
0f0 c8 3c3000
0f0 c9 3c3000
0f0 ca 3c3000
0f0 cb 3c3000
0f0 cc 3c3000
0f0 cd 3c3000
0f0 ce 3c3000
0f0 cf 3c3000
0f0 d0 3c3000
0f0 d1 3c3000
0f0 d2 3c3000
0f0 d3 3c3000
0f0 d4 3c3000
0f0 d5 3c3000
0f0 d6 3c3000
0f0 d7 3c3000
0f0 d8 3c3000
0f0 d9 3c3000
0f0 da 3c3000
0f0 db 3c3000
0f0 dc 3c3000
0f0 dd 3c3000
0f0 de 3c3000
0f0 df 3c3000
0f0 e0 3c3000
0f0 e1 3c3000
0f0 e2 3c3000
0f0 e3 3c3000
0f0 e4 3c3000
0f0 e5 3c3000
0f0 e6 3c3000
0f0 e7 3c3000
0f0 e8 3c3000
0f0 e9 3c3000
0f0 ea 3c3000
0f0 eb 3c3000
0f0 ec 3c3000
0f0 ed 3c3000
0f0 ee 3c3000
0f0 ef 3c3000
0f0 f0 3c3000
0f0 f1 3c3000
0f0 f2 3c3000
0f0 f3 3c3000
0f0 f4 3c3000
0f0 f5 3c3000
0f0 f6 3c3000
0f0 f7 3c3000
0f0 f8 3c3000
0f0 f9 3c3000
0f0 fa 3c3000
0f0 fb 3c3000
0f0 fc 3c3000
0f0 fd 3c3000
0f0 fe 3c3000
0f0 ff 3c3000
0f3 00 3cf000
0f3 01 3cf000
0f3 02 3cf000
0f3 03 3cf000
0f3 04 3cf000
0f3 05 3cf000
0f3 06 3cf000
0f3 07 3cf000
0f3 08 3ce020
0f3 09 3ce020
0f3 0a 3ce020
0f3 0b 3ce020
0f3 0c 3ce020
0f3 0d 3ce020
0f3 0e 3ce020
0f3 0f 3ce020
0f3 10 3cf000
0f3 11 3cf000
0f3 12 3cf000
0f3 13 3cf000
0f3 14 3cf000
0f3 15 3cf000
0f3 16 3cf000
0f3 17 3cf000
0f3 18 3ce020
0f3 19 3ce020
0f3 1a 3ce020
0f3 1b 3ce020
0f3 1c 3ce020
0f3 1d 3ce020
0f3 1e 3ce020
0f3 1f 3ce020
0f3 20 3cf000
0f3 21 3cf000
0f3 22 3cf000
0f3 23 3cf000
0f3 24 3cf000
0f3 25 3cf000
0f3 26 3cf000
0f3 27 3cf000
0f3 28 3ce020
0f3 29 3ce020
0f3 2a 3ce020
0f3 2b 3ce020
0f3 2c 3ce020
0f3 2d 3ce020
0f3 2e 3ce020
0f3 2f 3ce020
0f3 30 3cf000
0f3 31 3cf000
0f3 32 3cf000
0f3 33 3cf000
0f3 34 3cf000
0f3 35 3cf000
0f3 36 3cf000
0f3 37 3cf000
0f3 38 3ce020
0f3 39 3ce020
0f3 3a 3ce020
0f3 3b 3ce020
0f3 3c 3ce020
0f3 3d 3ce020
0f3 3e 3ce020
0f3 3f 3ce020
0f3 40 3cf000
0f3 41 3cf000
0f3 42 3cf000
0f3 43 3cf000
0f3 44 3cf000
0f3 45 3cf000
0f3 46 3cf000
0f3 47 3cf000
0f3 48 3ce020
0f3 49 3ce020
0f3 4a 3ce020
0f3 4b 3ce020
0f3 4c 3ce020
0f3 4d 3ce020
0f3 4e 3ce020
0f3 4f 3ce020
0f3 50 3cf000
0f3 51 3cf000
0f3 52 3cf000
0f3 53 3cf000
0f3 54 3cf000
0f3 55 3cf000
0f3 56 3cf000
0f3 57 3cf000
0f3 58 3ce020
0f3 59 3ce020
0f3 5a 3ce020
0f3 5b 3ce020
0f3 5c 3ce020
0f3 5d 3ce020
0f3 5e 3ce020
0f3 5f 3ce020
0f3 60 3cf000
0f3 61 3cf000
0f3 62 3cf000
0f3 63 3cf000
0f3 64 3cf000
0f3 65 3cf000
0f3 66 3cf000
0f3 67 3cf000
0f3 68 3ce020
0f3 69 3ce020
0f3 6a 3ce020
0f3 6b 3ce020
0f3 6c 3ce020
0f3 6d 3ce020
0f3 6e 3ce020
0f3 6f 3ce020
0f3 70 3cf000
0f3 71 3cf000
0f3 72 3cf000
0f3 73 3cf000
0f3 74 3cf000
0f3 75 3cf000
0f3 76 3cf000
0f3 77 3cf000
0f3 78 3ce020
0f3 79 3ce020
0f3 7a 3ce020
0f3 7b 3ce020
0f3 7c 3ce020
0f3 7d 3ce020
0f3 7e 3ce020
0f3 7f 3ce020
0f3 80 3cf000
0f3 81 3cf000
0f3 82 3cf000
0f3 83 3cf000
0f3 84 3cf000
0f3 85 3cf000
0f3 86 3cf000
0f3 87 3cf000
0f3 88 3ce020
0f3 89 3ce020
0f3 8a 3ce020
0f3 8b 3ce020
0f3 8c 3ce020
0f3 8d 3ce020
0f3 8e 3ce020
0f3 8f 3ce020
0f3 90 3cf000
0f3 91 3cf000
0f3 92 3cf000
0f3 93 3cf000
0f3 94 3cf000
0f3 95 3cf000
0f3 96 3cf000
0f3 97 3cf000
0f3 98 3ce020
0f3 99 3ce020
0f3 9a 3ce020
0f3 9b 3ce020
0f3 9c 3ce020
0f3 9d 3ce020
0f3 9e 3ce020
0f3 9f 3ce020
0f3 a0 3cf000
0f3 a1 3cf000
0f3 a2 3cf000
0f3 a3 3cf000
0f3 a4 3cf000
0f3 a5 3cf000
0f3 a6 3cf000
0f3 a7 3cf000
0f3 a8 3ce020
0f3 a9 3ce020
0f3 aa 3ce020
0f3 ab 3ce020
0f3 ac 3ce020
0f3 ad 3ce020
0f3 ae 3ce020
0f3 af 3ce020
0f3 b0 3cf000
0f3 b1 3cf000
0f3 b2 3cf000
0f3 b3 3cf000
0f3 b4 3cf000
0f3 b5 3cf000
0f3 b6 3cf000
0f3 b7 3cf000
0f3 b8 3ce020
0f3 b9 3ce020
0f3 ba 3ce020
0f3 bb 3ce020
0f3 bc 3ce020
0f3 bd 3ce020
0f3 be 3ce020
0f3 bf 3ce020
0f3 c0 3cf000
0f3 c1 3cf000
0f3 c2 3cf000
0f3 c3 3cf000
0f3 c4 3cf000
0f3 c5 3cf000
0f3 c6 3cf000
0f3 c7 3cf000
0f3 c8 3ce020
0f3 c9 3ce020
0f3 ca 3ce020
0f3 cb 3ce020
0f3 cc 3ce020
0f3 cd 3ce020
0f3 ce 3ce020
0f3 cf 3ce020
0f3 d0 3cf000
0f3 d1 3cf000
0f3 d2 3cf000
0f3 d3 3cf000
0f3 d4 3cf000
0f3 d5 3cf000
0f3 d6 3cf000
0f3 d7 3cf000
0f3 d8 3ce020
0f3 d9 3ce020
0f3 da 3ce020
0f3 db 3ce020
0f3 dc 3ce020
0f3 dd 3ce020
0f3 de 3ce020
0f3 df 3ce020
0f3 e0 3cf000
0f3 e1 3cf000
0f3 e2 3cf000
0f3 e3 3cf000
0f3 e4 3cf000
0f3 e5 3cf000
0f3 e6 3cf000
0f3 e7 3cf000
0f3 e8 3ce020
0f3 e9 3ce020
0f3 ea 3ce020
0f3 eb 3ce020
0f3 ec 3ce020
0f3 ed 3ce020
0f3 ee 3ce020
0f3 ef 3ce020
0f3 f0 3cf000
0f3 f1 3cf000
0f3 f2 3cf000
0f3 f3 3cf000
0f3 f4 3cf000
0f3 f5 3cf000
0f3 f6 3cf000
0f3 f7 3cf000
0f3 f8 3ce020
0f3 f9 3ce020
0f3 fa 3ce020
0f3 fb 3ce020
0f3 fc 3ce020
0f3 fd 3ce020
0f3 fe 3ce020
0f3 ff 3ce020
0f1 00 3c7400
0f1 01 3c7400
0f1 02 3c7400
0f1 03 3c7400
0f1 04 3c7400
0f1 05 3c7400
0f1 06 3c7400
0f1 07 3c7400
0f1 08 3cd420
0f1 09 3cd420
0f1 0a 3cd420
0f1 0b 3cd420
0f1 0c 3cd420
0f1 0d 3cd420
0f1 0e 3cd420
0f1 0f 3cd420
0f1 10 3c7400
0f1 11 3c7400
0f1 12 3c7400
0f1 13 3c7400
0f1 14 3c7400
0f1 15 3c7400
0f1 16 3c7400
0f1 17 3c7400
0f1 18 3cd420
0f1 19 3cd420
0f1 1a 3cd420
0f1 1b 3cd420
0f1 1c 3cd420
0f1 1d 3cd420
0f1 1e 3cd420
0f1 1f 3cd420
0f1 20 3c7400
0f1 21 3c7400
0f1 22 3c7400
0f1 23 3c7400
0f1 24 3c7400
0f1 25 3c7400
0f1 26 3c7400
0f1 27 3c7400
0f1 28 3cd420
0f1 29 3cd420
0f1 2a 3cd420
0f1 2b 3cd420
0f1 2c 3cd420
0f1 2d 3cd420
0f1 2e 3cd420
0f1 2f 3cd420
0f1 30 3c7400
0f1 31 3c7400
0f1 32 3c7400
0f1 33 3c7400
0f1 34 3c7400
0f1 35 3c7400
0f1 36 3c7400
0f1 37 3c7400
0f1 38 3cd420
0f1 39 3cd420
0f1 3a 3cd420
0f1 3b 3cd420
0f1 3c 3cd420
0f1 3d 3cd420
0f1 3e 3cd420
0f1 3f 3cd420
0f1 40 3c7400
0f1 41 3c7400
0f1 42 3c7400
0f1 43 3c7400
0f1 44 3c7400
0f1 45 3c7400
0f1 46 3c7400
0f1 47 3c7400
0f1 48 3cd420
0f1 49 3cd420
0f1 4a 3cd420
0f1 4b 3cd420
0f1 4c 3cd420
0f1 4d 3cd420
0f1 4e 3cd420
0f1 4f 3cd420
0f1 50 3c7400
0f1 51 3c7400
0f1 52 3c7400
0f1 53 3c7400
0f1 54 3c7400
0f1 55 3c7400
0f1 56 3c7400
0f1 57 3c7400
0f1 58 3cd420
0f1 59 3cd420
0f1 5a 3cd420
0f1 5b 3cd420
0f1 5c 3cd420
0f1 5d 3cd420
0f1 5e 3cd420
0f1 5f 3cd420
0f1 60 3c7400
0f1 61 3c7400
0f1 62 3c7400
0f1 63 3c7400
0f1 64 3c7400
0f1 65 3c7400
0f1 66 3c7400
0f1 67 3c7400
0f1 68 3cd420
0f1 69 3cd420
0f1 6a 3cd420
0f1 6b 3cd420
0f1 6c 3cd420
0f1 6d 3cd420
0f1 6e 3cd420
0f1 6f 3cd420
0f1 70 3c7400
0f1 71 3c7400
0f1 72 3c7400
0f1 73 3c7400
0f1 74 3c7400
0f1 75 3c7400
0f1 76 3c7400
0f1 77 3c7400
0f1 78 3cd420
0f1 79 3cd420
0f1 7a 3cd420
0f1 7b 3cd420
0f1 7c 3cd420
0f1 7d 3cd420
0f1 7e 3cd420
0f1 7f 3cd420
0f1 80 3c7400
0f1 81 3c7400
0f1 82 3c7400
0f1 83 3c7400
0f1 84 3c7400
0f1 85 3c7400
0f1 86 3c7400
0f1 87 3c7400
0f1 88 3cd420
0f1 89 3cd420
0f1 8a 3cd420
0f1 8b 3cd420
0f1 8c 3cd420
0f1 8d 3cd420
0f1 8e 3cd420
0f1 8f 3cd420
0f1 90 3c7400
0f1 91 3c7400
0f1 92 3c7400
0f1 93 3c7400
0f1 94 3c7400
0f1 95 3c7400
0f1 96 3c7400
0f1 97 3c7400
0f1 98 3cd420
0f1 99 3cd420
0f1 9a 3cd420
0f1 9b 3cd420
0f1 9c 3cd420
0f1 9d 3cd420
0f1 9e 3cd420
0f1 9f 3cd420
0f1 a0 3c7400
0f1 a1 3c7400
0f1 a2 3c7400
0f1 a3 3c7400
0f1 a4 3c7400
0f1 a5 3c7400
0f1 a6 3c7400
0f1 a7 3c7400
0f1 a8 3cd420
0f1 a9 3cd420
0f1 aa 3cd420
0f1 ab 3cd420
0f1 ac 3cd420
0f1 ad 3cd420
0f1 ae 3cd420
0f1 af 3cd420
0f1 b0 3c7400
0f1 b1 3c7400
0f1 b2 3c7400
0f1 b3 3c7400
0f1 b4 3c7400
0f1 b5 3c7400
0f1 b6 3c7400
0f1 b7 3c7400
0f1 b8 3cd420
0f1 b9 3cd420
0f1 ba 3cd420
0f1 bb 3cd420
0f1 bc 3cd420
0f1 bd 3cd420
0f1 be 3cd420
0f1 bf 3cd420
0f1 c0 3c7400
0f1 c1 3c7400
0f1 c2 3c7400
0f1 c3 3c7400
0f1 c4 3c7400
0f1 c5 3c7400
0f1 c6 3c7400
0f1 c7 3c7400
0f1 c8 3cd420
0f1 c9 3cd420
0f1 ca 3cd420
0f1 cb 3cd420
0f1 cc 3cd420
0f1 cd 3cd420
0f1 ce 3cd420
0f1 cf 3cd420
0f1 d0 3c7400
0f1 d1 3c7400
0f1 d2 3c7400
0f1 d3 3c7400
0f1 d4 3c7400
0f1 d5 3c7400
0f1 d6 3c7400
0f1 d7 3c7400
0f1 d8 3cd420
0f1 d9 3cd420
0f1 da 3cd420
0f1 db 3cd420
0f1 dc 3cd420
0f1 dd 3cd420
0f1 de 3cd420
0f1 df 3cd420
0f1 e0 3c7400
0f1 e1 3c7400
0f1 e2 3c7400
0f1 e3 3c7400
0f1 e4 3c7400
0f1 e5 3c7400
0f1 e6 3c7400
0f1 e7 3c7400
0f1 e8 3cd420
0f1 e9 3cd420
0f1 ea 3cd420
0f1 eb 3cd420
0f1 ec 3cd420
0f1 ed 3cd420
0f1 ee 3cd420
0f1 ef 3cd420
0f1 f0 3c7400
0f1 f1 3c7400
0f1 f2 3c7400
0f1 f3 3c7400
0f1 f4 3c7400
0f1 f5 3c7400
0f1 f6 3c7400
0f1 f7 3c7400
0f1 f8 3cd420
0f1 f9 3cd420
0f1 fa 3cd420
0f1 fb 3cd420
0f1 fc 3cd420
0f1 fd 3cd420
0f1 fe 3cd420
0f1 ff 3cd420
0fc 00 3f3000
0fc 01 3f3000
0fc 02 3f3000
0fc 03 3f3000
0fc 04 3f3000
0fc 05 3f3000
0fc 06 3f3000
0fc 07 3f3000
0fc 08 3f2021
0fc 09 3f2021
0fc 0a 3f2021
0fc 0b 3f2021
0fc 0c 3f2021
0fc 0d 3f2021
0fc 0e 3f2021
0fc 0f 3f2021
0fc 10 3f3000
0fc 11 3f3000
0fc 12 3f3000
0fc 13 3f3000
0fc 14 3f3000
0fc 15 3f3000
0fc 16 3f3000
0fc 17 3f3000
0fc 18 3f2021
0fc 19 3f2021
0fc 1a 3f2021
0fc 1b 3f2021
0fc 1c 3f2021
0fc 1d 3f2021
0fc 1e 3f2021
0fc 1f 3f2021
0fc 20 3f3000
0fc 21 3f3000
0fc 22 3f3000
0fc 23 3f3000
0fc 24 3f3000
0fc 25 3f3000
0fc 26 3f3000
0fc 27 3f3000
0fc 28 3f2021
0fc 29 3f2021
0fc 2a 3f2021
0fc 2b 3f2021
0fc 2c 3f2021
0fc 2d 3f2021
0fc 2e 3f2021
0fc 2f 3f2021
0fc 30 3f3000
0fc 31 3f3000
0fc 32 3f3000
0fc 33 3f3000
0fc 34 3f3000
0fc 35 3f3000
0fc 36 3f3000
0fc 37 3f3000
0fc 38 3f2021
0fc 39 3f2021
0fc 3a 3f2021
0fc 3b 3f2021
0fc 3c 3f2021
0fc 3d 3f2021
0fc 3e 3f2021
0fc 3f 3f2021
0fc 40 3f3000
0fc 41 3f3000
0fc 42 3f3000
0fc 43 3f3000
0fc 44 3f3000
0fc 45 3f3000
0fc 46 3f3000
0fc 47 3f3000
0fc 48 3f2021
0fc 49 3f2021
0fc 4a 3f2021
0fc 4b 3f2021
0fc 4c 3f2021
0fc 4d 3f2021
0fc 4e 3f2021
0fc 4f 3f2021
0fc 50 3f3000
0fc 51 3f3000
0fc 52 3f3000
0fc 53 3f3000
0fc 54 3f3000
0fc 55 3f3000
0fc 56 3f3000
0fc 57 3f3000
0fc 58 3f2021
0fc 59 3f2021
0fc 5a 3f2021
0fc 5b 3f2021
0fc 5c 3f2021
0fc 5d 3f2021
0fc 5e 3f2021
0fc 5f 3f2021
0fc 60 3f3000
0fc 61 3f3000
0fc 62 3f3000
0fc 63 3f3000
0fc 64 3f3000
0fc 65 3f3000
0fc 66 3f3000
0fc 67 3f3000
0fc 68 3f2021
0fc 69 3f2021
0fc 6a 3f2021
0fc 6b 3f2021
0fc 6c 3f2021
0fc 6d 3f2021
0fc 6e 3f2021
0fc 6f 3f2021
0fc 70 3f3000
0fc 71 3f3000
0fc 72 3f3000
0fc 73 3f3000
0fc 74 3f3000
0fc 75 3f3000
0fc 76 3f3000
0fc 77 3f3000
0fc 78 3f2021
0fc 79 3f2021
0fc 7a 3f2021
0fc 7b 3f2021
0fc 7c 3f2021
0fc 7d 3f2021
0fc 7e 3f2021
0fc 7f 3f2021
0fc 80 3f3000
0fc 81 3f3000
0fc 82 3f3000
0fc 83 3f3000
0fc 84 3f3000
0fc 85 3f3000
0fc 86 3f3000
0fc 87 3f3000
0fc 88 3f2021
0fc 89 3f2021
0fc 8a 3f2021
0fc 8b 3f2021
0fc 8c 3f2021
0fc 8d 3f2021
0fc 8e 3f2021
0fc 8f 3f2021
0fc 90 3f3000
0fc 91 3f3000
0fc 92 3f3000
0fc 93 3f3000
0fc 94 3f3000
0fc 95 3f3000
0fc 96 3f3000
0fc 97 3f3000
0fc 98 3f2021
0fc 99 3f2021
0fc 9a 3f2021
0fc 9b 3f2021
0fc 9c 3f2021
0fc 9d 3f2021
0fc 9e 3f2021
0fc 9f 3f2021
0fc a0 3f3000
0fc a1 3f3000
0fc a2 3f3000
0fc a3 3f3000
0fc a4 3f3000
0fc a5 3f3000
0fc a6 3f3000
0fc a7 3f3000
0fc a8 3f2021
0fc a9 3f2021
0fc aa 3f2021
0fc ab 3f2021
0fc ac 3f2021
0fc ad 3f2021
0fc ae 3f2021
0fc af 3f2021
0fc b0 3f3000
0fc b1 3f3000
0fc b2 3f3000
0fc b3 3f3000
0fc b4 3f3000
0fc b5 3f3000
0fc b6 3f3000
0fc b7 3f3000
0fc b8 3f2021
0fc b9 3f2021
0fc ba 3f2021
0fc bb 3f2021
0fc bc 3f2021
0fc bd 3f2021
0fc be 3f2021
0fc bf 3f2021
0fc c0 3f3000
0fc c1 3f3000
0fc c2 3f3000
0fc c3 3f3000
0fc c4 3f3000
0fc c5 3f3000
0fc c6 3f3000
0fc c7 3f3000
0fc c8 3f2021
0fc c9 3f2021
0fc ca 3f2021
0fc cb 3f2021
0fc cc 3f2021
0fc cd 3f2021
0fc ce 3f2021
0fc cf 3f2021
0fc d0 3f3000
0fc d1 3f3000
0fc d2 3f3000
0fc d3 3f3000
0fc d4 3f3000
0fc d5 3f3000
0fc d6 3f3000
0fc d7 3f3000
0fc d8 3f2021
0fc d9 3f2021
0fc da 3f2021
0fc db 3f2021
0fc dc 3f2021
0fc dd 3f2021
0fc de 3f2021
0fc df 3f2021
0fc e0 3f3000
0fc e1 3f3000
0fc e2 3f3000
0fc e3 3f3000
0fc e4 3f3000
0fc e5 3f3000
0fc e6 3f3000
0fc e7 3f3000
0fc e8 3f2021
0fc e9 3f2021
0fc ea 3f2021
0fc eb 3f2021
0fc ec 3f2021
0fc ed 3f2021
0fc ee 3f2021
0fc ef 3f2021
0fc f0 3f3000
0fc f1 3f3000
0fc f2 3f3000
0fc f3 3f3000
0fc f4 3f3000
0fc f5 3f3000
0fc f6 3f3000
0fc f7 3f3000
0fc f8 3f2021
0fc f9 3f2021
0fc fa 3f2021
0fc fb 3f2021
0fc fc 3f2021
0fc fd 3f2021
0fc fe 3f2021
0fc ff 3f2021
0ff 00 3ff000
0ff 01 3ff000
0ff 02 3ff000
0ff 03 3ff000
0ff 04 3ff000
0ff 05 3ff000
0ff 06 3ff000
0ff 07 3ff000
0ff 08 3ff000
0ff 09 3ff000
0ff 0a 3ff000
0ff 0b 3ff000
0ff 0c 3ff000
0ff 0d 3ff000
0ff 0e 3ff000
0ff 0f 3ff000
0ff 10 3ff000
0ff 11 3ff000
0ff 12 3ff000
0ff 13 3ff000
0ff 14 3ff000
0ff 15 3ff000
0ff 16 3ff000
0ff 17 3ff000
0ff 18 3ff000
0ff 19 3ff000
0ff 1a 3ff000
0ff 1b 3ff000
0ff 1c 3ff000
0ff 1d 3ff000
0ff 1e 3ff000
0ff 1f 3ff000
0ff 20 3ff000
0ff 21 3ff000
0ff 22 3ff000
0ff 23 3ff000
0ff 24 3ff000
0ff 25 3ff000
0ff 26 3ff000
0ff 27 3ff000
0ff 28 3ff000
0ff 29 3ff000
0ff 2a 3ff000
0ff 2b 3ff000
0ff 2c 3ff000
0ff 2d 3ff000
0ff 2e 3ff000
0ff 2f 3ff000
0ff 30 3ff000
0ff 31 3ff000
0ff 32 3ff000
0ff 33 3ff000
0ff 34 3ff000
0ff 35 3ff000
0ff 36 3ff000
0ff 37 3ff000
0ff 38 3ff000
0ff 39 3ff000
0ff 3a 3ff000
0ff 3b 3ff000
0ff 3c 3ff000
0ff 3d 3ff000
0ff 3e 3ff000
0ff 3f 3ff000
0ff 40 3ff000
0ff 41 3ff000
0ff 42 3ff000
0ff 43 3ff000
0ff 44 3ff000
0ff 45 3ff000
0ff 46 3ff000
0ff 47 3ff000
0ff 48 3ff000
0ff 49 3ff000
0ff 4a 3ff000
0ff 4b 3ff000
0ff 4c 3ff000
0ff 4d 3ff000
0ff 4e 3ff000
0ff 4f 3ff000
0ff 50 3ff000
0ff 51 3ff000
0ff 52 3ff000
0ff 53 3ff000
0ff 54 3ff000
0ff 55 3ff000
0ff 56 3ff000
0ff 57 3ff000
0ff 58 3ff000
0ff 59 3ff000
0ff 5a 3ff000
0ff 5b 3ff000
0ff 5c 3ff000
0ff 5d 3ff000
0ff 5e 3ff000
0ff 5f 3ff000
0ff 60 3ff000
0ff 61 3ff000
0ff 62 3ff000
0ff 63 3ff000
0ff 64 3ff000
0ff 65 3ff000
0ff 66 3ff000
0ff 67 3ff000
0ff 68 3ff000
0ff 69 3ff000
0ff 6a 3ff000
0ff 6b 3ff000
0ff 6c 3ff000
0ff 6d 3ff000
0ff 6e 3ff000
0ff 6f 3ff000
0ff 70 3ff000
0ff 71 3ff000
0ff 72 3ff000
0ff 73 3ff000
0ff 74 3ff000
0ff 75 3ff000
0ff 76 3ff000
0ff 77 3ff000
0ff 78 3ff000
0ff 79 3ff000
0ff 7a 3ff000
0ff 7b 3ff000
0ff 7c 3ff000
0ff 7d 3ff000
0ff 7e 3ff000
0ff 7f 3ff000
0ff 80 3ff000
0ff 81 3ff000
0ff 82 3ff000
0ff 83 3ff000
0ff 84 3ff000
0ff 85 3ff000
0ff 86 3ff000
0ff 87 3ff000
0ff 88 3ff000
0ff 89 3ff000
0ff 8a 3ff000
0ff 8b 3ff000
0ff 8c 3ff000
0ff 8d 3ff000
0ff 8e 3ff000
0ff 8f 3ff000
0ff 90 3ff000
0ff 91 3ff000
0ff 92 3ff000
0ff 93 3ff000
0ff 94 3ff000
0ff 95 3ff000
0ff 96 3ff000
0ff 97 3ff000
0ff 98 3ff000
0ff 99 3ff000
0ff 9a 3ff000
0ff 9b 3ff000
0ff 9c 3ff000
0ff 9d 3ff000
0ff 9e 3ff000
0ff 9f 3ff000
0ff a0 3ff000
0ff a1 3ff000
0ff a2 3ff000
0ff a3 3ff000
0ff a4 3ff000
0ff a5 3ff000
0ff a6 3ff000
0ff a7 3ff000
0ff a8 3ff000
0ff a9 3ff000
0ff aa 3ff000
0ff ab 3ff000
0ff ac 3ff000
0ff ad 3ff000
0ff ae 3ff000
0ff af 3ff000
0ff b0 3ff000
0ff b1 3ff000
0ff b2 3ff000
0ff b3 3ff000
0ff b4 3ff000
0ff b5 3ff000
0ff b6 3ff000
0ff b7 3ff000
0ff b8 3ff000
0ff b9 3ff000
0ff ba 3ff000
0ff bb 3ff000
0ff bc 3ff000
0ff bd 3ff000
0ff be 3ff000
0ff bf 3ff000
0ff c0 3ff000
0ff c1 3ff000
0ff c2 3ff000
0ff c3 3ff000
0ff c4 3ff000
0ff c5 3ff000
0ff c6 3ff000
0ff c7 3ff000
0ff c8 3ff000
0ff c9 3ff000
0ff ca 3ff000
0ff cb 3ff000
0ff cc 3ff000
0ff cd 3ff000
0ff ce 3ff000
0ff cf 3ff000
0ff d0 3ff000
0ff d1 3ff000
0ff d2 3ff000
0ff d3 3ff000
0ff d4 3ff000
0ff d5 3ff000
0ff d6 3ff000
0ff d7 3ff000
0ff d8 3ff000
0ff d9 3ff000
0ff da 3ff000
0ff db 3ff000
0ff dc 3ff000
0ff dd 3ff000
0ff de 3ff000
0ff df 3ff000
0ff e0 3ff000
0ff e1 3ff000
0ff e2 3ff000
0ff e3 3ff000
0ff e4 3ff000
0ff e5 3ff000
0ff e6 3ff000
0ff e7 3ff000
0ff e8 3ff000
0ff e9 3ff000
0ff ea 3ff000
0ff eb 3ff000
0ff ec 3ff000
0ff ed 3ff000
0ff ee 3ff000
0ff ef 3ff000
0ff f0 3ff000
0ff f1 3ff000
0ff f2 3ff000
0ff f3 3ff000
0ff f4 3ff000
0ff f5 3ff000
0ff f6 3ff000
0ff f7 3ff000
0ff f8 3ff000
0ff f9 3ff000
0ff fa 3ff000
0ff fb 3ff000
0ff fc 3ff000
0ff fd 3ff000
0ff fe 3ff000
0ff ff 3ff000
0fd 00 3f7400
0fd 01 3f7400
0fd 02 3f7400
0fd 03 3f7400
0fd 04 3f7400
0fd 05 3f7400
0fd 06 3f7400
0fd 07 3f7400
0fd 08 3f1420
0fd 09 3f1420
0fd 0a 3f1420
0fd 0b 3f1420
0fd 0c 3f1420
0fd 0d 3f1420
0fd 0e 3f1420
0fd 0f 3f1420
0fd 10 3f7400
0fd 11 3f7400
0fd 12 3f7400
0fd 13 3f7400
0fd 14 3f7400
0fd 15 3f7400
0fd 16 3f7400
0fd 17 3f7400
0fd 18 3f1420
0fd 19 3f1420
0fd 1a 3f1420
0fd 1b 3f1420
0fd 1c 3f1420
0fd 1d 3f1420
0fd 1e 3f1420
0fd 1f 3f1420
0fd 20 3f7400
0fd 21 3f7400
0fd 22 3f7400
0fd 23 3f7400
0fd 24 3f7400
0fd 25 3f7400
0fd 26 3f7400
0fd 27 3f7400
0fd 28 3f1420
0fd 29 3f1420
0fd 2a 3f1420
0fd 2b 3f1420
0fd 2c 3f1420
0fd 2d 3f1420
0fd 2e 3f1420
0fd 2f 3f1420
0fd 30 3f7400
0fd 31 3f7400
0fd 32 3f7400
0fd 33 3f7400
0fd 34 3f7400
0fd 35 3f7400
0fd 36 3f7400
0fd 37 3f7400
0fd 38 3f1420
0fd 39 3f1420
0fd 3a 3f1420
0fd 3b 3f1420
0fd 3c 3f1420
0fd 3d 3f1420
0fd 3e 3f1420
0fd 3f 3f1420
0fd 40 3f7400
0fd 41 3f7400
0fd 42 3f7400
0fd 43 3f7400
0fd 44 3f7400
0fd 45 3f7400
0fd 46 3f7400
0fd 47 3f7400
0fd 48 3f1420
0fd 49 3f1420
0fd 4a 3f1420
0fd 4b 3f1420
0fd 4c 3f1420
0fd 4d 3f1420
0fd 4e 3f1420
0fd 4f 3f1420
0fd 50 3f7400
0fd 51 3f7400
0fd 52 3f7400
0fd 53 3f7400
0fd 54 3f7400
0fd 55 3f7400
0fd 56 3f7400
0fd 57 3f7400
0fd 58 3f1420
0fd 59 3f1420
0fd 5a 3f1420
0fd 5b 3f1420
0fd 5c 3f1420
0fd 5d 3f1420
0fd 5e 3f1420
0fd 5f 3f1420
0fd 60 3f7400
0fd 61 3f7400
0fd 62 3f7400
0fd 63 3f7400
0fd 64 3f7400
0fd 65 3f7400
0fd 66 3f7400
0fd 67 3f7400
0fd 68 3f1420
0fd 69 3f1420
0fd 6a 3f1420
0fd 6b 3f1420
0fd 6c 3f1420
0fd 6d 3f1420
0fd 6e 3f1420
0fd 6f 3f1420
0fd 70 3f7400
0fd 71 3f7400
0fd 72 3f7400
0fd 73 3f7400
0fd 74 3f7400
0fd 75 3f7400
0fd 76 3f7400
0fd 77 3f7400
0fd 78 3f1420
0fd 79 3f1420
0fd 7a 3f1420
0fd 7b 3f1420
0fd 7c 3f1420
0fd 7d 3f1420
0fd 7e 3f1420
0fd 7f 3f1420
0fd 80 3f7400
0fd 81 3f7400
0fd 82 3f7400
0fd 83 3f7400
0fd 84 3f7400
0fd 85 3f7400
0fd 86 3f7400
0fd 87 3f7400
0fd 88 3f1420
0fd 89 3f1420
0fd 8a 3f1420
0fd 8b 3f1420
0fd 8c 3f1420
0fd 8d 3f1420
0fd 8e 3f1420
0fd 8f 3f1420
0fd 90 3f7400
0fd 91 3f7400
0fd 92 3f7400
0fd 93 3f7400
0fd 94 3f7400
0fd 95 3f7400
0fd 96 3f7400
0fd 97 3f7400
0fd 98 3f1420
0fd 99 3f1420
0fd 9a 3f1420
0fd 9b 3f1420
0fd 9c 3f1420
0fd 9d 3f1420
0fd 9e 3f1420
0fd 9f 3f1420
0fd a0 3f7400
0fd a1 3f7400
0fd a2 3f7400
0fd a3 3f7400
0fd a4 3f7400
0fd a5 3f7400
0fd a6 3f7400
0fd a7 3f7400
0fd a8 3f1420
0fd a9 3f1420
0fd aa 3f1420
0fd ab 3f1420
0fd ac 3f1420
0fd ad 3f1420
0fd ae 3f1420
0fd af 3f1420
0fd b0 3f7400
0fd b1 3f7400
0fd b2 3f7400
0fd b3 3f7400
0fd b4 3f7400
0fd b5 3f7400
0fd b6 3f7400
0fd b7 3f7400
0fd b8 3f1420
0fd b9 3f1420
0fd ba 3f1420
0fd bb 3f1420
0fd bc 3f1420
0fd bd 3f1420
0fd be 3f1420
0fd bf 3f1420
0fd c0 3f7400
0fd c1 3f7400
0fd c2 3f7400
0fd c3 3f7400
0fd c4 3f7400
0fd c5 3f7400
0fd c6 3f7400
0fd c7 3f7400
0fd c8 3f1420
0fd c9 3f1420
0fd ca 3f1420
0fd cb 3f1420
0fd cc 3f1420
0fd cd 3f1420
0fd ce 3f1420
0fd cf 3f1420
0fd d0 3f7400
0fd d1 3f7400
0fd d2 3f7400
0fd d3 3f7400
0fd d4 3f7400
0fd d5 3f7400
0fd d6 3f7400
0fd d7 3f7400
0fd d8 3f1420
0fd d9 3f1420
0fd da 3f1420
0fd db 3f1420
0fd dc 3f1420
0fd dd 3f1420
0fd de 3f1420
0fd df 3f1420
0fd e0 3f7400
0fd e1 3f7400
0fd e2 3f7400
0fd e3 3f7400
0fd e4 3f7400
0fd e5 3f7400
0fd e6 3f7400
0fd e7 3f7400
0fd e8 3f1420
0fd e9 3f1420
0fd ea 3f1420
0fd eb 3f1420
0fd ec 3f1420
0fd ed 3f1420
0fd ee 3f1420
0fd ef 3f1420
0fd f0 3f7400
0fd f1 3f7400
0fd f2 3f7400
0fd f3 3f7400
0fd f4 3f7400
0fd f5 3f7400
0fd f6 3f7400
0fd f7 3f7400
0fd f8 3f1420
0fd f9 3f1420
0fd fa 3f1420
0fd fb 3f1420
0fd fc 3f1420
0fd fd 3f1420
0fd fe 3f1420
0fd ff 3f1420
0f4 00 3d3400
0f4 01 3d3400
0f4 02 3d3400
0f4 03 3d3400
0f4 04 3d3400
0f4 05 3d3400
0f4 06 3d3400
0f4 07 3d3400
0f4 08 3f1420
0f4 09 3f1420
0f4 0a 3f1420
0f4 0b 3f1420
0f4 0c 3f1420
0f4 0d 3f1420
0f4 0e 3f1420
0f4 0f 3f1420
0f4 10 3d3400
0f4 11 3d3400
0f4 12 3d3400
0f4 13 3d3400
0f4 14 3d3400
0f4 15 3d3400
0f4 16 3d3400
0f4 17 3d3400
0f4 18 3f1420
0f4 19 3f1420
0f4 1a 3f1420
0f4 1b 3f1420
0f4 1c 3f1420
0f4 1d 3f1420
0f4 1e 3f1420
0f4 1f 3f1420
0f4 20 3d3400
0f4 21 3d3400
0f4 22 3d3400
0f4 23 3d3400
0f4 24 3d3400
0f4 25 3d3400
0f4 26 3d3400
0f4 27 3d3400
0f4 28 3f1420
0f4 29 3f1420
0f4 2a 3f1420
0f4 2b 3f1420
0f4 2c 3f1420
0f4 2d 3f1420
0f4 2e 3f1420
0f4 2f 3f1420
0f4 30 3d3400
0f4 31 3d3400
0f4 32 3d3400
0f4 33 3d3400
0f4 34 3d3400
0f4 35 3d3400
0f4 36 3d3400
0f4 37 3d3400
0f4 38 3f1420
0f4 39 3f1420
0f4 3a 3f1420
0f4 3b 3f1420
0f4 3c 3f1420
0f4 3d 3f1420
0f4 3e 3f1420
0f4 3f 3f1420
0f4 40 3d3400
0f4 41 3d3400
0f4 42 3d3400
0f4 43 3d3400
0f4 44 3d3400
0f4 45 3d3400
0f4 46 3d3400
0f4 47 3d3400
0f4 48 3f1420
0f4 49 3f1420
0f4 4a 3f1420
0f4 4b 3f1420
0f4 4c 3f1420
0f4 4d 3f1420
0f4 4e 3f1420
0f4 4f 3f1420
0f4 50 3d3400
0f4 51 3d3400
0f4 52 3d3400
0f4 53 3d3400
0f4 54 3d3400
0f4 55 3d3400
0f4 56 3d3400
0f4 57 3d3400
0f4 58 3f1420
0f4 59 3f1420
0f4 5a 3f1420
0f4 5b 3f1420
0f4 5c 3f1420
0f4 5d 3f1420
0f4 5e 3f1420
0f4 5f 3f1420
0f4 60 3d3400
0f4 61 3d3400
0f4 62 3d3400
0f4 63 3d3400
0f4 64 3d3400
0f4 65 3d3400
0f4 66 3d3400
0f4 67 3d3400
0f4 68 3f1420
0f4 69 3f1420
0f4 6a 3f1420
0f4 6b 3f1420
0f4 6c 3f1420
0f4 6d 3f1420
0f4 6e 3f1420
0f4 6f 3f1420
0f4 70 3d3400
0f4 71 3d3400
0f4 72 3d3400
0f4 73 3d3400
0f4 74 3d3400
0f4 75 3d3400
0f4 76 3d3400
0f4 77 3d3400
0f4 78 3f1420
0f4 79 3f1420
0f4 7a 3f1420
0f4 7b 3f1420
0f4 7c 3f1420
0f4 7d 3f1420
0f4 7e 3f1420
0f4 7f 3f1420
0f4 80 3d3400
0f4 81 3d3400
0f4 82 3d3400
0f4 83 3d3400
0f4 84 3d3400
0f4 85 3d3400
0f4 86 3d3400
0f4 87 3d3400
0f4 88 3f1420
0f4 89 3f1420
0f4 8a 3f1420
0f4 8b 3f1420
0f4 8c 3f1420
0f4 8d 3f1420
0f4 8e 3f1420
0f4 8f 3f1420
0f4 90 3d3400
0f4 91 3d3400
0f4 92 3d3400
0f4 93 3d3400
0f4 94 3d3400
0f4 95 3d3400
0f4 96 3d3400
0f4 97 3d3400
0f4 98 3f1420
0f4 99 3f1420
0f4 9a 3f1420
0f4 9b 3f1420
0f4 9c 3f1420
0f4 9d 3f1420
0f4 9e 3f1420
0f4 9f 3f1420
0f4 a0 3d3400
0f4 a1 3d3400
0f4 a2 3d3400
0f4 a3 3d3400
0f4 a4 3d3400
0f4 a5 3d3400
0f4 a6 3d3400
0f4 a7 3d3400
0f4 a8 3f1420
0f4 a9 3f1420
0f4 aa 3f1420
0f4 ab 3f1420
0f4 ac 3f1420
0f4 ad 3f1420
0f4 ae 3f1420
0f4 af 3f1420
0f4 b0 3d3400
0f4 b1 3d3400
0f4 b2 3d3400
0f4 b3 3d3400
0f4 b4 3d3400
0f4 b5 3d3400
0f4 b6 3d3400
0f4 b7 3d3400
0f4 b8 3f1420
0f4 b9 3f1420
0f4 ba 3f1420
0f4 bb 3f1420
0f4 bc 3f1420
0f4 bd 3f1420
0f4 be 3f1420
0f4 bf 3f1420
0f4 c0 3d3400
0f4 c1 3d3400
0f4 c2 3d3400
0f4 c3 3d3400
0f4 c4 3d3400
0f4 c5 3d3400
0f4 c6 3d3400
0f4 c7 3d3400
0f4 c8 3f1420
0f4 c9 3f1420
0f4 ca 3f1420
0f4 cb 3f1420
0f4 cc 3f1420
0f4 cd 3f1420
0f4 ce 3f1420
0f4 cf 3f1420
0f4 d0 3d3400
0f4 d1 3d3400
0f4 d2 3d3400
0f4 d3 3d3400
0f4 d4 3d3400
0f4 d5 3d3400
0f4 d6 3d3400
0f4 d7 3d3400
0f4 d8 3f1420
0f4 d9 3f1420
0f4 da 3f1420
0f4 db 3f1420
0f4 dc 3f1420
0f4 dd 3f1420
0f4 de 3f1420
0f4 df 3f1420
0f4 e0 3d3400
0f4 e1 3d3400
0f4 e2 3d3400
0f4 e3 3d3400
0f4 e4 3d3400
0f4 e5 3d3400
0f4 e6 3d3400
0f4 e7 3d3400
0f4 e8 3f1420
0f4 e9 3f1420
0f4 ea 3f1420
0f4 eb 3f1420
0f4 ec 3f1420
0f4 ed 3f1420
0f4 ee 3f1420
0f4 ef 3f1420
0f4 f0 3d3400
0f4 f1 3d3400
0f4 f2 3d3400
0f4 f3 3d3400
0f4 f4 3d3400
0f4 f5 3d3400
0f4 f6 3d3400
0f4 f7 3d3400
0f4 f8 3f1420
0f4 f9 3f1420
0f4 fa 3f1420
0f4 fb 3f1420
0f4 fc 3f1420
0f4 fd 3f1420
0f4 fe 3f1420
0f4 ff 3f1420
0f7 00 3df400
0f7 01 3df400
0f7 02 3df400
0f7 03 3df400
0f7 04 3df400
0f7 05 3df400
0f7 06 3df400
0f7 07 3df400
0f7 08 3cd420
0f7 09 3cd420
0f7 0a 3cd420
0f7 0b 3cd420
0f7 0c 3cd420
0f7 0d 3cd420
0f7 0e 3cd420
0f7 0f 3cd420
0f7 10 3df400
0f7 11 3df400
0f7 12 3df400
0f7 13 3df400
0f7 14 3df400
0f7 15 3df400
0f7 16 3df400
0f7 17 3df400
0f7 18 3cd420
0f7 19 3cd420
0f7 1a 3cd420
0f7 1b 3cd420
0f7 1c 3cd420
0f7 1d 3cd420
0f7 1e 3cd420
0f7 1f 3cd420
0f7 20 3df400
0f7 21 3df400
0f7 22 3df400
0f7 23 3df400
0f7 24 3df400
0f7 25 3df400
0f7 26 3df400
0f7 27 3df400
0f7 28 3cd420
0f7 29 3cd420
0f7 2a 3cd420
0f7 2b 3cd420
0f7 2c 3cd420
0f7 2d 3cd420
0f7 2e 3cd420
0f7 2f 3cd420
0f7 30 3df400
0f7 31 3df400
0f7 32 3df400
0f7 33 3df400
0f7 34 3df400
0f7 35 3df400
0f7 36 3df400
0f7 37 3df400
0f7 38 3cd420
0f7 39 3cd420
0f7 3a 3cd420
0f7 3b 3cd420
0f7 3c 3cd420
0f7 3d 3cd420
0f7 3e 3cd420
0f7 3f 3cd420
0f7 40 3df400
0f7 41 3df400
0f7 42 3df400
0f7 43 3df400
0f7 44 3df400
0f7 45 3df400
0f7 46 3df400
0f7 47 3df400
0f7 48 3cd420
0f7 49 3cd420
0f7 4a 3cd420
0f7 4b 3cd420
0f7 4c 3cd420
0f7 4d 3cd420
0f7 4e 3cd420
0f7 4f 3cd420
0f7 50 3df400
0f7 51 3df400
0f7 52 3df400
0f7 53 3df400
0f7 54 3df400
0f7 55 3df400
0f7 56 3df400
0f7 57 3df400
0f7 58 3cd420
0f7 59 3cd420
0f7 5a 3cd420
0f7 5b 3cd420
0f7 5c 3cd420
0f7 5d 3cd420
0f7 5e 3cd420
0f7 5f 3cd420
0f7 60 3df400
0f7 61 3df400
0f7 62 3df400
0f7 63 3df400
0f7 64 3df400
0f7 65 3df400
0f7 66 3df400
0f7 67 3df400
0f7 68 3cd420
0f7 69 3cd420
0f7 6a 3cd420
0f7 6b 3cd420
0f7 6c 3cd420
0f7 6d 3cd420
0f7 6e 3cd420
0f7 6f 3cd420
0f7 70 3df400
0f7 71 3df400
0f7 72 3df400
0f7 73 3df400
0f7 74 3df400
0f7 75 3df400
0f7 76 3df400
0f7 77 3df400
0f7 78 3cd420
0f7 79 3cd420
0f7 7a 3cd420
0f7 7b 3cd420
0f7 7c 3cd420
0f7 7d 3cd420
0f7 7e 3cd420
0f7 7f 3cd420
0f7 80 3df400
0f7 81 3df400
0f7 82 3df400
0f7 83 3df400
0f7 84 3df400
0f7 85 3df400
0f7 86 3df400
0f7 87 3df400
0f7 88 3cd420
0f7 89 3cd420
0f7 8a 3cd420
0f7 8b 3cd420
0f7 8c 3cd420
0f7 8d 3cd420
0f7 8e 3cd420
0f7 8f 3cd420
0f7 90 3df400
0f7 91 3df400
0f7 92 3df400
0f7 93 3df400
0f7 94 3df400
0f7 95 3df400
0f7 96 3df400
0f7 97 3df400
0f7 98 3cd420
0f7 99 3cd420
0f7 9a 3cd420
0f7 9b 3cd420
0f7 9c 3cd420
0f7 9d 3cd420
0f7 9e 3cd420
0f7 9f 3cd420
0f7 a0 3df400
0f7 a1 3df400
0f7 a2 3df400
0f7 a3 3df400
0f7 a4 3df400
0f7 a5 3df400
0f7 a6 3df400
0f7 a7 3df400
0f7 a8 3cd420
0f7 a9 3cd420
0f7 aa 3cd420
0f7 ab 3cd420
0f7 ac 3cd420
0f7 ad 3cd420
0f7 ae 3cd420
0f7 af 3cd420
0f7 b0 3df400
0f7 b1 3df400
0f7 b2 3df400
0f7 b3 3df400
0f7 b4 3df400
0f7 b5 3df400
0f7 b6 3df400
0f7 b7 3df400
0f7 b8 3cd420
0f7 b9 3cd420
0f7 ba 3cd420
0f7 bb 3cd420
0f7 bc 3cd420
0f7 bd 3cd420
0f7 be 3cd420
0f7 bf 3cd420
0f7 c0 3df400
0f7 c1 3df400
0f7 c2 3df400
0f7 c3 3df400
0f7 c4 3df400
0f7 c5 3df400
0f7 c6 3df400
0f7 c7 3df400
0f7 c8 3cd420
0f7 c9 3cd420
0f7 ca 3cd420
0f7 cb 3cd420
0f7 cc 3cd420
0f7 cd 3cd420
0f7 ce 3cd420
0f7 cf 3cd420
0f7 d0 3df400
0f7 d1 3df400
0f7 d2 3df400
0f7 d3 3df400
0f7 d4 3df400
0f7 d5 3df400
0f7 d6 3df400
0f7 d7 3df400
0f7 d8 3cd420
0f7 d9 3cd420
0f7 da 3cd420
0f7 db 3cd420
0f7 dc 3cd420
0f7 dd 3cd420
0f7 de 3cd420
0f7 df 3cd420
0f7 e0 3df400
0f7 e1 3df400
0f7 e2 3df400
0f7 e3 3df400
0f7 e4 3df400
0f7 e5 3df400
0f7 e6 3df400
0f7 e7 3df400
0f7 e8 3cd420
0f7 e9 3cd420
0f7 ea 3cd420
0f7 eb 3cd420
0f7 ec 3cd420
0f7 ed 3cd420
0f7 ee 3cd420
0f7 ef 3cd420
0f7 f0 3df400
0f7 f1 3df400
0f7 f2 3df400
0f7 f3 3df400
0f7 f4 3df400
0f7 f5 3df400
0f7 f6 3df400
0f7 f7 3df400
0f7 f8 3cd420
0f7 f9 3cd420
0f7 fa 3cd420
0f7 fb 3cd420
0f7 fc 3cd420
0f7 fd 3cd420
0f7 fe 3cd420
0f7 ff 3cd420
0f5 00 3d7800
0f5 01 3d7800
0f5 02 3d7800
0f5 03 3d7800
0f5 04 3d7800
0f5 05 3d7800
0f5 06 3d7800
0f5 07 3d7800
0f5 08 3d4820
0f5 09 3d4820
0f5 0a 3d4820
0f5 0b 3d4820
0f5 0c 3d4820
0f5 0d 3d4820
0f5 0e 3d4820
0f5 0f 3d4820
0f5 10 3d7800
0f5 11 3d7800
0f5 12 3d7800
0f5 13 3d7800
0f5 14 3d7800
0f5 15 3d7800
0f5 16 3d7800
0f5 17 3d7800
0f5 18 3d4820
0f5 19 3d4820
0f5 1a 3d4820
0f5 1b 3d4820
0f5 1c 3d4820
0f5 1d 3d4820
0f5 1e 3d4820
0f5 1f 3d4820
0f5 20 3d7800
0f5 21 3d7800
0f5 22 3d7800
0f5 23 3d7800
0f5 24 3d7800
0f5 25 3d7800
0f5 26 3d7800
0f5 27 3d7800
0f5 28 3d4820
0f5 29 3d4820
0f5 2a 3d4820
0f5 2b 3d4820
0f5 2c 3d4820
0f5 2d 3d4820
0f5 2e 3d4820
0f5 2f 3d4820
0f5 30 3d7800
0f5 31 3d7800
0f5 32 3d7800
0f5 33 3d7800
0f5 34 3d7800
0f5 35 3d7800
0f5 36 3d7800
0f5 37 3d7800
0f5 38 3d4820
0f5 39 3d4820
0f5 3a 3d4820
0f5 3b 3d4820
0f5 3c 3d4820
0f5 3d 3d4820
0f5 3e 3d4820
0f5 3f 3d4820
0f5 40 3d7800
0f5 41 3d7800
0f5 42 3d7800
0f5 43 3d7800
0f5 44 3d7800
0f5 45 3d7800
0f5 46 3d7800
0f5 47 3d7800
0f5 48 3d4820
0f5 49 3d4820
0f5 4a 3d4820
0f5 4b 3d4820
0f5 4c 3d4820
0f5 4d 3d4820
0f5 4e 3d4820
0f5 4f 3d4820
0f5 50 3d7800
0f5 51 3d7800
0f5 52 3d7800
0f5 53 3d7800
0f5 54 3d7800
0f5 55 3d7800
0f5 56 3d7800
0f5 57 3d7800
0f5 58 3d4820
0f5 59 3d4820
0f5 5a 3d4820
0f5 5b 3d4820
0f5 5c 3d4820
0f5 5d 3d4820
0f5 5e 3d4820
0f5 5f 3d4820
0f5 60 3d7800
0f5 61 3d7800
0f5 62 3d7800
0f5 63 3d7800
0f5 64 3d7800
0f5 65 3d7800
0f5 66 3d7800
0f5 67 3d7800
0f5 68 3d4820
0f5 69 3d4820
0f5 6a 3d4820
0f5 6b 3d4820
0f5 6c 3d4820
0f5 6d 3d4820
0f5 6e 3d4820
0f5 6f 3d4820
0f5 70 3d7800
0f5 71 3d7800
0f5 72 3d7800
0f5 73 3d7800
0f5 74 3d7800
0f5 75 3d7800
0f5 76 3d7800
0f5 77 3d7800
0f5 78 3d4820
0f5 79 3d4820
0f5 7a 3d4820
0f5 7b 3d4820
0f5 7c 3d4820
0f5 7d 3d4820
0f5 7e 3d4820
0f5 7f 3d4820
0f5 80 3d7800
0f5 81 3d7800
0f5 82 3d7800
0f5 83 3d7800
0f5 84 3d7800
0f5 85 3d7800
0f5 86 3d7800
0f5 87 3d7800
0f5 88 3d4820
0f5 89 3d4820
0f5 8a 3d4820
0f5 8b 3d4820
0f5 8c 3d4820
0f5 8d 3d4820
0f5 8e 3d4820
0f5 8f 3d4820
0f5 90 3d7800
0f5 91 3d7800
0f5 92 3d7800
0f5 93 3d7800
0f5 94 3d7800
0f5 95 3d7800
0f5 96 3d7800
0f5 97 3d7800
0f5 98 3d4820
0f5 99 3d4820
0f5 9a 3d4820
0f5 9b 3d4820
0f5 9c 3d4820
0f5 9d 3d4820
0f5 9e 3d4820
0f5 9f 3d4820
0f5 a0 3d7800
0f5 a1 3d7800
0f5 a2 3d7800
0f5 a3 3d7800
0f5 a4 3d7800
0f5 a5 3d7800
0f5 a6 3d7800
0f5 a7 3d7800
0f5 a8 3d4820
0f5 a9 3d4820
0f5 aa 3d4820
0f5 ab 3d4820
0f5 ac 3d4820
0f5 ad 3d4820
0f5 ae 3d4820
0f5 af 3d4820
0f5 b0 3d7800
0f5 b1 3d7800
0f5 b2 3d7800
0f5 b3 3d7800
0f5 b4 3d7800
0f5 b5 3d7800
0f5 b6 3d7800
0f5 b7 3d7800
0f5 b8 3d4820
0f5 b9 3d4820
0f5 ba 3d4820
0f5 bb 3d4820
0f5 bc 3d4820
0f5 bd 3d4820
0f5 be 3d4820
0f5 bf 3d4820
0f5 c0 3d7800
0f5 c1 3d7800
0f5 c2 3d7800
0f5 c3 3d7800
0f5 c4 3d7800
0f5 c5 3d7800
0f5 c6 3d7800
0f5 c7 3d7800
0f5 c8 3d4820
0f5 c9 3d4820
0f5 ca 3d4820
0f5 cb 3d4820
0f5 cc 3d4820
0f5 cd 3d4820
0f5 ce 3d4820
0f5 cf 3d4820
0f5 d0 3d7800
0f5 d1 3d7800
0f5 d2 3d7800
0f5 d3 3d7800
0f5 d4 3d7800
0f5 d5 3d7800
0f5 d6 3d7800
0f5 d7 3d7800
0f5 d8 3d4820
0f5 d9 3d4820
0f5 da 3d4820
0f5 db 3d4820
0f5 dc 3d4820
0f5 dd 3d4820
0f5 de 3d4820
0f5 df 3d4820
0f5 e0 3d7800
0f5 e1 3d7800
0f5 e2 3d7800
0f5 e3 3d7800
0f5 e4 3d7800
0f5 e5 3d7800
0f5 e6 3d7800
0f5 e7 3d7800
0f5 e8 3d4820
0f5 e9 3d4820
0f5 ea 3d4820
0f5 eb 3d4820
0f5 ec 3d4820
0f5 ed 3d4820
0f5 ee 3d4820
0f5 ef 3d4820
0f5 f0 3d7800
0f5 f1 3d7800
0f5 f2 3d7800
0f5 f3 3d7800
0f5 f4 3d7800
0f5 f5 3d7800
0f5 f6 3d7800
0f5 f7 3d7800
0f5 f8 3d4820
0f5 f9 3d4820
0f5 fa 3d4820
0f5 fb 3d4820
0f5 fc 3d4820
0f5 fd 3d4820
0f5 fe 3d4820
0f5 ff 3d4820
0d0 00 343000
0d0 01 343000
0d0 02 343000
0d0 03 343000
0d0 04 340012
0d0 05 340012
0d0 06 340012
0d0 07 340012
0d0 08 343000
0d0 09 343000
0d0 0a 343000
0d0 0b 343000
0d0 0c 340012
0d0 0d 340012
0d0 0e 340012
0d0 0f 340012
0d0 10 343000
0d0 11 343000
0d0 12 343000
0d0 13 343000
0d0 14 340012
0d0 15 340012
0d0 16 340012
0d0 17 340012
0d0 18 343000
0d0 19 343000
0d0 1a 343000
0d0 1b 343000
0d0 1c 340012
0d0 1d 340012
0d0 1e 340012
0d0 1f 340012
0d0 20 343000
0d0 21 343000
0d0 22 343000
0d0 23 343000
0d0 24 340012
0d0 25 340012
0d0 26 340012
0d0 27 340012
0d0 28 343000
0d0 29 343000
0d0 2a 343000
0d0 2b 343000
0d0 2c 340012
0d0 2d 340012
0d0 2e 340012
0d0 2f 340012
0d0 30 343000
0d0 31 343000
0d0 32 343000
0d0 33 343000
0d0 34 340012
0d0 35 340012
0d0 36 340012
0d0 37 340012
0d0 38 343000
0d0 39 343000
0d0 3a 343000
0d0 3b 343000
0d0 3c 340012
0d0 3d 340012
0d0 3e 340012
0d0 3f 340012
0d0 40 343000
0d0 41 343000
0d0 42 343000
0d0 43 343000
0d0 44 340012
0d0 45 340012
0d0 46 340012
0d0 47 340012
0d0 48 343000
0d0 49 343000
0d0 4a 343000
0d0 4b 343000
0d0 4c 340012
0d0 4d 340012
0d0 4e 340012
0d0 4f 340012
0d0 50 343000
0d0 51 343000
0d0 52 343000
0d0 53 343000
0d0 54 340012
0d0 55 340012
0d0 56 340012
0d0 57 340012
0d0 58 343000
0d0 59 343000
0d0 5a 343000
0d0 5b 343000
0d0 5c 340012
0d0 5d 340012
0d0 5e 340012
0d0 5f 340012
0d0 60 343000
0d0 61 343000
0d0 62 343000
0d0 63 343000
0d0 64 340012
0d0 65 340012
0d0 66 340012
0d0 67 340012
0d0 68 343000
0d0 69 343000
0d0 6a 343000
0d0 6b 343000
0d0 6c 340012
0d0 6d 340012
0d0 6e 340012
0d0 6f 340012
0d0 70 343000
0d0 71 343000
0d0 72 343000
0d0 73 343000
0d0 74 340012
0d0 75 340012
0d0 76 340012
0d0 77 340012
0d0 78 343000
0d0 79 343000
0d0 7a 343000
0d0 7b 343000
0d0 7c 340012
0d0 7d 340012
0d0 7e 340012
0d0 7f 340012
0d0 80 343000
0d0 81 343000
0d0 82 343000
0d0 83 343000
0d0 84 340012
0d0 85 340012
0d0 86 340012
0d0 87 340012
0d0 88 343000
0d0 89 343000
0d0 8a 343000
0d0 8b 343000
0d0 8c 340012
0d0 8d 340012
0d0 8e 340012
0d0 8f 340012
0d0 90 343000
0d0 91 343000
0d0 92 343000
0d0 93 343000
0d0 94 340012
0d0 95 340012
0d0 96 340012
0d0 97 340012
0d0 98 343000
0d0 99 343000
0d0 9a 343000
0d0 9b 343000
0d0 9c 340012
0d0 9d 340012
0d0 9e 340012
0d0 9f 340012
0d0 a0 343000
0d0 a1 343000
0d0 a2 343000
0d0 a3 343000
0d0 a4 340012
0d0 a5 340012
0d0 a6 340012
0d0 a7 340012
0d0 a8 343000
0d0 a9 343000
0d0 aa 343000
0d0 ab 343000
0d0 ac 340012
0d0 ad 340012
0d0 ae 340012
0d0 af 340012
0d0 b0 343000
0d0 b1 343000
0d0 b2 343000
0d0 b3 343000
0d0 b4 340012
0d0 b5 340012
0d0 b6 340012
0d0 b7 340012
0d0 b8 343000
0d0 b9 343000
0d0 ba 343000
0d0 bb 343000
0d0 bc 340012
0d0 bd 340012
0d0 be 340012
0d0 bf 340012
0d0 c0 343000
0d0 c1 343000
0d0 c2 343000
0d0 c3 343000
0d0 c4 340012
0d0 c5 340012
0d0 c6 340012
0d0 c7 340012
0d0 c8 343000
0d0 c9 343000
0d0 ca 343000
0d0 cb 343000
0d0 cc 340012
0d0 cd 340012
0d0 ce 340012
0d0 cf 340012
0d0 d0 343000
0d0 d1 343000
0d0 d2 343000
0d0 d3 343000
0d0 d4 340012
0d0 d5 340012
0d0 d6 340012
0d0 d7 340012
0d0 d8 343000
0d0 d9 343000
0d0 da 343000
0d0 db 343000
0d0 dc 340012
0d0 dd 340012
0d0 de 340012
0d0 df 340012
0d0 e0 343000
0d0 e1 343000
0d0 e2 343000
0d0 e3 343000
0d0 e4 340012
0d0 e5 340012
0d0 e6 340012
0d0 e7 340012
0d0 e8 343000
0d0 e9 343000
0d0 ea 343000
0d0 eb 343000
0d0 ec 340012
0d0 ed 340012
0d0 ee 340012
0d0 ef 340012
0d0 f0 343000
0d0 f1 343000
0d0 f2 343000
0d0 f3 343000
0d0 f4 340012
0d0 f5 340012
0d0 f6 340012
0d0 f7 340012
0d0 f8 343000
0d0 f9 343000
0d0 fa 343000
0d0 fb 343000
0d0 fc 340012
0d0 fd 340012
0d0 fe 340012
0d0 ff 340012
0d3 00 34f000
0d3 01 34f000
0d3 02 34f000
0d3 03 34f000
0d3 04 34f000
0d3 05 34f000
0d3 06 34f000
0d3 07 34f000
0d3 08 34c022
0d3 09 34c022
0d3 0a 34c022
0d3 0b 34c022
0d3 0c 34c022
0d3 0d 34c022
0d3 0e 34c022
0d3 0f 34c022
0d3 10 34f000
0d3 11 34f000
0d3 12 34f000
0d3 13 34f000
0d3 14 34f000
0d3 15 34f000
0d3 16 34f000
0d3 17 34f000
0d3 18 34c022
0d3 19 34c022
0d3 1a 34c022
0d3 1b 34c022
0d3 1c 34c022
0d3 1d 34c022
0d3 1e 34c022
0d3 1f 34c022
0d3 20 34f000
0d3 21 34f000
0d3 22 34f000
0d3 23 34f000
0d3 24 34f000
0d3 25 34f000
0d3 26 34f000
0d3 27 34f000
0d3 28 34c022
0d3 29 34c022
0d3 2a 34c022
0d3 2b 34c022
0d3 2c 34c022
0d3 2d 34c022
0d3 2e 34c022
0d3 2f 34c022
0d3 30 34f000
0d3 31 34f000
0d3 32 34f000
0d3 33 34f000
0d3 34 34f000
0d3 35 34f000
0d3 36 34f000
0d3 37 34f000
0d3 38 34c022
0d3 39 34c022
0d3 3a 34c022
0d3 3b 34c022
0d3 3c 34c022
0d3 3d 34c022
0d3 3e 34c022
0d3 3f 34c022
0d3 40 34f000
0d3 41 34f000
0d3 42 34f000
0d3 43 34f000
0d3 44 34f000
0d3 45 34f000
0d3 46 34f000
0d3 47 34f000
0d3 48 34c022
0d3 49 34c022
0d3 4a 34c022
0d3 4b 34c022
0d3 4c 34c022
0d3 4d 34c022
0d3 4e 34c022
0d3 4f 34c022
0d3 50 34f000
0d3 51 34f000
0d3 52 34f000
0d3 53 34f000
0d3 54 34f000
0d3 55 34f000
0d3 56 34f000
0d3 57 34f000
0d3 58 34c022
0d3 59 34c022
0d3 5a 34c022
0d3 5b 34c022
0d3 5c 34c022
0d3 5d 34c022
0d3 5e 34c022
0d3 5f 34c022
0d3 60 34f000
0d3 61 34f000
0d3 62 34f000
0d3 63 34f000
0d3 64 34f000
0d3 65 34f000
0d3 66 34f000
0d3 67 34f000
0d3 68 34c022
0d3 69 34c022
0d3 6a 34c022
0d3 6b 34c022
0d3 6c 34c022
0d3 6d 34c022
0d3 6e 34c022
0d3 6f 34c022
0d3 70 34f000
0d3 71 34f000
0d3 72 34f000
0d3 73 34f000
0d3 74 34f000
0d3 75 34f000
0d3 76 34f000
0d3 77 34f000
0d3 78 34c022
0d3 79 34c022
0d3 7a 34c022
0d3 7b 34c022
0d3 7c 34c022
0d3 7d 34c022
0d3 7e 34c022
0d3 7f 34c022
0d3 80 34f000
0d3 81 34f000
0d3 82 34f000
0d3 83 34f000
0d3 84 34f000
0d3 85 34f000
0d3 86 34f000
0d3 87 34f000
0d3 88 34c022
0d3 89 34c022
0d3 8a 34c022
0d3 8b 34c022
0d3 8c 34c022
0d3 8d 34c022
0d3 8e 34c022
0d3 8f 34c022
0d3 90 34f000
0d3 91 34f000
0d3 92 34f000
0d3 93 34f000
0d3 94 34f000
0d3 95 34f000
0d3 96 34f000
0d3 97 34f000
0d3 98 34c022
0d3 99 34c022
0d3 9a 34c022
0d3 9b 34c022
0d3 9c 34c022
0d3 9d 34c022
0d3 9e 34c022
0d3 9f 34c022
0d3 a0 34f000
0d3 a1 34f000
0d3 a2 34f000
0d3 a3 34f000
0d3 a4 34f000
0d3 a5 34f000
0d3 a6 34f000
0d3 a7 34f000
0d3 a8 34c022
0d3 a9 34c022
0d3 aa 34c022
0d3 ab 34c022
0d3 ac 34c022
0d3 ad 34c022
0d3 ae 34c022
0d3 af 34c022
0d3 b0 34f000
0d3 b1 34f000
0d3 b2 34f000
0d3 b3 34f000
0d3 b4 34f000
0d3 b5 34f000
0d3 b6 34f000
0d3 b7 34f000
0d3 b8 34c022
0d3 b9 34c022
0d3 ba 34c022
0d3 bb 34c022
0d3 bc 34c022
0d3 bd 34c022
0d3 be 34c022
0d3 bf 34c022
0d3 c0 34f000
0d3 c1 34f000
0d3 c2 34f000
0d3 c3 34f000
0d3 c4 34f000
0d3 c5 34f000
0d3 c6 34f000
0d3 c7 34f000
0d3 c8 34c022
0d3 c9 34c022
0d3 ca 34c022
0d3 cb 34c022
0d3 cc 34c022
0d3 cd 34c022
0d3 ce 34c022
0d3 cf 34c022
0d3 d0 34f000
0d3 d1 34f000
0d3 d2 34f000
0d3 d3 34f000
0d3 d4 34f000
0d3 d5 34f000
0d3 d6 34f000
0d3 d7 34f000
0d3 d8 34c022
0d3 d9 34c022
0d3 da 34c022
0d3 db 34c022
0d3 dc 34c022
0d3 dd 34c022
0d3 de 34c022
0d3 df 34c022
0d3 e0 34f000
0d3 e1 34f000
0d3 e2 34f000
0d3 e3 34f000
0d3 e4 34f000
0d3 e5 34f000
0d3 e6 34f000
0d3 e7 34f000
0d3 e8 34c022
0d3 e9 34c022
0d3 ea 34c022
0d3 eb 34c022
0d3 ec 34c022
0d3 ed 34c022
0d3 ee 34c022
0d3 ef 34c022
0d3 f0 34f000
0d3 f1 34f000
0d3 f2 34f000
0d3 f3 34f000
0d3 f4 34f000
0d3 f5 34f000
0d3 f6 34f000
0d3 f7 34f000
0d3 f8 34c022
0d3 f9 34c022
0d3 fa 34c022
0d3 fb 34c022
0d3 fc 34c022
0d3 fd 34c022
0d3 fe 34c022
0d3 ff 34c022
0d1 00 347400
0d1 01 347400
0d1 02 347400
0d1 03 347400
0d1 04 344410
0d1 05 344410
0d1 06 344410
0d1 07 344410
0d1 08 344420
0d1 09 344420
0d1 0a 344420
0d1 0b 344420
0d1 0c 344430
0d1 0d 344430
0d1 0e 344430
0d1 0f 344430
0d1 10 347400
0d1 11 347400
0d1 12 347400
0d1 13 347400
0d1 14 344410
0d1 15 344410
0d1 16 344410
0d1 17 344410
0d1 18 344420
0d1 19 344420
0d1 1a 344420
0d1 1b 344420
0d1 1c 344430
0d1 1d 344430
0d1 1e 344430
0d1 1f 344430
0d1 20 347400
0d1 21 347400
0d1 22 347400
0d1 23 347400
0d1 24 344410
0d1 25 344410
0d1 26 344410
0d1 27 344410
0d1 28 344420
0d1 29 344420
0d1 2a 344420
0d1 2b 344420
0d1 2c 344430
0d1 2d 344430
0d1 2e 344430
0d1 2f 344430
0d1 30 347400
0d1 31 347400
0d1 32 347400
0d1 33 347400
0d1 34 344410
0d1 35 344410
0d1 36 344410
0d1 37 344410
0d1 38 344420
0d1 39 344420
0d1 3a 344420
0d1 3b 344420
0d1 3c 344430
0d1 3d 344430
0d1 3e 344430
0d1 3f 344430
0d1 40 347400
0d1 41 347400
0d1 42 347400
0d1 43 347400
0d1 44 344410
0d1 45 344410
0d1 46 344410
0d1 47 344410
0d1 48 344420
0d1 49 344420
0d1 4a 344420
0d1 4b 344420
0d1 4c 344430
0d1 4d 344430
0d1 4e 344430
0d1 4f 344430
0d1 50 347400
0d1 51 347400
0d1 52 347400
0d1 53 347400
0d1 54 344410
0d1 55 344410
0d1 56 344410
0d1 57 344410
0d1 58 344420
0d1 59 344420
0d1 5a 344420
0d1 5b 344420
0d1 5c 344430
0d1 5d 344430
0d1 5e 344430
0d1 5f 344430
0d1 60 347400
0d1 61 347400
0d1 62 347400
0d1 63 347400
0d1 64 344410
0d1 65 344410
0d1 66 344410
0d1 67 344410
0d1 68 344420
0d1 69 344420
0d1 6a 344420
0d1 6b 344420
0d1 6c 344430
0d1 6d 344430
0d1 6e 344430
0d1 6f 344430
0d1 70 347400
0d1 71 347400
0d1 72 347400
0d1 73 347400
0d1 74 344410
0d1 75 344410
0d1 76 344410
0d1 77 344410
0d1 78 344420
0d1 79 344420
0d1 7a 344420
0d1 7b 344420
0d1 7c 344430
0d1 7d 344430
0d1 7e 344430
0d1 7f 344430
0d1 80 347400
0d1 81 347400
0d1 82 347400
0d1 83 347400
0d1 84 344410
0d1 85 344410
0d1 86 344410
0d1 87 344410
0d1 88 344420
0d1 89 344420
0d1 8a 344420
0d1 8b 344420
0d1 8c 344430
0d1 8d 344430
0d1 8e 344430
0d1 8f 344430
0d1 90 347400
0d1 91 347400
0d1 92 347400
0d1 93 347400
0d1 94 344410
0d1 95 344410
0d1 96 344410
0d1 97 344410
0d1 98 344420
0d1 99 344420
0d1 9a 344420
0d1 9b 344420
0d1 9c 344430
0d1 9d 344430
0d1 9e 344430
0d1 9f 344430
0d1 a0 347400
0d1 a1 347400
0d1 a2 347400
0d1 a3 347400
0d1 a4 344410
0d1 a5 344410
0d1 a6 344410
0d1 a7 344410
0d1 a8 344420
0d1 a9 344420
0d1 aa 344420
0d1 ab 344420
0d1 ac 344430
0d1 ad 344430
0d1 ae 344430
0d1 af 344430
0d1 b0 347400
0d1 b1 347400
0d1 b2 347400
0d1 b3 347400
0d1 b4 344410
0d1 b5 344410
0d1 b6 344410
0d1 b7 344410
0d1 b8 344420
0d1 b9 344420
0d1 ba 344420
0d1 bb 344420
0d1 bc 344430
0d1 bd 344430
0d1 be 344430
0d1 bf 344430
0d1 c0 347400
0d1 c1 347400
0d1 c2 347400
0d1 c3 347400
0d1 c4 344410
0d1 c5 344410
0d1 c6 344410
0d1 c7 344410
0d1 c8 344420
0d1 c9 344420
0d1 ca 344420
0d1 cb 344420
0d1 cc 344430
0d1 cd 344430
0d1 ce 344430
0d1 cf 344430
0d1 d0 347400
0d1 d1 347400
0d1 d2 347400
0d1 d3 347400
0d1 d4 344410
0d1 d5 344410
0d1 d6 344410
0d1 d7 344410
0d1 d8 344420
0d1 d9 344420
0d1 da 344420
0d1 db 344420
0d1 dc 344430
0d1 dd 344430
0d1 de 344430
0d1 df 344430
0d1 e0 347400
0d1 e1 347400
0d1 e2 347400
0d1 e3 347400
0d1 e4 344410
0d1 e5 344410
0d1 e6 344410
0d1 e7 344410
0d1 e8 344420
0d1 e9 344420
0d1 ea 344420
0d1 eb 344420
0d1 ec 344430
0d1 ed 344430
0d1 ee 344430
0d1 ef 344430
0d1 f0 347400
0d1 f1 347400
0d1 f2 347400
0d1 f3 347400
0d1 f4 344410
0d1 f5 344410
0d1 f6 344410
0d1 f7 344410
0d1 f8 344420
0d1 f9 344420
0d1 fa 344420
0d1 fb 344420
0d1 fc 344430
0d1 fd 344430
0d1 fe 344430
0d1 ff 344430
0dc 00 373000
0dc 01 373000
0dc 02 373000
0dc 03 373000
0dc 04 373000
0dc 05 373000
0dc 06 373000
0dc 07 373000
0dc 08 370022
0dc 09 370022
0dc 0a 370022
0dc 0b 370022
0dc 0c 370022
0dc 0d 370022
0dc 0e 370022
0dc 0f 370022
0dc 10 373000
0dc 11 373000
0dc 12 373000
0dc 13 373000
0dc 14 373000
0dc 15 373000
0dc 16 373000
0dc 17 373000
0dc 18 370022
0dc 19 370022
0dc 1a 370022
0dc 1b 370022
0dc 1c 370022
0dc 1d 370022
0dc 1e 370022
0dc 1f 370022
0dc 20 373000
0dc 21 373000
0dc 22 373000
0dc 23 373000
0dc 24 373000
0dc 25 373000
0dc 26 373000
0dc 27 373000
0dc 28 370022
0dc 29 370022
0dc 2a 370022
0dc 2b 370022
0dc 2c 370022
0dc 2d 370022
0dc 2e 370022
0dc 2f 370022
0dc 30 373000
0dc 31 373000
0dc 32 373000
0dc 33 373000
0dc 34 373000
0dc 35 373000
0dc 36 373000
0dc 37 373000
0dc 38 370022
0dc 39 370022
0dc 3a 370022
0dc 3b 370022
0dc 3c 370022
0dc 3d 370022
0dc 3e 370022
0dc 3f 370022
0dc 40 373000
0dc 41 373000
0dc 42 373000
0dc 43 373000
0dc 44 373000
0dc 45 373000
0dc 46 373000
0dc 47 373000
0dc 48 370022
0dc 49 370022
0dc 4a 370022
0dc 4b 370022
0dc 4c 370022
0dc 4d 370022
0dc 4e 370022
0dc 4f 370022
0dc 50 373000
0dc 51 373000
0dc 52 373000
0dc 53 373000
0dc 54 373000
0dc 55 373000
0dc 56 373000
0dc 57 373000
0dc 58 370022
0dc 59 370022
0dc 5a 370022
0dc 5b 370022
0dc 5c 370022
0dc 5d 370022
0dc 5e 370022
0dc 5f 370022
0dc 60 373000
0dc 61 373000
0dc 62 373000
0dc 63 373000
0dc 64 373000
0dc 65 373000
0dc 66 373000
0dc 67 373000
0dc 68 370022
0dc 69 370022
0dc 6a 370022
0dc 6b 370022
0dc 6c 370022
0dc 6d 370022
0dc 6e 370022
0dc 6f 370022
0dc 70 373000
0dc 71 373000
0dc 72 373000
0dc 73 373000
0dc 74 373000
0dc 75 373000
0dc 76 373000
0dc 77 373000
0dc 78 370022
0dc 79 370022
0dc 7a 370022
0dc 7b 370022
0dc 7c 370022
0dc 7d 370022
0dc 7e 370022
0dc 7f 370022
0dc 80 373000
0dc 81 373000
0dc 82 373000
0dc 83 373000
0dc 84 373000
0dc 85 373000
0dc 86 373000
0dc 87 373000
0dc 88 370022
0dc 89 370022
0dc 8a 370022
0dc 8b 370022
0dc 8c 370022
0dc 8d 370022
0dc 8e 370022
0dc 8f 370022
0dc 90 373000
0dc 91 373000
0dc 92 373000
0dc 93 373000
0dc 94 373000
0dc 95 373000
0dc 96 373000
0dc 97 373000
0dc 98 370022
0dc 99 370022
0dc 9a 370022
0dc 9b 370022
0dc 9c 370022
0dc 9d 370022
0dc 9e 370022
0dc 9f 370022
0dc a0 373000
0dc a1 373000
0dc a2 373000
0dc a3 373000
0dc a4 373000
0dc a5 373000
0dc a6 373000
0dc a7 373000
0dc a8 370022
0dc a9 370022
0dc aa 370022
0dc ab 370022
0dc ac 370022
0dc ad 370022
0dc ae 370022
0dc af 370022
0dc b0 373000
0dc b1 373000
0dc b2 373000
0dc b3 373000
0dc b4 373000
0dc b5 373000
0dc b6 373000
0dc b7 373000
0dc b8 370022
0dc b9 370022
0dc ba 370022
0dc bb 370022
0dc bc 370022
0dc bd 370022
0dc be 370022
0dc bf 370022
0dc c0 373000
0dc c1 373000
0dc c2 373000
0dc c3 373000
0dc c4 373000
0dc c5 373000
0dc c6 373000
0dc c7 373000
0dc c8 370022
0dc c9 370022
0dc ca 370022
0dc cb 370022
0dc cc 370022
0dc cd 370022
0dc ce 370022
0dc cf 370022
0dc d0 373000
0dc d1 373000
0dc d2 373000
0dc d3 373000
0dc d4 373000
0dc d5 373000
0dc d6 373000
0dc d7 373000
0dc d8 370022
0dc d9 370022
0dc da 370022
0dc db 370022
0dc dc 370022
0dc dd 370022
0dc de 370022
0dc df 370022
0dc e0 373000
0dc e1 373000
0dc e2 373000
0dc e3 373000
0dc e4 373000
0dc e5 373000
0dc e6 373000
0dc e7 373000
0dc e8 370022
0dc e9 370022
0dc ea 370022
0dc eb 370022
0dc ec 370022
0dc ed 370022
0dc ee 370022
0dc ef 370022
0dc f0 373000
0dc f1 373000
0dc f2 373000
0dc f3 373000
0dc f4 373000
0dc f5 373000
0dc f6 373000
0dc f7 373000
0dc f8 370022
0dc f9 370022
0dc fa 370022
0dc fb 370022
0dc fc 370022
0dc fd 370022
0dc fe 370022
0dc ff 370022
0df 00 37f000
0df 01 37f000
0df 02 37f000
0df 03 37f000
0df 04 37c012
0df 05 37c012
0df 06 37c012
0df 07 37c012
0df 08 37f000
0df 09 37f000
0df 0a 37f000
0df 0b 37f000
0df 0c 37c012
0df 0d 37c012
0df 0e 37c012
0df 0f 37c012
0df 10 37f000
0df 11 37f000
0df 12 37f000
0df 13 37f000
0df 14 37c012
0df 15 37c012
0df 16 37c012
0df 17 37c012
0df 18 37f000
0df 19 37f000
0df 1a 37f000
0df 1b 37f000
0df 1c 37c012
0df 1d 37c012
0df 1e 37c012
0df 1f 37c012
0df 20 37f000
0df 21 37f000
0df 22 37f000
0df 23 37f000
0df 24 37c012
0df 25 37c012
0df 26 37c012
0df 27 37c012
0df 28 37f000
0df 29 37f000
0df 2a 37f000
0df 2b 37f000
0df 2c 37c012
0df 2d 37c012
0df 2e 37c012
0df 2f 37c012
0df 30 37f000
0df 31 37f000
0df 32 37f000
0df 33 37f000
0df 34 37c012
0df 35 37c012
0df 36 37c012
0df 37 37c012
0df 38 37f000
0df 39 37f000
0df 3a 37f000
0df 3b 37f000
0df 3c 37c012
0df 3d 37c012
0df 3e 37c012
0df 3f 37c012
0df 40 37f000
0df 41 37f000
0df 42 37f000
0df 43 37f000
0df 44 37c012
0df 45 37c012
0df 46 37c012
0df 47 37c012
0df 48 37f000
0df 49 37f000
0df 4a 37f000
0df 4b 37f000
0df 4c 37c012
0df 4d 37c012
0df 4e 37c012
0df 4f 37c012
0df 50 37f000
0df 51 37f000
0df 52 37f000
0df 53 37f000
0df 54 37c012
0df 55 37c012
0df 56 37c012
0df 57 37c012
0df 58 37f000
0df 59 37f000
0df 5a 37f000
0df 5b 37f000
0df 5c 37c012
0df 5d 37c012
0df 5e 37c012
0df 5f 37c012
0df 60 37f000
0df 61 37f000
0df 62 37f000
0df 63 37f000
0df 64 37c012
0df 65 37c012
0df 66 37c012
0df 67 37c012
0df 68 37f000
0df 69 37f000
0df 6a 37f000
0df 6b 37f000
0df 6c 37c012
0df 6d 37c012
0df 6e 37c012
0df 6f 37c012
0df 70 37f000
0df 71 37f000
0df 72 37f000
0df 73 37f000
0df 74 37c012
0df 75 37c012
0df 76 37c012
0df 77 37c012
0df 78 37f000
0df 79 37f000
0df 7a 37f000
0df 7b 37f000
0df 7c 37c012
0df 7d 37c012
0df 7e 37c012
0df 7f 37c012
0df 80 37f000
0df 81 37f000
0df 82 37f000
0df 83 37f000
0df 84 37c012
0df 85 37c012
0df 86 37c012
0df 87 37c012
0df 88 37f000
0df 89 37f000
0df 8a 37f000
0df 8b 37f000
0df 8c 37c012
0df 8d 37c012
0df 8e 37c012
0df 8f 37c012
0df 90 37f000
0df 91 37f000
0df 92 37f000
0df 93 37f000
0df 94 37c012
0df 95 37c012
0df 96 37c012
0df 97 37c012
0df 98 37f000
0df 99 37f000
0df 9a 37f000
0df 9b 37f000
0df 9c 37c012
0df 9d 37c012
0df 9e 37c012
0df 9f 37c012
0df a0 37f000
0df a1 37f000
0df a2 37f000
0df a3 37f000
0df a4 37c012
0df a5 37c012
0df a6 37c012
0df a7 37c012
0df a8 37f000
0df a9 37f000
0df aa 37f000
0df ab 37f000
0df ac 37c012
0df ad 37c012
0df ae 37c012
0df af 37c012
0df b0 37f000
0df b1 37f000
0df b2 37f000
0df b3 37f000
0df b4 37c012
0df b5 37c012
0df b6 37c012
0df b7 37c012
0df b8 37f000
0df b9 37f000
0df ba 37f000
0df bb 37f000
0df bc 37c012
0df bd 37c012
0df be 37c012
0df bf 37c012
0df c0 37f000
0df c1 37f000
0df c2 37f000
0df c3 37f000
0df c4 37c012
0df c5 37c012
0df c6 37c012
0df c7 37c012
0df c8 37f000
0df c9 37f000
0df ca 37f000
0df cb 37f000
0df cc 37c012
0df cd 37c012
0df ce 37c012
0df cf 37c012
0df d0 37f000
0df d1 37f000
0df d2 37f000
0df d3 37f000
0df d4 37c012
0df d5 37c012
0df d6 37c012
0df d7 37c012
0df d8 37f000
0df d9 37f000
0df da 37f000
0df db 37f000
0df dc 37c012
0df dd 37c012
0df de 37c012
0df df 37c012
0df e0 37f000
0df e1 37f000
0df e2 37f000
0df e3 37f000
0df e4 37c012
0df e5 37c012
0df e6 37c012
0df e7 37c012
0df e8 37f000
0df e9 37f000
0df ea 37f000
0df eb 37f000
0df ec 37c012
0df ed 37c012
0df ee 37c012
0df ef 37c012
0df f0 37f000
0df f1 37f000
0df f2 37f000
0df f3 37f000
0df f4 37c012
0df f5 37c012
0df f6 37c012
0df f7 37c012
0df f8 37f000
0df f9 37f000
0df fa 37f000
0df fb 37f000
0df fc 37c012
0df fd 37c012
0df fe 37c012
0df ff 37c012
0dd 00 377400
0dd 01 377400
0dd 02 377400
0dd 03 377400
0dd 04 374410
0dd 05 374410
0dd 06 374410
0dd 07 374410
0dd 08 374420
0dd 09 374420
0dd 0a 374420
0dd 0b 374420
0dd 0c 374430
0dd 0d 374430
0dd 0e 374430
0dd 0f 374430
0dd 10 377400
0dd 11 377400
0dd 12 377400
0dd 13 377400
0dd 14 374410
0dd 15 374410
0dd 16 374410
0dd 17 374410
0dd 18 374420
0dd 19 374420
0dd 1a 374420
0dd 1b 374420
0dd 1c 374430
0dd 1d 374430
0dd 1e 374430
0dd 1f 374430
0dd 20 377400
0dd 21 377400
0dd 22 377400
0dd 23 377400
0dd 24 374410
0dd 25 374410
0dd 26 374410
0dd 27 374410
0dd 28 374420
0dd 29 374420
0dd 2a 374420
0dd 2b 374420
0dd 2c 374430
0dd 2d 374430
0dd 2e 374430
0dd 2f 374430
0dd 30 377400
0dd 31 377400
0dd 32 377400
0dd 33 377400
0dd 34 374410
0dd 35 374410
0dd 36 374410
0dd 37 374410
0dd 38 374420
0dd 39 374420
0dd 3a 374420
0dd 3b 374420
0dd 3c 374430
0dd 3d 374430
0dd 3e 374430
0dd 3f 374430
0dd 40 377400
0dd 41 377400
0dd 42 377400
0dd 43 377400
0dd 44 374410
0dd 45 374410
0dd 46 374410
0dd 47 374410
0dd 48 374420
0dd 49 374420
0dd 4a 374420
0dd 4b 374420
0dd 4c 374430
0dd 4d 374430
0dd 4e 374430
0dd 4f 374430
0dd 50 377400
0dd 51 377400
0dd 52 377400
0dd 53 377400
0dd 54 374410
0dd 55 374410
0dd 56 374410
0dd 57 374410
0dd 58 374420
0dd 59 374420
0dd 5a 374420
0dd 5b 374420
0dd 5c 374430
0dd 5d 374430
0dd 5e 374430
0dd 5f 374430
0dd 60 377400
0dd 61 377400
0dd 62 377400
0dd 63 377400
0dd 64 374410
0dd 65 374410
0dd 66 374410
0dd 67 374410
0dd 68 374420
0dd 69 374420
0dd 6a 374420
0dd 6b 374420
0dd 6c 374430
0dd 6d 374430
0dd 6e 374430
0dd 6f 374430
0dd 70 377400
0dd 71 377400
0dd 72 377400
0dd 73 377400
0dd 74 374410
0dd 75 374410
0dd 76 374410
0dd 77 374410
0dd 78 374420
0dd 79 374420
0dd 7a 374420
0dd 7b 374420
0dd 7c 374430
0dd 7d 374430
0dd 7e 374430
0dd 7f 374430
0dd 80 377400
0dd 81 377400
0dd 82 377400
0dd 83 377400
0dd 84 374410
0dd 85 374410
0dd 86 374410
0dd 87 374410
0dd 88 374420
0dd 89 374420
0dd 8a 374420
0dd 8b 374420
0dd 8c 374430
0dd 8d 374430
0dd 8e 374430
0dd 8f 374430
0dd 90 377400
0dd 91 377400
0dd 92 377400
0dd 93 377400
0dd 94 374410
0dd 95 374410
0dd 96 374410
0dd 97 374410
0dd 98 374420
0dd 99 374420
0dd 9a 374420
0dd 9b 374420
0dd 9c 374430
0dd 9d 374430
0dd 9e 374430
0dd 9f 374430
0dd a0 377400
0dd a1 377400
0dd a2 377400
0dd a3 377400
0dd a4 374410
0dd a5 374410
0dd a6 374410
0dd a7 374410
0dd a8 374420
0dd a9 374420
0dd aa 374420
0dd ab 374420
0dd ac 374430
0dd ad 374430
0dd ae 374430
0dd af 374430
0dd b0 377400
0dd b1 377400
0dd b2 377400
0dd b3 377400
0dd b4 374410
0dd b5 374410
0dd b6 374410
0dd b7 374410
0dd b8 374420
0dd b9 374420
0dd ba 374420
0dd bb 374420
0dd bc 374430
0dd bd 374430
0dd be 374430
0dd bf 374430
0dd c0 377400
0dd c1 377400
0dd c2 377400
0dd c3 377400
0dd c4 374410
0dd c5 374410
0dd c6 374410
0dd c7 374410
0dd c8 374420
0dd c9 374420
0dd ca 374420
0dd cb 374420
0dd cc 374430
0dd cd 374430
0dd ce 374430
0dd cf 374430
0dd d0 377400
0dd d1 377400
0dd d2 377400
0dd d3 377400
0dd d4 374410
0dd d5 374410
0dd d6 374410
0dd d7 374410
0dd d8 374420
0dd d9 374420
0dd da 374420
0dd db 374420
0dd dc 374430
0dd dd 374430
0dd de 374430
0dd df 374430
0dd e0 377400
0dd e1 377400
0dd e2 377400
0dd e3 377400
0dd e4 374410
0dd e5 374410
0dd e6 374410
0dd e7 374410
0dd e8 374420
0dd e9 374420
0dd ea 374420
0dd eb 374420
0dd ec 374430
0dd ed 374430
0dd ee 374430
0dd ef 374430
0dd f0 377400
0dd f1 377400
0dd f2 377400
0dd f3 377400
0dd f4 374410
0dd f5 374410
0dd f6 374410
0dd f7 374410
0dd f8 374420
0dd f9 374420
0dd fa 374420
0dd fb 374420
0dd fc 374430
0dd fd 374430
0dd fe 374430
0dd ff 374430
0d4 00 353400
0d4 01 353400
0d4 02 353400
0d4 03 353400
0d4 04 350410
0d4 05 350410
0d4 06 350410
0d4 07 350410
0d4 08 350420
0d4 09 350420
0d4 0a 350420
0d4 0b 350420
0d4 0c 350430
0d4 0d 350430
0d4 0e 350430
0d4 0f 350430
0d4 10 353400
0d4 11 353400
0d4 12 353400
0d4 13 353400
0d4 14 350410
0d4 15 350410
0d4 16 350410
0d4 17 350410
0d4 18 350420
0d4 19 350420
0d4 1a 350420
0d4 1b 350420
0d4 1c 350430
0d4 1d 350430
0d4 1e 350430
0d4 1f 350430
0d4 20 353400
0d4 21 353400
0d4 22 353400
0d4 23 353400
0d4 24 350410
0d4 25 350410
0d4 26 350410
0d4 27 350410
0d4 28 350420
0d4 29 350420
0d4 2a 350420
0d4 2b 350420
0d4 2c 350430
0d4 2d 350430
0d4 2e 350430
0d4 2f 350430
0d4 30 353400
0d4 31 353400
0d4 32 353400
0d4 33 353400
0d4 34 350410
0d4 35 350410
0d4 36 350410
0d4 37 350410
0d4 38 350420
0d4 39 350420
0d4 3a 350420
0d4 3b 350420
0d4 3c 350430
0d4 3d 350430
0d4 3e 350430
0d4 3f 350430
0d4 40 353400
0d4 41 353400
0d4 42 353400
0d4 43 353400
0d4 44 350410
0d4 45 350410
0d4 46 350410
0d4 47 350410
0d4 48 350420
0d4 49 350420
0d4 4a 350420
0d4 4b 350420
0d4 4c 350430
0d4 4d 350430
0d4 4e 350430
0d4 4f 350430
0d4 50 353400
0d4 51 353400
0d4 52 353400
0d4 53 353400
0d4 54 350410
0d4 55 350410
0d4 56 350410
0d4 57 350410
0d4 58 350420
0d4 59 350420
0d4 5a 350420
0d4 5b 350420
0d4 5c 350430
0d4 5d 350430
0d4 5e 350430
0d4 5f 350430
0d4 60 353400
0d4 61 353400
0d4 62 353400
0d4 63 353400
0d4 64 350410
0d4 65 350410
0d4 66 350410
0d4 67 350410
0d4 68 350420
0d4 69 350420
0d4 6a 350420
0d4 6b 350420
0d4 6c 350430
0d4 6d 350430
0d4 6e 350430
0d4 6f 350430
0d4 70 353400
0d4 71 353400
0d4 72 353400
0d4 73 353400
0d4 74 350410
0d4 75 350410
0d4 76 350410
0d4 77 350410
0d4 78 350420
0d4 79 350420
0d4 7a 350420
0d4 7b 350420
0d4 7c 350430
0d4 7d 350430
0d4 7e 350430
0d4 7f 350430
0d4 80 353400
0d4 81 353400
0d4 82 353400
0d4 83 353400
0d4 84 350410
0d4 85 350410
0d4 86 350410
0d4 87 350410
0d4 88 350420
0d4 89 350420
0d4 8a 350420
0d4 8b 350420
0d4 8c 350430
0d4 8d 350430
0d4 8e 350430
0d4 8f 350430
0d4 90 353400
0d4 91 353400
0d4 92 353400
0d4 93 353400
0d4 94 350410
0d4 95 350410
0d4 96 350410
0d4 97 350410
0d4 98 350420
0d4 99 350420
0d4 9a 350420
0d4 9b 350420
0d4 9c 350430
0d4 9d 350430
0d4 9e 350430
0d4 9f 350430
0d4 a0 353400
0d4 a1 353400
0d4 a2 353400
0d4 a3 353400
0d4 a4 350410
0d4 a5 350410
0d4 a6 350410
0d4 a7 350410
0d4 a8 350420
0d4 a9 350420
0d4 aa 350420
0d4 ab 350420
0d4 ac 350430
0d4 ad 350430
0d4 ae 350430
0d4 af 350430
0d4 b0 353400
0d4 b1 353400
0d4 b2 353400
0d4 b3 353400
0d4 b4 350410
0d4 b5 350410
0d4 b6 350410
0d4 b7 350410
0d4 b8 350420
0d4 b9 350420
0d4 ba 350420
0d4 bb 350420
0d4 bc 350430
0d4 bd 350430
0d4 be 350430
0d4 bf 350430
0d4 c0 353400
0d4 c1 353400
0d4 c2 353400
0d4 c3 353400
0d4 c4 350410
0d4 c5 350410
0d4 c6 350410
0d4 c7 350410
0d4 c8 350420
0d4 c9 350420
0d4 ca 350420
0d4 cb 350420
0d4 cc 350430
0d4 cd 350430
0d4 ce 350430
0d4 cf 350430
0d4 d0 353400
0d4 d1 353400
0d4 d2 353400
0d4 d3 353400
0d4 d4 350410
0d4 d5 350410
0d4 d6 350410
0d4 d7 350410
0d4 d8 350420
0d4 d9 350420
0d4 da 350420
0d4 db 350420
0d4 dc 350430
0d4 dd 350430
0d4 de 350430
0d4 df 350430
0d4 e0 353400
0d4 e1 353400
0d4 e2 353400
0d4 e3 353400
0d4 e4 350410
0d4 e5 350410
0d4 e6 350410
0d4 e7 350410
0d4 e8 350420
0d4 e9 350420
0d4 ea 350420
0d4 eb 350420
0d4 ec 350430
0d4 ed 350430
0d4 ee 350430
0d4 ef 350430
0d4 f0 353400
0d4 f1 353400
0d4 f2 353400
0d4 f3 353400
0d4 f4 350410
0d4 f5 350410
0d4 f6 350410
0d4 f7 350410
0d4 f8 350420
0d4 f9 350420
0d4 fa 350420
0d4 fb 350420
0d4 fc 350430
0d4 fd 350430
0d4 fe 350430
0d4 ff 350430
0d7 00 35f400
0d7 01 35f400
0d7 02 35f400
0d7 03 35f400
0d7 04 35c410
0d7 05 35c410
0d7 06 35c410
0d7 07 35c410
0d7 08 35c420
0d7 09 35c420
0d7 0a 35c420
0d7 0b 35c420
0d7 0c 35c430
0d7 0d 35c430
0d7 0e 35c430
0d7 0f 35c430
0d7 10 35f400
0d7 11 35f400
0d7 12 35f400
0d7 13 35f400
0d7 14 35c410
0d7 15 35c410
0d7 16 35c410
0d7 17 35c410
0d7 18 35c420
0d7 19 35c420
0d7 1a 35c420
0d7 1b 35c420
0d7 1c 35c430
0d7 1d 35c430
0d7 1e 35c430
0d7 1f 35c430
0d7 20 35f400
0d7 21 35f400
0d7 22 35f400
0d7 23 35f400
0d7 24 35c410
0d7 25 35c410
0d7 26 35c410
0d7 27 35c410
0d7 28 35c420
0d7 29 35c420
0d7 2a 35c420
0d7 2b 35c420
0d7 2c 35c430
0d7 2d 35c430
0d7 2e 35c430
0d7 2f 35c430
0d7 30 35f400
0d7 31 35f400
0d7 32 35f400
0d7 33 35f400
0d7 34 35c410
0d7 35 35c410
0d7 36 35c410
0d7 37 35c410
0d7 38 35c420
0d7 39 35c420
0d7 3a 35c420
0d7 3b 35c420
0d7 3c 35c430
0d7 3d 35c430
0d7 3e 35c430
0d7 3f 35c430
0d7 40 35f400
0d7 41 35f400
0d7 42 35f400
0d7 43 35f400
0d7 44 35c410
0d7 45 35c410
0d7 46 35c410
0d7 47 35c410
0d7 48 35c420
0d7 49 35c420
0d7 4a 35c420
0d7 4b 35c420
0d7 4c 35c430
0d7 4d 35c430
0d7 4e 35c430
0d7 4f 35c430
0d7 50 35f400
0d7 51 35f400
0d7 52 35f400
0d7 53 35f400
0d7 54 35c410
0d7 55 35c410
0d7 56 35c410
0d7 57 35c410
0d7 58 35c420
0d7 59 35c420
0d7 5a 35c420
0d7 5b 35c420
0d7 5c 35c430
0d7 5d 35c430
0d7 5e 35c430
0d7 5f 35c430
0d7 60 35f400
0d7 61 35f400
0d7 62 35f400
0d7 63 35f400
0d7 64 35c410
0d7 65 35c410
0d7 66 35c410
0d7 67 35c410
0d7 68 35c420
0d7 69 35c420
0d7 6a 35c420
0d7 6b 35c420
0d7 6c 35c430
0d7 6d 35c430
0d7 6e 35c430
0d7 6f 35c430
0d7 70 35f400
0d7 71 35f400
0d7 72 35f400
0d7 73 35f400
0d7 74 35c410
0d7 75 35c410
0d7 76 35c410
0d7 77 35c410
0d7 78 35c420
0d7 79 35c420
0d7 7a 35c420
0d7 7b 35c420
0d7 7c 35c430
0d7 7d 35c430
0d7 7e 35c430
0d7 7f 35c430
0d7 80 35f400
0d7 81 35f400
0d7 82 35f400
0d7 83 35f400
0d7 84 35c410
0d7 85 35c410
0d7 86 35c410
0d7 87 35c410
0d7 88 35c420
0d7 89 35c420
0d7 8a 35c420
0d7 8b 35c420
0d7 8c 35c430
0d7 8d 35c430
0d7 8e 35c430
0d7 8f 35c430
0d7 90 35f400
0d7 91 35f400
0d7 92 35f400
0d7 93 35f400
0d7 94 35c410
0d7 95 35c410
0d7 96 35c410
0d7 97 35c410
0d7 98 35c420
0d7 99 35c420
0d7 9a 35c420
0d7 9b 35c420
0d7 9c 35c430
0d7 9d 35c430
0d7 9e 35c430
0d7 9f 35c430
0d7 a0 35f400
0d7 a1 35f400
0d7 a2 35f400
0d7 a3 35f400
0d7 a4 35c410
0d7 a5 35c410
0d7 a6 35c410
0d7 a7 35c410
0d7 a8 35c420
0d7 a9 35c420
0d7 aa 35c420
0d7 ab 35c420
0d7 ac 35c430
0d7 ad 35c430
0d7 ae 35c430
0d7 af 35c430
0d7 b0 35f400
0d7 b1 35f400
0d7 b2 35f400
0d7 b3 35f400
0d7 b4 35c410
0d7 b5 35c410
0d7 b6 35c410
0d7 b7 35c410
0d7 b8 35c420
0d7 b9 35c420
0d7 ba 35c420
0d7 bb 35c420
0d7 bc 35c430
0d7 bd 35c430
0d7 be 35c430
0d7 bf 35c430
0d7 c0 35f400
0d7 c1 35f400
0d7 c2 35f400
0d7 c3 35f400
0d7 c4 35c410
0d7 c5 35c410
0d7 c6 35c410
0d7 c7 35c410
0d7 c8 35c420
0d7 c9 35c420
0d7 ca 35c420
0d7 cb 35c420
0d7 cc 35c430
0d7 cd 35c430
0d7 ce 35c430
0d7 cf 35c430
0d7 d0 35f400
0d7 d1 35f400
0d7 d2 35f400
0d7 d3 35f400
0d7 d4 35c410
0d7 d5 35c410
0d7 d6 35c410
0d7 d7 35c410
0d7 d8 35c420
0d7 d9 35c420
0d7 da 35c420
0d7 db 35c420
0d7 dc 35c430
0d7 dd 35c430
0d7 de 35c430
0d7 df 35c430
0d7 e0 35f400
0d7 e1 35f400
0d7 e2 35f400
0d7 e3 35f400
0d7 e4 35c410
0d7 e5 35c410
0d7 e6 35c410
0d7 e7 35c410
0d7 e8 35c420
0d7 e9 35c420
0d7 ea 35c420
0d7 eb 35c420
0d7 ec 35c430
0d7 ed 35c430
0d7 ee 35c430
0d7 ef 35c430
0d7 f0 35f400
0d7 f1 35f400
0d7 f2 35f400
0d7 f3 35f400
0d7 f4 35c410
0d7 f5 35c410
0d7 f6 35c410
0d7 f7 35c410
0d7 f8 35c420
0d7 f9 35c420
0d7 fa 35c420
0d7 fb 35c420
0d7 fc 35c430
0d7 fd 35c430
0d7 fe 35c430
0d7 ff 35c430
0d5 00 357800
0d5 01 357800
0d5 02 357800
0d5 03 357800
0d5 04 354810
0d5 05 354810
0d5 06 354810
0d5 07 354810
0d5 08 354820
0d5 09 354820
0d5 0a 354820
0d5 0b 354820
0d5 0c 354830
0d5 0d 354830
0d5 0e 354830
0d5 0f 354830
0d5 10 357800
0d5 11 357800
0d5 12 357800
0d5 13 357800
0d5 14 354810
0d5 15 354810
0d5 16 354810
0d5 17 354810
0d5 18 354820
0d5 19 354820
0d5 1a 354820
0d5 1b 354820
0d5 1c 354830
0d5 1d 354830
0d5 1e 354830
0d5 1f 354830
0d5 20 357800
0d5 21 357800
0d5 22 357800
0d5 23 357800
0d5 24 354810
0d5 25 354810
0d5 26 354810
0d5 27 354810
0d5 28 354820
0d5 29 354820
0d5 2a 354820
0d5 2b 354820
0d5 2c 354830
0d5 2d 354830
0d5 2e 354830
0d5 2f 354830
0d5 30 357800
0d5 31 357800
0d5 32 357800
0d5 33 357800
0d5 34 354810
0d5 35 354810
0d5 36 354810
0d5 37 354810
0d5 38 354820
0d5 39 354820
0d5 3a 354820
0d5 3b 354820
0d5 3c 354830
0d5 3d 354830
0d5 3e 354830
0d5 3f 354830
0d5 40 357800
0d5 41 357800
0d5 42 357800
0d5 43 357800
0d5 44 354810
0d5 45 354810
0d5 46 354810
0d5 47 354810
0d5 48 354820
0d5 49 354820
0d5 4a 354820
0d5 4b 354820
0d5 4c 354830
0d5 4d 354830
0d5 4e 354830
0d5 4f 354830
0d5 50 357800
0d5 51 357800
0d5 52 357800
0d5 53 357800
0d5 54 354810
0d5 55 354810
0d5 56 354810
0d5 57 354810
0d5 58 354820
0d5 59 354820
0d5 5a 354820
0d5 5b 354820
0d5 5c 354830
0d5 5d 354830
0d5 5e 354830
0d5 5f 354830
0d5 60 357800
0d5 61 357800
0d5 62 357800
0d5 63 357800
0d5 64 354810
0d5 65 354810
0d5 66 354810
0d5 67 354810
0d5 68 354820
0d5 69 354820
0d5 6a 354820
0d5 6b 354820
0d5 6c 354830
0d5 6d 354830
0d5 6e 354830
0d5 6f 354830
0d5 70 357800
0d5 71 357800
0d5 72 357800
0d5 73 357800
0d5 74 354810
0d5 75 354810
0d5 76 354810
0d5 77 354810
0d5 78 354820
0d5 79 354820
0d5 7a 354820
0d5 7b 354820
0d5 7c 354830
0d5 7d 354830
0d5 7e 354830
0d5 7f 354830
0d5 80 357800
0d5 81 357800
0d5 82 357800
0d5 83 357800
0d5 84 354810
0d5 85 354810
0d5 86 354810
0d5 87 354810
0d5 88 354820
0d5 89 354820
0d5 8a 354820
0d5 8b 354820
0d5 8c 354830
0d5 8d 354830
0d5 8e 354830
0d5 8f 354830
0d5 90 357800
0d5 91 357800
0d5 92 357800
0d5 93 357800
0d5 94 354810
0d5 95 354810
0d5 96 354810
0d5 97 354810
0d5 98 354820
0d5 99 354820
0d5 9a 354820
0d5 9b 354820
0d5 9c 354830
0d5 9d 354830
0d5 9e 354830
0d5 9f 354830
0d5 a0 357800
0d5 a1 357800
0d5 a2 357800
0d5 a3 357800
0d5 a4 354810
0d5 a5 354810
0d5 a6 354810
0d5 a7 354810
0d5 a8 354820
0d5 a9 354820
0d5 aa 354820
0d5 ab 354820
0d5 ac 354830
0d5 ad 354830
0d5 ae 354830
0d5 af 354830
0d5 b0 357800
0d5 b1 357800
0d5 b2 357800
0d5 b3 357800
0d5 b4 354810
0d5 b5 354810
0d5 b6 354810
0d5 b7 354810
0d5 b8 354820
0d5 b9 354820
0d5 ba 354820
0d5 bb 354820
0d5 bc 354830
0d5 bd 354830
0d5 be 354830
0d5 bf 354830
0d5 c0 357800
0d5 c1 357800
0d5 c2 357800
0d5 c3 357800
0d5 c4 354810
0d5 c5 354810
0d5 c6 354810
0d5 c7 354810
0d5 c8 354820
0d5 c9 354820
0d5 ca 354820
0d5 cb 354820
0d5 cc 354830
0d5 cd 354830
0d5 ce 354830
0d5 cf 354830
0d5 d0 357800
0d5 d1 357800
0d5 d2 357800
0d5 d3 357800
0d5 d4 354810
0d5 d5 354810
0d5 d6 354810
0d5 d7 354810
0d5 d8 354820
0d5 d9 354820
0d5 da 354820
0d5 db 354820
0d5 dc 354830
0d5 dd 354830
0d5 de 354830
0d5 df 354830
0d5 e0 357800
0d5 e1 357800
0d5 e2 357800
0d5 e3 357800
0d5 e4 354810
0d5 e5 354810
0d5 e6 354810
0d5 e7 354810
0d5 e8 354820
0d5 e9 354820
0d5 ea 354820
0d5 eb 354820
0d5 ec 354830
0d5 ed 354830
0d5 ee 354830
0d5 ef 354830
0d5 f0 357800
0d5 f1 357800
0d5 f2 357800
0d5 f3 357800
0d5 f4 354810
0d5 f5 354810
0d5 f6 354810
0d5 f7 354810
0d5 f8 354820
0d5 f9 354820
0d5 fa 354820
0d5 fb 354820
0d5 fc 354830
0d5 fd 354830
0d5 fe 354830
0d5 ff 354830
040 00 103000
040 01 102005
040 02 103000
040 03 102005
040 04 102011
040 05 102015
040 06 102011
040 07 102015
040 08 103000
040 09 102005
040 0a 103000
040 0b 102005
040 0c 102011
040 0d 102015
040 0e 102011
040 0f 102015
040 10 103000
040 11 102005
040 12 103000
040 13 102005
040 14 102011
040 15 102015
040 16 102011
040 17 102015
040 18 103000
040 19 102005
040 1a 103000
040 1b 102005
040 1c 102011
040 1d 102015
040 1e 102011
040 1f 102015
040 20 103000
040 21 102005
040 22 103000
040 23 102005
040 24 102011
040 25 102015
040 26 102011
040 27 102015
040 28 103000
040 29 102005
040 2a 103000
040 2b 102005
040 2c 102011
040 2d 102015
040 2e 102011
040 2f 102015
040 30 103000
040 31 102005
040 32 103000
040 33 102005
040 34 102011
040 35 102015
040 36 102011
040 37 102015
040 38 103000
040 39 102005
040 3a 103000
040 3b 102005
040 3c 102011
040 3d 102015
040 3e 102011
040 3f 102015
040 40 103000
040 41 102005
040 42 103000
040 43 102005
040 44 102011
040 45 102015
040 46 102011
040 47 102015
040 48 103000
040 49 102005
040 4a 103000
040 4b 102005
040 4c 102011
040 4d 102015
040 4e 102011
040 4f 102015
040 50 103000
040 51 102005
040 52 103000
040 53 102005
040 54 102011
040 55 102015
040 56 102011
040 57 102015
040 58 103000
040 59 102005
040 5a 103000
040 5b 102005
040 5c 102011
040 5d 102015
040 5e 102011
040 5f 102015
040 60 103000
040 61 102005
040 62 103000
040 63 102005
040 64 102011
040 65 102015
040 66 102011
040 67 102015
040 68 103000
040 69 102005
040 6a 103000
040 6b 102005
040 6c 102011
040 6d 102015
040 6e 102011
040 6f 102015
040 70 103000
040 71 102005
040 72 103000
040 73 102005
040 74 102011
040 75 102015
040 76 102011
040 77 102015
040 78 103000
040 79 102005
040 7a 103000
040 7b 102005
040 7c 102011
040 7d 102015
040 7e 102011
040 7f 102015
040 80 103000
040 81 102005
040 82 103000
040 83 102005
040 84 102011
040 85 102015
040 86 102011
040 87 102015
040 88 103000
040 89 102005
040 8a 103000
040 8b 102005
040 8c 102011
040 8d 102015
040 8e 102011
040 8f 102015
040 90 103000
040 91 102005
040 92 103000
040 93 102005
040 94 102011
040 95 102015
040 96 102011
040 97 102015
040 98 103000
040 99 102005
040 9a 103000
040 9b 102005
040 9c 102011
040 9d 102015
040 9e 102011
040 9f 102015
040 a0 103000
040 a1 102005
040 a2 103000
040 a3 102005
040 a4 102011
040 a5 102015
040 a6 102011
040 a7 102015
040 a8 103000
040 a9 102005
040 aa 103000
040 ab 102005
040 ac 102011
040 ad 102015
040 ae 102011
040 af 102015
040 b0 103000
040 b1 102005
040 b2 103000
040 b3 102005
040 b4 102011
040 b5 102015
040 b6 102011
040 b7 102015
040 b8 103000
040 b9 102005
040 ba 103000
040 bb 102005
040 bc 102011
040 bd 102015
040 be 102011
040 bf 102015
040 c0 103000
040 c1 102005
040 c2 103000
040 c3 102005
040 c4 102011
040 c5 102015
040 c6 102011
040 c7 102015
040 c8 103000
040 c9 102005
040 ca 103000
040 cb 102005
040 cc 102011
040 cd 102015
040 ce 102011
040 cf 102015
040 d0 103000
040 d1 102005
040 d2 103000
040 d3 102005
040 d4 102011
040 d5 102015
040 d6 102011
040 d7 102015
040 d8 103000
040 d9 102005
040 da 103000
040 db 102005
040 dc 102011
040 dd 102015
040 de 102011
040 df 102015
040 e0 103000
040 e1 102005
040 e2 103000
040 e3 102005
040 e4 102011
040 e5 102015
040 e6 102011
040 e7 102015
040 e8 103000
040 e9 102005
040 ea 103000
040 eb 102005
040 ec 102011
040 ed 102015
040 ee 102011
040 ef 102015
040 f0 103000
040 f1 102005
040 f2 103000
040 f3 102005
040 f4 102011
040 f5 102015
040 f6 102011
040 f7 102015
040 f8 103000
040 f9 102005
040 fa 103000
040 fb 102005
040 fc 102011
040 fd 102015
040 fe 102011
040 ff 102015
043 00 10f000
043 01 10f000
043 02 10f000
043 03 10f000
043 04 10f000
043 05 10f000
043 06 10f000
043 07 10f000
043 08 10f000
043 09 10f000
043 0a 10f000
043 0b 10f000
043 0c 10f000
043 0d 10f000
043 0e 10f000
043 0f 10f000
043 10 10f000
043 11 10f000
043 12 10f000
043 13 10f000
043 14 10f000
043 15 10f000
043 16 10f000
043 17 10f000
043 18 10f000
043 19 10f000
043 1a 10f000
043 1b 10f000
043 1c 10f000
043 1d 10f000
043 1e 10f000
043 1f 10f000
043 20 10f000
043 21 10f000
043 22 10f000
043 23 10f000
043 24 10f000
043 25 10f000
043 26 10f000
043 27 10f000
043 28 10f000
043 29 10f000
043 2a 10f000
043 2b 10f000
043 2c 10f000
043 2d 10f000
043 2e 10f000
043 2f 10f000
043 30 10f000
043 31 10f000
043 32 10f000
043 33 10f000
043 34 10f000
043 35 10f000
043 36 10f000
043 37 10f000
043 38 10f000
043 39 10f000
043 3a 10f000
043 3b 10f000
043 3c 10f000
043 3d 10f000
043 3e 10f000
043 3f 10f000
043 40 10f000
043 41 10f000
043 42 10f000
043 43 10f000
043 44 10f000
043 45 10f000
043 46 10f000
043 47 10f000
043 48 10f000
043 49 10f000
043 4a 10f000
043 4b 10f000
043 4c 10f000
043 4d 10f000
043 4e 10f000
043 4f 10f000
043 50 10f000
043 51 10f000
043 52 10f000
043 53 10f000
043 54 10f000
043 55 10f000
043 56 10f000
043 57 10f000
043 58 10f000
043 59 10f000
043 5a 10f000
043 5b 10f000
043 5c 10f000
043 5d 10f000
043 5e 10f000
043 5f 10f000
043 60 10f000
043 61 10f000
043 62 10f000
043 63 10f000
043 64 10f000
043 65 10f000
043 66 10f000
043 67 10f000
043 68 10f000
043 69 10f000
043 6a 10f000
043 6b 10f000
043 6c 10f000
043 6d 10f000
043 6e 10f000
043 6f 10f000
043 70 10f000
043 71 10f000
043 72 10f000
043 73 10f000
043 74 10f000
043 75 10f000
043 76 10f000
043 77 10f000
043 78 10f000
043 79 10f000
043 7a 10f000
043 7b 10f000
043 7c 10f000
043 7d 10f000
043 7e 10f000
043 7f 10f000
043 80 10f000
043 81 10f000
043 82 10f000
043 83 10f000
043 84 10f000
043 85 10f000
043 86 10f000
043 87 10f000
043 88 10f000
043 89 10f000
043 8a 10f000
043 8b 10f000
043 8c 10f000
043 8d 10f000
043 8e 10f000
043 8f 10f000
043 90 10f000
043 91 10f000
043 92 10f000
043 93 10f000
043 94 10f000
043 95 10f000
043 96 10f000
043 97 10f000
043 98 10f000
043 99 10f000
043 9a 10f000
043 9b 10f000
043 9c 10f000
043 9d 10f000
043 9e 10f000
043 9f 10f000
043 a0 10f000
043 a1 10f000
043 a2 10f000
043 a3 10f000
043 a4 10f000
043 a5 10f000
043 a6 10f000
043 a7 10f000
043 a8 10f000
043 a9 10f000
043 aa 10f000
043 ab 10f000
043 ac 10f000
043 ad 10f000
043 ae 10f000
043 af 10f000
043 b0 10f000
043 b1 10f000
043 b2 10f000
043 b3 10f000
043 b4 10f000
043 b5 10f000
043 b6 10f000
043 b7 10f000
043 b8 10f000
043 b9 10f000
043 ba 10f000
043 bb 10f000
043 bc 10f000
043 bd 10f000
043 be 10f000
043 bf 10f000
043 c0 10f000
043 c1 10f000
043 c2 10f000
043 c3 10f000
043 c4 10f000
043 c5 10f000
043 c6 10f000
043 c7 10f000
043 c8 10f000
043 c9 10f000
043 ca 10f000
043 cb 10f000
043 cc 10f000
043 cd 10f000
043 ce 10f000
043 cf 10f000
043 d0 10f000
043 d1 10f000
043 d2 10f000
043 d3 10f000
043 d4 10f000
043 d5 10f000
043 d6 10f000
043 d7 10f000
043 d8 10f000
043 d9 10f000
043 da 10f000
043 db 10f000
043 dc 10f000
043 dd 10f000
043 de 10f000
043 df 10f000
043 e0 10f000
043 e1 10f000
043 e2 10f000
043 e3 10f000
043 e4 10f000
043 e5 10f000
043 e6 10f000
043 e7 10f000
043 e8 10f000
043 e9 10f000
043 ea 10f000
043 eb 10f000
043 ec 10f000
043 ed 10f000
043 ee 10f000
043 ef 10f000
043 f0 10f000
043 f1 10f000
043 f2 10f000
043 f3 10f000
043 f4 10f000
043 f5 10f000
043 f6 10f000
043 f7 10f000
043 f8 10f000
043 f9 10f000
043 fa 10f000
043 fb 10f000
043 fc 10f000
043 fd 10f000
043 fe 10f000
043 ff 10f000
041 00 107400
041 01 101404
041 02 107400
041 03 101404
041 04 101410
041 05 101414
041 06 101410
041 07 101414
041 08 107400
041 09 101404
041 0a 107400
041 0b 101404
041 0c 101410
041 0d 101414
041 0e 101410
041 0f 101414
041 10 107400
041 11 101404
041 12 107400
041 13 101404
041 14 101410
041 15 101414
041 16 101410
041 17 101414
041 18 107400
041 19 101404
041 1a 107400
041 1b 101404
041 1c 101410
041 1d 101414
041 1e 101410
041 1f 101414
041 20 107400
041 21 101404
041 22 107400
041 23 101404
041 24 101410
041 25 101414
041 26 101410
041 27 101414
041 28 107400
041 29 101404
041 2a 107400
041 2b 101404
041 2c 101410
041 2d 101414
041 2e 101410
041 2f 101414
041 30 107400
041 31 101404
041 32 107400
041 33 101404
041 34 101410
041 35 101414
041 36 101410
041 37 101414
041 38 107400
041 39 101404
041 3a 107400
041 3b 101404
041 3c 101410
041 3d 101414
041 3e 101410
041 3f 101414
041 40 107400
041 41 101404
041 42 107400
041 43 101404
041 44 101410
041 45 101414
041 46 101410
041 47 101414
041 48 107400
041 49 101404
041 4a 107400
041 4b 101404
041 4c 101410
041 4d 101414
041 4e 101410
041 4f 101414
041 50 107400
041 51 101404
041 52 107400
041 53 101404
041 54 101410
041 55 101414
041 56 101410
041 57 101414
041 58 107400
041 59 101404
041 5a 107400
041 5b 101404
041 5c 101410
041 5d 101414
041 5e 101410
041 5f 101414
041 60 107400
041 61 101404
041 62 107400
041 63 101404
041 64 101410
041 65 101414
041 66 101410
041 67 101414
041 68 107400
041 69 101404
041 6a 107400
041 6b 101404
041 6c 101410
041 6d 101414
041 6e 101410
041 6f 101414
041 70 107400
041 71 101404
041 72 107400
041 73 101404
041 74 101410
041 75 101414
041 76 101410
041 77 101414
041 78 107400
041 79 101404
041 7a 107400
041 7b 101404
041 7c 101410
041 7d 101414
041 7e 101410
041 7f 101414
041 80 107400
041 81 101404
041 82 107400
041 83 101404
041 84 101410
041 85 101414
041 86 101410
041 87 101414
041 88 107400
041 89 101404
041 8a 107400
041 8b 101404
041 8c 101410
041 8d 101414
041 8e 101410
041 8f 101414
041 90 107400
041 91 101404
041 92 107400
041 93 101404
041 94 101410
041 95 101414
041 96 101410
041 97 101414
041 98 107400
041 99 101404
041 9a 107400
041 9b 101404
041 9c 101410
041 9d 101414
041 9e 101410
041 9f 101414
041 a0 107400
041 a1 101404
041 a2 107400
041 a3 101404
041 a4 101410
041 a5 101414
041 a6 101410
041 a7 101414
041 a8 107400
041 a9 101404
041 aa 107400
041 ab 101404
041 ac 101410
041 ad 101414
041 ae 101410
041 af 101414
041 b0 107400
041 b1 101404
041 b2 107400
041 b3 101404
041 b4 101410
041 b5 101414
041 b6 101410
041 b7 101414
041 b8 107400
041 b9 101404
041 ba 107400
041 bb 101404
041 bc 101410
041 bd 101414
041 be 101410
041 bf 101414
041 c0 107400
041 c1 101404
041 c2 107400
041 c3 101404
041 c4 101410
041 c5 101414
041 c6 101410
041 c7 101414
041 c8 107400
041 c9 101404
041 ca 107400
041 cb 101404
041 cc 101410
041 cd 101414
041 ce 101410
041 cf 101414
041 d0 107400
041 d1 101404
041 d2 107400
041 d3 101404
041 d4 101410
041 d5 101414
041 d6 101410
041 d7 101414
041 d8 107400
041 d9 101404
041 da 107400
041 db 101404
041 dc 101410
041 dd 101414
041 de 101410
041 df 101414
041 e0 107400
041 e1 101404
041 e2 107400
041 e3 101404
041 e4 101410
041 e5 101414
041 e6 101410
041 e7 101414
041 e8 107400
041 e9 101404
041 ea 107400
041 eb 101404
041 ec 101410
041 ed 101414
041 ee 101410
041 ef 101414
041 f0 107400
041 f1 101404
041 f2 107400
041 f3 101404
041 f4 101410
041 f5 101414
041 f6 101410
041 f7 101414
041 f8 107400
041 f9 101404
041 fa 107400
041 fb 101404
041 fc 101410
041 fd 101414
041 fe 101410
041 ff 101414
04c 00 133000
04c 01 133000
04c 02 133000
04c 03 133000
04c 04 133000
04c 05 133000
04c 06 133000
04c 07 133000
04c 08 133000
04c 09 133000
04c 0a 133000
04c 0b 133000
04c 0c 133000
04c 0d 133000
04c 0e 133000
04c 0f 133000
04c 10 133000
04c 11 133000
04c 12 133000
04c 13 133000
04c 14 133000
04c 15 133000
04c 16 133000
04c 17 133000
04c 18 133000
04c 19 133000
04c 1a 133000
04c 1b 133000
04c 1c 133000
04c 1d 133000
04c 1e 133000
04c 1f 133000
04c 20 133000
04c 21 133000
04c 22 133000
04c 23 133000
04c 24 133000
04c 25 133000
04c 26 133000
04c 27 133000
04c 28 133000
04c 29 133000
04c 2a 133000
04c 2b 133000
04c 2c 133000
04c 2d 133000
04c 2e 133000
04c 2f 133000
04c 30 133000
04c 31 133000
04c 32 133000
04c 33 133000
04c 34 133000
04c 35 133000
04c 36 133000
04c 37 133000
04c 38 133000
04c 39 133000
04c 3a 133000
04c 3b 133000
04c 3c 133000
04c 3d 133000
04c 3e 133000
04c 3f 133000
04c 40 133000
04c 41 133000
04c 42 133000
04c 43 133000
04c 44 133000
04c 45 133000
04c 46 133000
04c 47 133000
04c 48 133000
04c 49 133000
04c 4a 133000
04c 4b 133000
04c 4c 133000
04c 4d 133000
04c 4e 133000
04c 4f 133000
04c 50 133000
04c 51 133000
04c 52 133000
04c 53 133000
04c 54 133000
04c 55 133000
04c 56 133000
04c 57 133000
04c 58 133000
04c 59 133000
04c 5a 133000
04c 5b 133000
04c 5c 133000
04c 5d 133000
04c 5e 133000
04c 5f 133000
04c 60 133000
04c 61 133000
04c 62 133000
04c 63 133000
04c 64 133000
04c 65 133000
04c 66 133000
04c 67 133000
04c 68 133000
04c 69 133000
04c 6a 133000
04c 6b 133000
04c 6c 133000
04c 6d 133000
04c 6e 133000
04c 6f 133000
04c 70 133000
04c 71 133000
04c 72 133000
04c 73 133000
04c 74 133000
04c 75 133000
04c 76 133000
04c 77 133000
04c 78 133000
04c 79 133000
04c 7a 133000
04c 7b 133000
04c 7c 133000
04c 7d 133000
04c 7e 133000
04c 7f 133000
04c 80 133000
04c 81 133000
04c 82 133000
04c 83 133000
04c 84 133000
04c 85 133000
04c 86 133000
04c 87 133000
04c 88 133000
04c 89 133000
04c 8a 133000
04c 8b 133000
04c 8c 133000
04c 8d 133000
04c 8e 133000
04c 8f 133000
04c 90 133000
04c 91 133000
04c 92 133000
04c 93 133000
04c 94 133000
04c 95 133000
04c 96 133000
04c 97 133000
04c 98 133000
04c 99 133000
04c 9a 133000
04c 9b 133000
04c 9c 133000
04c 9d 133000
04c 9e 133000
04c 9f 133000
04c a0 133000
04c a1 133000
04c a2 133000
04c a3 133000
04c a4 133000
04c a5 133000
04c a6 133000
04c a7 133000
04c a8 133000
04c a9 133000
04c aa 133000
04c ab 133000
04c ac 133000
04c ad 133000
04c ae 133000
04c af 133000
04c b0 133000
04c b1 133000
04c b2 133000
04c b3 133000
04c b4 133000
04c b5 133000
04c b6 133000
04c b7 133000
04c b8 133000
04c b9 133000
04c ba 133000
04c bb 133000
04c bc 133000
04c bd 133000
04c be 133000
04c bf 133000
04c c0 133000
04c c1 133000
04c c2 133000
04c c3 133000
04c c4 133000
04c c5 133000
04c c6 133000
04c c7 133000
04c c8 133000
04c c9 133000
04c ca 133000
04c cb 133000
04c cc 133000
04c cd 133000
04c ce 133000
04c cf 133000
04c d0 133000
04c d1 133000
04c d2 133000
04c d3 133000
04c d4 133000
04c d5 133000
04c d6 133000
04c d7 133000
04c d8 133000
04c d9 133000
04c da 133000
04c db 133000
04c dc 133000
04c dd 133000
04c de 133000
04c df 133000
04c e0 133000
04c e1 133000
04c e2 133000
04c e3 133000
04c e4 133000
04c e5 133000
04c e6 133000
04c e7 133000
04c e8 133000
04c e9 133000
04c ea 133000
04c eb 133000
04c ec 133000
04c ed 133000
04c ee 133000
04c ef 133000
04c f0 133000
04c f1 133000
04c f2 133000
04c f3 133000
04c f4 133000
04c f5 133000
04c f6 133000
04c f7 133000
04c f8 133000
04c f9 133000
04c fa 133000
04c fb 133000
04c fc 133000
04c fd 133000
04c fe 133000
04c ff 133000
04f 00 13f000
04f 01 13e004
04f 02 13f000
04f 03 13e004
04f 04 13e010
04f 05 13e014
04f 06 13e010
04f 07 13e014
04f 08 13f000
04f 09 13e004
04f 0a 13f000
04f 0b 13e004
04f 0c 13e010
04f 0d 13e014
04f 0e 13e010
04f 0f 13e014
04f 10 13f000
04f 11 13e004
04f 12 13f000
04f 13 13e004
04f 14 13e010
04f 15 13e014
04f 16 13e010
04f 17 13e014
04f 18 13f000
04f 19 13e004
04f 1a 13f000
04f 1b 13e004
04f 1c 13e010
04f 1d 13e014
04f 1e 13e010
04f 1f 13e014
04f 20 13f000
04f 21 13e004
04f 22 13f000
04f 23 13e004
04f 24 13e010
04f 25 13e014
04f 26 13e010
04f 27 13e014
04f 28 13f000
04f 29 13e004
04f 2a 13f000
04f 2b 13e004
04f 2c 13e010
04f 2d 13e014
04f 2e 13e010
04f 2f 13e014
04f 30 13f000
04f 31 13e004
04f 32 13f000
04f 33 13e004
04f 34 13e010
04f 35 13e014
04f 36 13e010
04f 37 13e014
04f 38 13f000
04f 39 13e004
04f 3a 13f000
04f 3b 13e004
04f 3c 13e010
04f 3d 13e014
04f 3e 13e010
04f 3f 13e014
04f 40 13f000
04f 41 13e004
04f 42 13f000
04f 43 13e004
04f 44 13e010
04f 45 13e014
04f 46 13e010
04f 47 13e014
04f 48 13f000
04f 49 13e004
04f 4a 13f000
04f 4b 13e004
04f 4c 13e010
04f 4d 13e014
04f 4e 13e010
04f 4f 13e014
04f 50 13f000
04f 51 13e004
04f 52 13f000
04f 53 13e004
04f 54 13e010
04f 55 13e014
04f 56 13e010
04f 57 13e014
04f 58 13f000
04f 59 13e004
04f 5a 13f000
04f 5b 13e004
04f 5c 13e010
04f 5d 13e014
04f 5e 13e010
04f 5f 13e014
04f 60 13f000
04f 61 13e004
04f 62 13f000
04f 63 13e004
04f 64 13e010
04f 65 13e014
04f 66 13e010
04f 67 13e014
04f 68 13f000
04f 69 13e004
04f 6a 13f000
04f 6b 13e004
04f 6c 13e010
04f 6d 13e014
04f 6e 13e010
04f 6f 13e014
04f 70 13f000
04f 71 13e004
04f 72 13f000
04f 73 13e004
04f 74 13e010
04f 75 13e014
04f 76 13e010
04f 77 13e014
04f 78 13f000
04f 79 13e004
04f 7a 13f000
04f 7b 13e004
04f 7c 13e010
04f 7d 13e014
04f 7e 13e010
04f 7f 13e014
04f 80 13f000
04f 81 13e004
04f 82 13f000
04f 83 13e004
04f 84 13e010
04f 85 13e014
04f 86 13e010
04f 87 13e014
04f 88 13f000
04f 89 13e004
04f 8a 13f000
04f 8b 13e004
04f 8c 13e010
04f 8d 13e014
04f 8e 13e010
04f 8f 13e014
04f 90 13f000
04f 91 13e004
04f 92 13f000
04f 93 13e004
04f 94 13e010
04f 95 13e014
04f 96 13e010
04f 97 13e014
04f 98 13f000
04f 99 13e004
04f 9a 13f000
04f 9b 13e004
04f 9c 13e010
04f 9d 13e014
04f 9e 13e010
04f 9f 13e014
04f a0 13f000
04f a1 13e004
04f a2 13f000
04f a3 13e004
04f a4 13e010
04f a5 13e014
04f a6 13e010
04f a7 13e014
04f a8 13f000
04f a9 13e004
04f aa 13f000
04f ab 13e004
04f ac 13e010
04f ad 13e014
04f ae 13e010
04f af 13e014
04f b0 13f000
04f b1 13e004
04f b2 13f000
04f b3 13e004
04f b4 13e010
04f b5 13e014
04f b6 13e010
04f b7 13e014
04f b8 13f000
04f b9 13e004
04f ba 13f000
04f bb 13e004
04f bc 13e010
04f bd 13e014
04f be 13e010
04f bf 13e014
04f c0 13f000
04f c1 13e004
04f c2 13f000
04f c3 13e004
04f c4 13e010
04f c5 13e014
04f c6 13e010
04f c7 13e014
04f c8 13f000
04f c9 13e004
04f ca 13f000
04f cb 13e004
04f cc 13e010
04f cd 13e014
04f ce 13e010
04f cf 13e014
04f d0 13f000
04f d1 13e004
04f d2 13f000
04f d3 13e004
04f d4 13e010
04f d5 13e014
04f d6 13e010
04f d7 13e014
04f d8 13f000
04f d9 13e004
04f da 13f000
04f db 13e004
04f dc 13e010
04f dd 13e014
04f de 13e010
04f df 13e014
04f e0 13f000
04f e1 13e004
04f e2 13f000
04f e3 13e004
04f e4 13e010
04f e5 13e014
04f e6 13e010
04f e7 13e014
04f e8 13f000
04f e9 13e004
04f ea 13f000
04f eb 13e004
04f ec 13e010
04f ed 13e014
04f ee 13e010
04f ef 13e014
04f f0 13f000
04f f1 13e004
04f f2 13f000
04f f3 13e004
04f f4 13e010
04f f5 13e014
04f f6 13e010
04f f7 13e014
04f f8 13f000
04f f9 13e004
04f fa 13f000
04f fb 13e004
04f fc 13e010
04f fd 13e014
04f fe 13e010
04f ff 13e014
04d 00 137400
04d 01 13d404
04d 02 137400
04d 03 13d404
04d 04 13d410
04d 05 13d414
04d 06 13d410
04d 07 13d414
04d 08 137400
04d 09 13d404
04d 0a 137400
04d 0b 13d404
04d 0c 13d410
04d 0d 13d414
04d 0e 13d410
04d 0f 13d414
04d 10 137400
04d 11 13d404
04d 12 137400
04d 13 13d404
04d 14 13d410
04d 15 13d414
04d 16 13d410
04d 17 13d414
04d 18 137400
04d 19 13d404
04d 1a 137400
04d 1b 13d404
04d 1c 13d410
04d 1d 13d414
04d 1e 13d410
04d 1f 13d414
04d 20 137400
04d 21 13d404
04d 22 137400
04d 23 13d404
04d 24 13d410
04d 25 13d414
04d 26 13d410
04d 27 13d414
04d 28 137400
04d 29 13d404
04d 2a 137400
04d 2b 13d404
04d 2c 13d410
04d 2d 13d414
04d 2e 13d410
04d 2f 13d414
04d 30 137400
04d 31 13d404
04d 32 137400
04d 33 13d404
04d 34 13d410
04d 35 13d414
04d 36 13d410
04d 37 13d414
04d 38 137400
04d 39 13d404
04d 3a 137400
04d 3b 13d404
04d 3c 13d410
04d 3d 13d414
04d 3e 13d410
04d 3f 13d414
04d 40 137400
04d 41 13d404
04d 42 137400
04d 43 13d404
04d 44 13d410
04d 45 13d414
04d 46 13d410
04d 47 13d414
04d 48 137400
04d 49 13d404
04d 4a 137400
04d 4b 13d404
04d 4c 13d410
04d 4d 13d414
04d 4e 13d410
04d 4f 13d414
04d 50 137400
04d 51 13d404
04d 52 137400
04d 53 13d404
04d 54 13d410
04d 55 13d414
04d 56 13d410
04d 57 13d414
04d 58 137400
04d 59 13d404
04d 5a 137400
04d 5b 13d404
04d 5c 13d410
04d 5d 13d414
04d 5e 13d410
04d 5f 13d414
04d 60 137400
04d 61 13d404
04d 62 137400
04d 63 13d404
04d 64 13d410
04d 65 13d414
04d 66 13d410
04d 67 13d414
04d 68 137400
04d 69 13d404
04d 6a 137400
04d 6b 13d404
04d 6c 13d410
04d 6d 13d414
04d 6e 13d410
04d 6f 13d414
04d 70 137400
04d 71 13d404
04d 72 137400
04d 73 13d404
04d 74 13d410
04d 75 13d414
04d 76 13d410
04d 77 13d414
04d 78 137400
04d 79 13d404
04d 7a 137400
04d 7b 13d404
04d 7c 13d410
04d 7d 13d414
04d 7e 13d410
04d 7f 13d414
04d 80 137400
04d 81 13d404
04d 82 137400
04d 83 13d404
04d 84 13d410
04d 85 13d414
04d 86 13d410
04d 87 13d414
04d 88 137400
04d 89 13d404
04d 8a 137400
04d 8b 13d404
04d 8c 13d410
04d 8d 13d414
04d 8e 13d410
04d 8f 13d414
04d 90 137400
04d 91 13d404
04d 92 137400
04d 93 13d404
04d 94 13d410
04d 95 13d414
04d 96 13d410
04d 97 13d414
04d 98 137400
04d 99 13d404
04d 9a 137400
04d 9b 13d404
04d 9c 13d410
04d 9d 13d414
04d 9e 13d410
04d 9f 13d414
04d a0 137400
04d a1 13d404
04d a2 137400
04d a3 13d404
04d a4 13d410
04d a5 13d414
04d a6 13d410
04d a7 13d414
04d a8 137400
04d a9 13d404
04d aa 137400
04d ab 13d404
04d ac 13d410
04d ad 13d414
04d ae 13d410
04d af 13d414
04d b0 137400
04d b1 13d404
04d b2 137400
04d b3 13d404
04d b4 13d410
04d b5 13d414
04d b6 13d410
04d b7 13d414
04d b8 137400
04d b9 13d404
04d ba 137400
04d bb 13d404
04d bc 13d410
04d bd 13d414
04d be 13d410
04d bf 13d414
04d c0 137400
04d c1 13d404
04d c2 137400
04d c3 13d404
04d c4 13d410
04d c5 13d414
04d c6 13d410
04d c7 13d414
04d c8 137400
04d c9 13d404
04d ca 137400
04d cb 13d404
04d cc 13d410
04d cd 13d414
04d ce 13d410
04d cf 13d414
04d d0 137400
04d d1 13d404
04d d2 137400
04d d3 13d404
04d d4 13d410
04d d5 13d414
04d d6 13d410
04d d7 13d414
04d d8 137400
04d d9 13d404
04d da 137400
04d db 13d404
04d dc 13d410
04d dd 13d414
04d de 13d410
04d df 13d414
04d e0 137400
04d e1 13d404
04d e2 137400
04d e3 13d404
04d e4 13d410
04d e5 13d414
04d e6 13d410
04d e7 13d414
04d e8 137400
04d e9 13d404
04d ea 137400
04d eb 13d404
04d ec 13d410
04d ed 13d414
04d ee 13d410
04d ef 13d414
04d f0 137400
04d f1 13d404
04d f2 137400
04d f3 13d404
04d f4 13d410
04d f5 13d414
04d f6 13d410
04d f7 13d414
04d f8 137400
04d f9 13d404
04d fa 137400
04d fb 13d404
04d fc 13d410
04d fd 13d414
04d fe 13d410
04d ff 13d414
044 00 113400
044 01 101404
044 02 113400
044 03 101404
044 04 101410
044 05 101414
044 06 101410
044 07 101414
044 08 113400
044 09 101404
044 0a 113400
044 0b 101404
044 0c 101410
044 0d 101414
044 0e 101410
044 0f 101414
044 10 113400
044 11 101404
044 12 113400
044 13 101404
044 14 101410
044 15 101414
044 16 101410
044 17 101414
044 18 113400
044 19 101404
044 1a 113400
044 1b 101404
044 1c 101410
044 1d 101414
044 1e 101410
044 1f 101414
044 20 113400
044 21 101404
044 22 113400
044 23 101404
044 24 101410
044 25 101414
044 26 101410
044 27 101414
044 28 113400
044 29 101404
044 2a 113400
044 2b 101404
044 2c 101410
044 2d 101414
044 2e 101410
044 2f 101414
044 30 113400
044 31 101404
044 32 113400
044 33 101404
044 34 101410
044 35 101414
044 36 101410
044 37 101414
044 38 113400
044 39 101404
044 3a 113400
044 3b 101404
044 3c 101410
044 3d 101414
044 3e 101410
044 3f 101414
044 40 113400
044 41 101404
044 42 113400
044 43 101404
044 44 101410
044 45 101414
044 46 101410
044 47 101414
044 48 113400
044 49 101404
044 4a 113400
044 4b 101404
044 4c 101410
044 4d 101414
044 4e 101410
044 4f 101414
044 50 113400
044 51 101404
044 52 113400
044 53 101404
044 54 101410
044 55 101414
044 56 101410
044 57 101414
044 58 113400
044 59 101404
044 5a 113400
044 5b 101404
044 5c 101410
044 5d 101414
044 5e 101410
044 5f 101414
044 60 113400
044 61 101404
044 62 113400
044 63 101404
044 64 101410
044 65 101414
044 66 101410
044 67 101414
044 68 113400
044 69 101404
044 6a 113400
044 6b 101404
044 6c 101410
044 6d 101414
044 6e 101410
044 6f 101414
044 70 113400
044 71 101404
044 72 113400
044 73 101404
044 74 101410
044 75 101414
044 76 101410
044 77 101414
044 78 113400
044 79 101404
044 7a 113400
044 7b 101404
044 7c 101410
044 7d 101414
044 7e 101410
044 7f 101414
044 80 113400
044 81 101404
044 82 113400
044 83 101404
044 84 101410
044 85 101414
044 86 101410
044 87 101414
044 88 113400
044 89 101404
044 8a 113400
044 8b 101404
044 8c 101410
044 8d 101414
044 8e 101410
044 8f 101414
044 90 113400
044 91 101404
044 92 113400
044 93 101404
044 94 101410
044 95 101414
044 96 101410
044 97 101414
044 98 113400
044 99 101404
044 9a 113400
044 9b 101404
044 9c 101410
044 9d 101414
044 9e 101410
044 9f 101414
044 a0 113400
044 a1 101404
044 a2 113400
044 a3 101404
044 a4 101410
044 a5 101414
044 a6 101410
044 a7 101414
044 a8 113400
044 a9 101404
044 aa 113400
044 ab 101404
044 ac 101410
044 ad 101414
044 ae 101410
044 af 101414
044 b0 113400
044 b1 101404
044 b2 113400
044 b3 101404
044 b4 101410
044 b5 101414
044 b6 101410
044 b7 101414
044 b8 113400
044 b9 101404
044 ba 113400
044 bb 101404
044 bc 101410
044 bd 101414
044 be 101410
044 bf 101414
044 c0 113400
044 c1 101404
044 c2 113400
044 c3 101404
044 c4 101410
044 c5 101414
044 c6 101410
044 c7 101414
044 c8 113400
044 c9 101404
044 ca 113400
044 cb 101404
044 cc 101410
044 cd 101414
044 ce 101410
044 cf 101414
044 d0 113400
044 d1 101404
044 d2 113400
044 d3 101404
044 d4 101410
044 d5 101414
044 d6 101410
044 d7 101414
044 d8 113400
044 d9 101404
044 da 113400
044 db 101404
044 dc 101410
044 dd 101414
044 de 101410
044 df 101414
044 e0 113400
044 e1 101404
044 e2 113400
044 e3 101404
044 e4 101410
044 e5 101414
044 e6 101410
044 e7 101414
044 e8 113400
044 e9 101404
044 ea 113400
044 eb 101404
044 ec 101410
044 ed 101414
044 ee 101410
044 ef 101414
044 f0 113400
044 f1 101404
044 f2 113400
044 f3 101404
044 f4 101410
044 f5 101414
044 f6 101410
044 f7 101414
044 f8 113400
044 f9 101404
044 fa 113400
044 fb 101404
044 fc 101410
044 fd 101414
044 fe 101410
044 ff 101414
047 00 11f400
047 01 13d404
047 02 11f400
047 03 13d404
047 04 13d410
047 05 13d414
047 06 13d410
047 07 13d414
047 08 11f400
047 09 13d404
047 0a 11f400
047 0b 13d404
047 0c 13d410
047 0d 13d414
047 0e 13d410
047 0f 13d414
047 10 11f400
047 11 13d404
047 12 11f400
047 13 13d404
047 14 13d410
047 15 13d414
047 16 13d410
047 17 13d414
047 18 11f400
047 19 13d404
047 1a 11f400
047 1b 13d404
047 1c 13d410
047 1d 13d414
047 1e 13d410
047 1f 13d414
047 20 11f400
047 21 13d404
047 22 11f400
047 23 13d404
047 24 13d410
047 25 13d414
047 26 13d410
047 27 13d414
047 28 11f400
047 29 13d404
047 2a 11f400
047 2b 13d404
047 2c 13d410
047 2d 13d414
047 2e 13d410
047 2f 13d414
047 30 11f400
047 31 13d404
047 32 11f400
047 33 13d404
047 34 13d410
047 35 13d414
047 36 13d410
047 37 13d414
047 38 11f400
047 39 13d404
047 3a 11f400
047 3b 13d404
047 3c 13d410
047 3d 13d414
047 3e 13d410
047 3f 13d414
047 40 11f400
047 41 13d404
047 42 11f400
047 43 13d404
047 44 13d410
047 45 13d414
047 46 13d410
047 47 13d414
047 48 11f400
047 49 13d404
047 4a 11f400
047 4b 13d404
047 4c 13d410
047 4d 13d414
047 4e 13d410
047 4f 13d414
047 50 11f400
047 51 13d404
047 52 11f400
047 53 13d404
047 54 13d410
047 55 13d414
047 56 13d410
047 57 13d414
047 58 11f400
047 59 13d404
047 5a 11f400
047 5b 13d404
047 5c 13d410
047 5d 13d414
047 5e 13d410
047 5f 13d414
047 60 11f400
047 61 13d404
047 62 11f400
047 63 13d404
047 64 13d410
047 65 13d414
047 66 13d410
047 67 13d414
047 68 11f400
047 69 13d404
047 6a 11f400
047 6b 13d404
047 6c 13d410
047 6d 13d414
047 6e 13d410
047 6f 13d414
047 70 11f400
047 71 13d404
047 72 11f400
047 73 13d404
047 74 13d410
047 75 13d414
047 76 13d410
047 77 13d414
047 78 11f400
047 79 13d404
047 7a 11f400
047 7b 13d404
047 7c 13d410
047 7d 13d414
047 7e 13d410
047 7f 13d414
047 80 11f400
047 81 13d404
047 82 11f400
047 83 13d404
047 84 13d410
047 85 13d414
047 86 13d410
047 87 13d414
047 88 11f400
047 89 13d404
047 8a 11f400
047 8b 13d404
047 8c 13d410
047 8d 13d414
047 8e 13d410
047 8f 13d414
047 90 11f400
047 91 13d404
047 92 11f400
047 93 13d404
047 94 13d410
047 95 13d414
047 96 13d410
047 97 13d414
047 98 11f400
047 99 13d404
047 9a 11f400
047 9b 13d404
047 9c 13d410
047 9d 13d414
047 9e 13d410
047 9f 13d414
047 a0 11f400
047 a1 13d404
047 a2 11f400
047 a3 13d404
047 a4 13d410
047 a5 13d414
047 a6 13d410
047 a7 13d414
047 a8 11f400
047 a9 13d404
047 aa 11f400
047 ab 13d404
047 ac 13d410
047 ad 13d414
047 ae 13d410
047 af 13d414
047 b0 11f400
047 b1 13d404
047 b2 11f400
047 b3 13d404
047 b4 13d410
047 b5 13d414
047 b6 13d410
047 b7 13d414
047 b8 11f400
047 b9 13d404
047 ba 11f400
047 bb 13d404
047 bc 13d410
047 bd 13d414
047 be 13d410
047 bf 13d414
047 c0 11f400
047 c1 13d404
047 c2 11f400
047 c3 13d404
047 c4 13d410
047 c5 13d414
047 c6 13d410
047 c7 13d414
047 c8 11f400
047 c9 13d404
047 ca 11f400
047 cb 13d404
047 cc 13d410
047 cd 13d414
047 ce 13d410
047 cf 13d414
047 d0 11f400
047 d1 13d404
047 d2 11f400
047 d3 13d404
047 d4 13d410
047 d5 13d414
047 d6 13d410
047 d7 13d414
047 d8 11f400
047 d9 13d404
047 da 11f400
047 db 13d404
047 dc 13d410
047 dd 13d414
047 de 13d410
047 df 13d414
047 e0 11f400
047 e1 13d404
047 e2 11f400
047 e3 13d404
047 e4 13d410
047 e5 13d414
047 e6 13d410
047 e7 13d414
047 e8 11f400
047 e9 13d404
047 ea 11f400
047 eb 13d404
047 ec 13d410
047 ed 13d414
047 ee 13d410
047 ef 13d414
047 f0 11f400
047 f1 13d404
047 f2 11f400
047 f3 13d404
047 f4 13d410
047 f5 13d414
047 f6 13d410
047 f7 13d414
047 f8 11f400
047 f9 13d404
047 fa 11f400
047 fb 13d404
047 fc 13d410
047 fd 13d414
047 fe 13d410
047 ff 13d414
045 00 117800
045 01 114804
045 02 117800
045 03 114804
045 04 114810
045 05 114814
045 06 114810
045 07 114814
045 08 117800
045 09 114804
045 0a 117800
045 0b 114804
045 0c 114810
045 0d 114814
045 0e 114810
045 0f 114814
045 10 117800
045 11 114804
045 12 117800
045 13 114804
045 14 114810
045 15 114814
045 16 114810
045 17 114814
045 18 117800
045 19 114804
045 1a 117800
045 1b 114804
045 1c 114810
045 1d 114814
045 1e 114810
045 1f 114814
045 20 117800
045 21 114804
045 22 117800
045 23 114804
045 24 114810
045 25 114814
045 26 114810
045 27 114814
045 28 117800
045 29 114804
045 2a 117800
045 2b 114804
045 2c 114810
045 2d 114814
045 2e 114810
045 2f 114814
045 30 117800
045 31 114804
045 32 117800
045 33 114804
045 34 114810
045 35 114814
045 36 114810
045 37 114814
045 38 117800
045 39 114804
045 3a 117800
045 3b 114804
045 3c 114810
045 3d 114814
045 3e 114810
045 3f 114814
045 40 117800
045 41 114804
045 42 117800
045 43 114804
045 44 114810
045 45 114814
045 46 114810
045 47 114814
045 48 117800
045 49 114804
045 4a 117800
045 4b 114804
045 4c 114810
045 4d 114814
045 4e 114810
045 4f 114814
045 50 117800
045 51 114804
045 52 117800
045 53 114804
045 54 114810
045 55 114814
045 56 114810
045 57 114814
045 58 117800
045 59 114804
045 5a 117800
045 5b 114804
045 5c 114810
045 5d 114814
045 5e 114810
045 5f 114814
045 60 117800
045 61 114804
045 62 117800
045 63 114804
045 64 114810
045 65 114814
045 66 114810
045 67 114814
045 68 117800
045 69 114804
045 6a 117800
045 6b 114804
045 6c 114810
045 6d 114814
045 6e 114810
045 6f 114814
045 70 117800
045 71 114804
045 72 117800
045 73 114804
045 74 114810
045 75 114814
045 76 114810
045 77 114814
045 78 117800
045 79 114804
045 7a 117800
045 7b 114804
045 7c 114810
045 7d 114814
045 7e 114810
045 7f 114814
045 80 117800
045 81 114804
045 82 117800
045 83 114804
045 84 114810
045 85 114814
045 86 114810
045 87 114814
045 88 117800
045 89 114804
045 8a 117800
045 8b 114804
045 8c 114810
045 8d 114814
045 8e 114810
045 8f 114814
045 90 117800
045 91 114804
045 92 117800
045 93 114804
045 94 114810
045 95 114814
045 96 114810
045 97 114814
045 98 117800
045 99 114804
045 9a 117800
045 9b 114804
045 9c 114810
045 9d 114814
045 9e 114810
045 9f 114814
045 a0 117800
045 a1 114804
045 a2 117800
045 a3 114804
045 a4 114810
045 a5 114814
045 a6 114810
045 a7 114814
045 a8 117800
045 a9 114804
045 aa 117800
045 ab 114804
045 ac 114810
045 ad 114814
045 ae 114810
045 af 114814
045 b0 117800
045 b1 114804
045 b2 117800
045 b3 114804
045 b4 114810
045 b5 114814
045 b6 114810
045 b7 114814
045 b8 117800
045 b9 114804
045 ba 117800
045 bb 114804
045 bc 114810
045 bd 114814
045 be 114810
045 bf 114814
045 c0 117800
045 c1 114804
045 c2 117800
045 c3 114804
045 c4 114810
045 c5 114814
045 c6 114810
045 c7 114814
045 c8 117800
045 c9 114804
045 ca 117800
045 cb 114804
045 cc 114810
045 cd 114814
045 ce 114810
045 cf 114814
045 d0 117800
045 d1 114804
045 d2 117800
045 d3 114804
045 d4 114810
045 d5 114814
045 d6 114810
045 d7 114814
045 d8 117800
045 d9 114804
045 da 117800
045 db 114804
045 dc 114810
045 dd 114814
045 de 114810
045 df 114814
045 e0 117800
045 e1 114804
045 e2 117800
045 e3 114804
045 e4 114810
045 e5 114814
045 e6 114810
045 e7 114814
045 e8 117800
045 e9 114804
045 ea 117800
045 eb 114804
045 ec 114810
045 ed 114814
045 ee 114810
045 ef 114814
045 f0 117800
045 f1 114804
045 f2 117800
045 f3 114804
045 f4 114810
045 f5 114814
045 f6 114810
045 f7 114814
045 f8 117800
045 f9 114804
045 fa 117800
045 fb 114804
045 fc 114810
045 fd 114814
045 fe 114810
045 ff 114814
070 00 1c3000
070 01 1c3000
070 02 1c000a
070 03 1c000a
070 04 1c3000
070 05 1c3000
070 06 1c000a
070 07 1c000a
070 08 1c3000
070 09 1c3000
070 0a 1c000a
070 0b 1c000a
070 0c 1c3000
070 0d 1c3000
070 0e 1c000a
070 0f 1c000a
070 10 1c3000
070 11 1c3000
070 12 1c000a
070 13 1c000a
070 14 1c3000
070 15 1c3000
070 16 1c000a
070 17 1c000a
070 18 1c3000
070 19 1c3000
070 1a 1c000a
070 1b 1c000a
070 1c 1c3000
070 1d 1c3000
070 1e 1c000a
070 1f 1c000a
070 20 1c3000
070 21 1c3000
070 22 1c000a
070 23 1c000a
070 24 1c3000
070 25 1c3000
070 26 1c000a
070 27 1c000a
070 28 1c3000
070 29 1c3000
070 2a 1c000a
070 2b 1c000a
070 2c 1c3000
070 2d 1c3000
070 2e 1c000a
070 2f 1c000a
070 30 1c3000
070 31 1c3000
070 32 1c000a
070 33 1c000a
070 34 1c3000
070 35 1c3000
070 36 1c000a
070 37 1c000a
070 38 1c3000
070 39 1c3000
070 3a 1c000a
070 3b 1c000a
070 3c 1c3000
070 3d 1c3000
070 3e 1c000a
070 3f 1c000a
070 40 1c3000
070 41 1c3000
070 42 1c000a
070 43 1c000a
070 44 1c3000
070 45 1c3000
070 46 1c000a
070 47 1c000a
070 48 1c3000
070 49 1c3000
070 4a 1c000a
070 4b 1c000a
070 4c 1c3000
070 4d 1c3000
070 4e 1c000a
070 4f 1c000a
070 50 1c3000
070 51 1c3000
070 52 1c000a
070 53 1c000a
070 54 1c3000
070 55 1c3000
070 56 1c000a
070 57 1c000a
070 58 1c3000
070 59 1c3000
070 5a 1c000a
070 5b 1c000a
070 5c 1c3000
070 5d 1c3000
070 5e 1c000a
070 5f 1c000a
070 60 1c3000
070 61 1c3000
070 62 1c000a
070 63 1c000a
070 64 1c3000
070 65 1c3000
070 66 1c000a
070 67 1c000a
070 68 1c3000
070 69 1c3000
070 6a 1c000a
070 6b 1c000a
070 6c 1c3000
070 6d 1c3000
070 6e 1c000a
070 6f 1c000a
070 70 1c3000
070 71 1c3000
070 72 1c000a
070 73 1c000a
070 74 1c3000
070 75 1c3000
070 76 1c000a
070 77 1c000a
070 78 1c3000
070 79 1c3000
070 7a 1c000a
070 7b 1c000a
070 7c 1c3000
070 7d 1c3000
070 7e 1c000a
070 7f 1c000a
070 80 1c3000
070 81 1c3000
070 82 1c000a
070 83 1c000a
070 84 1c3000
070 85 1c3000
070 86 1c000a
070 87 1c000a
070 88 1c3000
070 89 1c3000
070 8a 1c000a
070 8b 1c000a
070 8c 1c3000
070 8d 1c3000
070 8e 1c000a
070 8f 1c000a
070 90 1c3000
070 91 1c3000
070 92 1c000a
070 93 1c000a
070 94 1c3000
070 95 1c3000
070 96 1c000a
070 97 1c000a
070 98 1c3000
070 99 1c3000
070 9a 1c000a
070 9b 1c000a
070 9c 1c3000
070 9d 1c3000
070 9e 1c000a
070 9f 1c000a
070 a0 1c3000
070 a1 1c3000
070 a2 1c000a
070 a3 1c000a
070 a4 1c3000
070 a5 1c3000
070 a6 1c000a
070 a7 1c000a
070 a8 1c3000
070 a9 1c3000
070 aa 1c000a
070 ab 1c000a
070 ac 1c3000
070 ad 1c3000
070 ae 1c000a
070 af 1c000a
070 b0 1c3000
070 b1 1c3000
070 b2 1c000a
070 b3 1c000a
070 b4 1c3000
070 b5 1c3000
070 b6 1c000a
070 b7 1c000a
070 b8 1c3000
070 b9 1c3000
070 ba 1c000a
070 bb 1c000a
070 bc 1c3000
070 bd 1c3000
070 be 1c000a
070 bf 1c000a
070 c0 1c3000
070 c1 1c3000
070 c2 1c000a
070 c3 1c000a
070 c4 1c3000
070 c5 1c3000
070 c6 1c000a
070 c7 1c000a
070 c8 1c3000
070 c9 1c3000
070 ca 1c000a
070 cb 1c000a
070 cc 1c3000
070 cd 1c3000
070 ce 1c000a
070 cf 1c000a
070 d0 1c3000
070 d1 1c3000
070 d2 1c000a
070 d3 1c000a
070 d4 1c3000
070 d5 1c3000
070 d6 1c000a
070 d7 1c000a
070 d8 1c3000
070 d9 1c3000
070 da 1c000a
070 db 1c000a
070 dc 1c3000
070 dd 1c3000
070 de 1c000a
070 df 1c000a
070 e0 1c3000
070 e1 1c3000
070 e2 1c000a
070 e3 1c000a
070 e4 1c3000
070 e5 1c3000
070 e6 1c000a
070 e7 1c000a
070 e8 1c3000
070 e9 1c3000
070 ea 1c000a
070 eb 1c000a
070 ec 1c3000
070 ed 1c3000
070 ee 1c000a
070 ef 1c000a
070 f0 1c3000
070 f1 1c3000
070 f2 1c000a
070 f3 1c000a
070 f4 1c3000
070 f5 1c3000
070 f6 1c000a
070 f7 1c000a
070 f8 1c3000
070 f9 1c3000
070 fa 1c000a
070 fb 1c000a
070 fc 1c3000
070 fd 1c3000
070 fe 1c000a
070 ff 1c000a
073 00 1cf000
073 01 1cf000
073 02 1cf000
073 03 1cf000
073 04 1cf000
073 05 1cf000
073 06 1cf000
073 07 1cf000
073 08 1cc022
073 09 1cc022
073 0a 1cc022
073 0b 1cc022
073 0c 1cc022
073 0d 1cc022
073 0e 1cc022
073 0f 1cc022
073 10 1cf000
073 11 1cf000
073 12 1cf000
073 13 1cf000
073 14 1cf000
073 15 1cf000
073 16 1cf000
073 17 1cf000
073 18 1cc022
073 19 1cc022
073 1a 1cc022
073 1b 1cc022
073 1c 1cc022
073 1d 1cc022
073 1e 1cc022
073 1f 1cc022
073 20 1cf000
073 21 1cf000
073 22 1cf000
073 23 1cf000
073 24 1cf000
073 25 1cf000
073 26 1cf000
073 27 1cf000
073 28 1cc022
073 29 1cc022
073 2a 1cc022
073 2b 1cc022
073 2c 1cc022
073 2d 1cc022
073 2e 1cc022
073 2f 1cc022
073 30 1cf000
073 31 1cf000
073 32 1cf000
073 33 1cf000
073 34 1cf000
073 35 1cf000
073 36 1cf000
073 37 1cf000
073 38 1cc022
073 39 1cc022
073 3a 1cc022
073 3b 1cc022
073 3c 1cc022
073 3d 1cc022
073 3e 1cc022
073 3f 1cc022
073 40 1cf000
073 41 1cf000
073 42 1cf000
073 43 1cf000
073 44 1cf000
073 45 1cf000
073 46 1cf000
073 47 1cf000
073 48 1cc022
073 49 1cc022
073 4a 1cc022
073 4b 1cc022
073 4c 1cc022
073 4d 1cc022
073 4e 1cc022
073 4f 1cc022
073 50 1cf000
073 51 1cf000
073 52 1cf000
073 53 1cf000
073 54 1cf000
073 55 1cf000
073 56 1cf000
073 57 1cf000
073 58 1cc022
073 59 1cc022
073 5a 1cc022
073 5b 1cc022
073 5c 1cc022
073 5d 1cc022
073 5e 1cc022
073 5f 1cc022
073 60 1cf000
073 61 1cf000
073 62 1cf000
073 63 1cf000
073 64 1cf000
073 65 1cf000
073 66 1cf000
073 67 1cf000
073 68 1cc022
073 69 1cc022
073 6a 1cc022
073 6b 1cc022
073 6c 1cc022
073 6d 1cc022
073 6e 1cc022
073 6f 1cc022
073 70 1cf000
073 71 1cf000
073 72 1cf000
073 73 1cf000
073 74 1cf000
073 75 1cf000
073 76 1cf000
073 77 1cf000
073 78 1cc022
073 79 1cc022
073 7a 1cc022
073 7b 1cc022
073 7c 1cc022
073 7d 1cc022
073 7e 1cc022
073 7f 1cc022
073 80 1cf000
073 81 1cf000
073 82 1cf000
073 83 1cf000
073 84 1cf000
073 85 1cf000
073 86 1cf000
073 87 1cf000
073 88 1cc022
073 89 1cc022
073 8a 1cc022
073 8b 1cc022
073 8c 1cc022
073 8d 1cc022
073 8e 1cc022
073 8f 1cc022
073 90 1cf000
073 91 1cf000
073 92 1cf000
073 93 1cf000
073 94 1cf000
073 95 1cf000
073 96 1cf000
073 97 1cf000
073 98 1cc022
073 99 1cc022
073 9a 1cc022
073 9b 1cc022
073 9c 1cc022
073 9d 1cc022
073 9e 1cc022
073 9f 1cc022
073 a0 1cf000
073 a1 1cf000
073 a2 1cf000
073 a3 1cf000
073 a4 1cf000
073 a5 1cf000
073 a6 1cf000
073 a7 1cf000
073 a8 1cc022
073 a9 1cc022
073 aa 1cc022
073 ab 1cc022
073 ac 1cc022
073 ad 1cc022
073 ae 1cc022
073 af 1cc022
073 b0 1cf000
073 b1 1cf000
073 b2 1cf000
073 b3 1cf000
073 b4 1cf000
073 b5 1cf000
073 b6 1cf000
073 b7 1cf000
073 b8 1cc022
073 b9 1cc022
073 ba 1cc022
073 bb 1cc022
073 bc 1cc022
073 bd 1cc022
073 be 1cc022
073 bf 1cc022
073 c0 1cf000
073 c1 1cf000
073 c2 1cf000
073 c3 1cf000
073 c4 1cf000
073 c5 1cf000
073 c6 1cf000
073 c7 1cf000
073 c8 1cc022
073 c9 1cc022
073 ca 1cc022
073 cb 1cc022
073 cc 1cc022
073 cd 1cc022
073 ce 1cc022
073 cf 1cc022
073 d0 1cf000
073 d1 1cf000
073 d2 1cf000
073 d3 1cf000
073 d4 1cf000
073 d5 1cf000
073 d6 1cf000
073 d7 1cf000
073 d8 1cc022
073 d9 1cc022
073 da 1cc022
073 db 1cc022
073 dc 1cc022
073 dd 1cc022
073 de 1cc022
073 df 1cc022
073 e0 1cf000
073 e1 1cf000
073 e2 1cf000
073 e3 1cf000
073 e4 1cf000
073 e5 1cf000
073 e6 1cf000
073 e7 1cf000
073 e8 1cc022
073 e9 1cc022
073 ea 1cc022
073 eb 1cc022
073 ec 1cc022
073 ed 1cc022
073 ee 1cc022
073 ef 1cc022
073 f0 1cf000
073 f1 1cf000
073 f2 1cf000
073 f3 1cf000
073 f4 1cf000
073 f5 1cf000
073 f6 1cf000
073 f7 1cf000
073 f8 1cc022
073 f9 1cc022
073 fa 1cc022
073 fb 1cc022
073 fc 1cc022
073 fd 1cc022
073 fe 1cc022
073 ff 1cc022
071 00 1c7400
071 01 1c7400
071 02 1c4408
071 03 1c4408
071 04 1c7400
071 05 1c7400
071 06 1c4408
071 07 1c4408
071 08 1c4420
071 09 1c4420
071 0a 1c4428
071 0b 1c4428
071 0c 1c4420
071 0d 1c4420
071 0e 1c4428
071 0f 1c4428
071 10 1c7400
071 11 1c7400
071 12 1c4408
071 13 1c4408
071 14 1c7400
071 15 1c7400
071 16 1c4408
071 17 1c4408
071 18 1c4420
071 19 1c4420
071 1a 1c4428
071 1b 1c4428
071 1c 1c4420
071 1d 1c4420
071 1e 1c4428
071 1f 1c4428
071 20 1c7400
071 21 1c7400
071 22 1c4408
071 23 1c4408
071 24 1c7400
071 25 1c7400
071 26 1c4408
071 27 1c4408
071 28 1c4420
071 29 1c4420
071 2a 1c4428
071 2b 1c4428
071 2c 1c4420
071 2d 1c4420
071 2e 1c4428
071 2f 1c4428
071 30 1c7400
071 31 1c7400
071 32 1c4408
071 33 1c4408
071 34 1c7400
071 35 1c7400
071 36 1c4408
071 37 1c4408
071 38 1c4420
071 39 1c4420
071 3a 1c4428
071 3b 1c4428
071 3c 1c4420
071 3d 1c4420
071 3e 1c4428
071 3f 1c4428
071 40 1c7400
071 41 1c7400
071 42 1c4408
071 43 1c4408
071 44 1c7400
071 45 1c7400
071 46 1c4408
071 47 1c4408
071 48 1c4420
071 49 1c4420
071 4a 1c4428
071 4b 1c4428
071 4c 1c4420
071 4d 1c4420
071 4e 1c4428
071 4f 1c4428
071 50 1c7400
071 51 1c7400
071 52 1c4408
071 53 1c4408
071 54 1c7400
071 55 1c7400
071 56 1c4408
071 57 1c4408
071 58 1c4420
071 59 1c4420
071 5a 1c4428
071 5b 1c4428
071 5c 1c4420
071 5d 1c4420
071 5e 1c4428
071 5f 1c4428
071 60 1c7400
071 61 1c7400
071 62 1c4408
071 63 1c4408
071 64 1c7400
071 65 1c7400
071 66 1c4408
071 67 1c4408
071 68 1c4420
071 69 1c4420
071 6a 1c4428
071 6b 1c4428
071 6c 1c4420
071 6d 1c4420
071 6e 1c4428
071 6f 1c4428
071 70 1c7400
071 71 1c7400
071 72 1c4408
071 73 1c4408
071 74 1c7400
071 75 1c7400
071 76 1c4408
071 77 1c4408
071 78 1c4420
071 79 1c4420
071 7a 1c4428
071 7b 1c4428
071 7c 1c4420
071 7d 1c4420
071 7e 1c4428
071 7f 1c4428
071 80 1c7400
071 81 1c7400
071 82 1c4408
071 83 1c4408
071 84 1c7400
071 85 1c7400
071 86 1c4408
071 87 1c4408
071 88 1c4420
071 89 1c4420
071 8a 1c4428
071 8b 1c4428
071 8c 1c4420
071 8d 1c4420
071 8e 1c4428
071 8f 1c4428
071 90 1c7400
071 91 1c7400
071 92 1c4408
071 93 1c4408
071 94 1c7400
071 95 1c7400
071 96 1c4408
071 97 1c4408
071 98 1c4420
071 99 1c4420
071 9a 1c4428
071 9b 1c4428
071 9c 1c4420
071 9d 1c4420
071 9e 1c4428
071 9f 1c4428
071 a0 1c7400
071 a1 1c7400
071 a2 1c4408
071 a3 1c4408
071 a4 1c7400
071 a5 1c7400
071 a6 1c4408
071 a7 1c4408
071 a8 1c4420
071 a9 1c4420
071 aa 1c4428
071 ab 1c4428
071 ac 1c4420
071 ad 1c4420
071 ae 1c4428
071 af 1c4428
071 b0 1c7400
071 b1 1c7400
071 b2 1c4408
071 b3 1c4408
071 b4 1c7400
071 b5 1c7400
071 b6 1c4408
071 b7 1c4408
071 b8 1c4420
071 b9 1c4420
071 ba 1c4428
071 bb 1c4428
071 bc 1c4420
071 bd 1c4420
071 be 1c4428
071 bf 1c4428
071 c0 1c7400
071 c1 1c7400
071 c2 1c4408
071 c3 1c4408
071 c4 1c7400
071 c5 1c7400
071 c6 1c4408
071 c7 1c4408
071 c8 1c4420
071 c9 1c4420
071 ca 1c4428
071 cb 1c4428
071 cc 1c4420
071 cd 1c4420
071 ce 1c4428
071 cf 1c4428
071 d0 1c7400
071 d1 1c7400
071 d2 1c4408
071 d3 1c4408
071 d4 1c7400
071 d5 1c7400
071 d6 1c4408
071 d7 1c4408
071 d8 1c4420
071 d9 1c4420
071 da 1c4428
071 db 1c4428
071 dc 1c4420
071 dd 1c4420
071 de 1c4428
071 df 1c4428
071 e0 1c7400
071 e1 1c7400
071 e2 1c4408
071 e3 1c4408
071 e4 1c7400
071 e5 1c7400
071 e6 1c4408
071 e7 1c4408
071 e8 1c4420
071 e9 1c4420
071 ea 1c4428
071 eb 1c4428
071 ec 1c4420
071 ed 1c4420
071 ee 1c4428
071 ef 1c4428
071 f0 1c7400
071 f1 1c7400
071 f2 1c4408
071 f3 1c4408
071 f4 1c7400
071 f5 1c7400
071 f6 1c4408
071 f7 1c4408
071 f8 1c4420
071 f9 1c4420
071 fa 1c4428
071 fb 1c4428
071 fc 1c4420
071 fd 1c4420
071 fe 1c4428
071 ff 1c4428
07c 00 1f3000
07c 01 1f3000
07c 02 1f3000
07c 03 1f3000
07c 04 1f3000
07c 05 1f3000
07c 06 1f3000
07c 07 1f3000
07c 08 1f0022
07c 09 1f0022
07c 0a 1f0022
07c 0b 1f0022
07c 0c 1f0022
07c 0d 1f0022
07c 0e 1f0022
07c 0f 1f0022
07c 10 1f3000
07c 11 1f3000
07c 12 1f3000
07c 13 1f3000
07c 14 1f3000
07c 15 1f3000
07c 16 1f3000
07c 17 1f3000
07c 18 1f0022
07c 19 1f0022
07c 1a 1f0022
07c 1b 1f0022
07c 1c 1f0022
07c 1d 1f0022
07c 1e 1f0022
07c 1f 1f0022
07c 20 1f3000
07c 21 1f3000
07c 22 1f3000
07c 23 1f3000
07c 24 1f3000
07c 25 1f3000
07c 26 1f3000
07c 27 1f3000
07c 28 1f0022
07c 29 1f0022
07c 2a 1f0022
07c 2b 1f0022
07c 2c 1f0022
07c 2d 1f0022
07c 2e 1f0022
07c 2f 1f0022
07c 30 1f3000
07c 31 1f3000
07c 32 1f3000
07c 33 1f3000
07c 34 1f3000
07c 35 1f3000
07c 36 1f3000
07c 37 1f3000
07c 38 1f0022
07c 39 1f0022
07c 3a 1f0022
07c 3b 1f0022
07c 3c 1f0022
07c 3d 1f0022
07c 3e 1f0022
07c 3f 1f0022
07c 40 1f3000
07c 41 1f3000
07c 42 1f3000
07c 43 1f3000
07c 44 1f3000
07c 45 1f3000
07c 46 1f3000
07c 47 1f3000
07c 48 1f0022
07c 49 1f0022
07c 4a 1f0022
07c 4b 1f0022
07c 4c 1f0022
07c 4d 1f0022
07c 4e 1f0022
07c 4f 1f0022
07c 50 1f3000
07c 51 1f3000
07c 52 1f3000
07c 53 1f3000
07c 54 1f3000
07c 55 1f3000
07c 56 1f3000
07c 57 1f3000
07c 58 1f0022
07c 59 1f0022
07c 5a 1f0022
07c 5b 1f0022
07c 5c 1f0022
07c 5d 1f0022
07c 5e 1f0022
07c 5f 1f0022
07c 60 1f3000
07c 61 1f3000
07c 62 1f3000
07c 63 1f3000
07c 64 1f3000
07c 65 1f3000
07c 66 1f3000
07c 67 1f3000
07c 68 1f0022
07c 69 1f0022
07c 6a 1f0022
07c 6b 1f0022
07c 6c 1f0022
07c 6d 1f0022
07c 6e 1f0022
07c 6f 1f0022
07c 70 1f3000
07c 71 1f3000
07c 72 1f3000
07c 73 1f3000
07c 74 1f3000
07c 75 1f3000
07c 76 1f3000
07c 77 1f3000
07c 78 1f0022
07c 79 1f0022
07c 7a 1f0022
07c 7b 1f0022
07c 7c 1f0022
07c 7d 1f0022
07c 7e 1f0022
07c 7f 1f0022
07c 80 1f3000
07c 81 1f3000
07c 82 1f3000
07c 83 1f3000
07c 84 1f3000
07c 85 1f3000
07c 86 1f3000
07c 87 1f3000
07c 88 1f0022
07c 89 1f0022
07c 8a 1f0022
07c 8b 1f0022
07c 8c 1f0022
07c 8d 1f0022
07c 8e 1f0022
07c 8f 1f0022
07c 90 1f3000
07c 91 1f3000
07c 92 1f3000
07c 93 1f3000
07c 94 1f3000
07c 95 1f3000
07c 96 1f3000
07c 97 1f3000
07c 98 1f0022
07c 99 1f0022
07c 9a 1f0022
07c 9b 1f0022
07c 9c 1f0022
07c 9d 1f0022
07c 9e 1f0022
07c 9f 1f0022
07c a0 1f3000
07c a1 1f3000
07c a2 1f3000
07c a3 1f3000
07c a4 1f3000
07c a5 1f3000
07c a6 1f3000
07c a7 1f3000
07c a8 1f0022
07c a9 1f0022
07c aa 1f0022
07c ab 1f0022
07c ac 1f0022
07c ad 1f0022
07c ae 1f0022
07c af 1f0022
07c b0 1f3000
07c b1 1f3000
07c b2 1f3000
07c b3 1f3000
07c b4 1f3000
07c b5 1f3000
07c b6 1f3000
07c b7 1f3000
07c b8 1f0022
07c b9 1f0022
07c ba 1f0022
07c bb 1f0022
07c bc 1f0022
07c bd 1f0022
07c be 1f0022
07c bf 1f0022
07c c0 1f3000
07c c1 1f3000
07c c2 1f3000
07c c3 1f3000
07c c4 1f3000
07c c5 1f3000
07c c6 1f3000
07c c7 1f3000
07c c8 1f0022
07c c9 1f0022
07c ca 1f0022
07c cb 1f0022
07c cc 1f0022
07c cd 1f0022
07c ce 1f0022
07c cf 1f0022
07c d0 1f3000
07c d1 1f3000
07c d2 1f3000
07c d3 1f3000
07c d4 1f3000
07c d5 1f3000
07c d6 1f3000
07c d7 1f3000
07c d8 1f0022
07c d9 1f0022
07c da 1f0022
07c db 1f0022
07c dc 1f0022
07c dd 1f0022
07c de 1f0022
07c df 1f0022
07c e0 1f3000
07c e1 1f3000
07c e2 1f3000
07c e3 1f3000
07c e4 1f3000
07c e5 1f3000
07c e6 1f3000
07c e7 1f3000
07c e8 1f0022
07c e9 1f0022
07c ea 1f0022
07c eb 1f0022
07c ec 1f0022
07c ed 1f0022
07c ee 1f0022
07c ef 1f0022
07c f0 1f3000
07c f1 1f3000
07c f2 1f3000
07c f3 1f3000
07c f4 1f3000
07c f5 1f3000
07c f6 1f3000
07c f7 1f3000
07c f8 1f0022
07c f9 1f0022
07c fa 1f0022
07c fb 1f0022
07c fc 1f0022
07c fd 1f0022
07c fe 1f0022
07c ff 1f0022
07f 00 1ff000
07f 01 1ff000
07f 02 1fc00a
07f 03 1fc00a
07f 04 1ff000
07f 05 1ff000
07f 06 1fc00a
07f 07 1fc00a
07f 08 1ff000
07f 09 1ff000
07f 0a 1fc00a
07f 0b 1fc00a
07f 0c 1ff000
07f 0d 1ff000
07f 0e 1fc00a
07f 0f 1fc00a
07f 10 1ff000
07f 11 1ff000
07f 12 1fc00a
07f 13 1fc00a
07f 14 1ff000
07f 15 1ff000
07f 16 1fc00a
07f 17 1fc00a
07f 18 1ff000
07f 19 1ff000
07f 1a 1fc00a
07f 1b 1fc00a
07f 1c 1ff000
07f 1d 1ff000
07f 1e 1fc00a
07f 1f 1fc00a
07f 20 1ff000
07f 21 1ff000
07f 22 1fc00a
07f 23 1fc00a
07f 24 1ff000
07f 25 1ff000
07f 26 1fc00a
07f 27 1fc00a
07f 28 1ff000
07f 29 1ff000
07f 2a 1fc00a
07f 2b 1fc00a
07f 2c 1ff000
07f 2d 1ff000
07f 2e 1fc00a
07f 2f 1fc00a
07f 30 1ff000
07f 31 1ff000
07f 32 1fc00a
07f 33 1fc00a
07f 34 1ff000
07f 35 1ff000
07f 36 1fc00a
07f 37 1fc00a
07f 38 1ff000
07f 39 1ff000
07f 3a 1fc00a
07f 3b 1fc00a
07f 3c 1ff000
07f 3d 1ff000
07f 3e 1fc00a
07f 3f 1fc00a
07f 40 1ff000
07f 41 1ff000
07f 42 1fc00a
07f 43 1fc00a
07f 44 1ff000
07f 45 1ff000
07f 46 1fc00a
07f 47 1fc00a
07f 48 1ff000
07f 49 1ff000
07f 4a 1fc00a
07f 4b 1fc00a
07f 4c 1ff000
07f 4d 1ff000
07f 4e 1fc00a
07f 4f 1fc00a
07f 50 1ff000
07f 51 1ff000
07f 52 1fc00a
07f 53 1fc00a
07f 54 1ff000
07f 55 1ff000
07f 56 1fc00a
07f 57 1fc00a
07f 58 1ff000
07f 59 1ff000
07f 5a 1fc00a
07f 5b 1fc00a
07f 5c 1ff000
07f 5d 1ff000
07f 5e 1fc00a
07f 5f 1fc00a
07f 60 1ff000
07f 61 1ff000
07f 62 1fc00a
07f 63 1fc00a
07f 64 1ff000
07f 65 1ff000
07f 66 1fc00a
07f 67 1fc00a
07f 68 1ff000
07f 69 1ff000
07f 6a 1fc00a
07f 6b 1fc00a
07f 6c 1ff000
07f 6d 1ff000
07f 6e 1fc00a
07f 6f 1fc00a
07f 70 1ff000
07f 71 1ff000
07f 72 1fc00a
07f 73 1fc00a
07f 74 1ff000
07f 75 1ff000
07f 76 1fc00a
07f 77 1fc00a
07f 78 1ff000
07f 79 1ff000
07f 7a 1fc00a
07f 7b 1fc00a
07f 7c 1ff000
07f 7d 1ff000
07f 7e 1fc00a
07f 7f 1fc00a
07f 80 1ff000
07f 81 1ff000
07f 82 1fc00a
07f 83 1fc00a
07f 84 1ff000
07f 85 1ff000
07f 86 1fc00a
07f 87 1fc00a
07f 88 1ff000
07f 89 1ff000
07f 8a 1fc00a
07f 8b 1fc00a
07f 8c 1ff000
07f 8d 1ff000
07f 8e 1fc00a
07f 8f 1fc00a
07f 90 1ff000
07f 91 1ff000
07f 92 1fc00a
07f 93 1fc00a
07f 94 1ff000
07f 95 1ff000
07f 96 1fc00a
07f 97 1fc00a
07f 98 1ff000
07f 99 1ff000
07f 9a 1fc00a
07f 9b 1fc00a
07f 9c 1ff000
07f 9d 1ff000
07f 9e 1fc00a
07f 9f 1fc00a
07f a0 1ff000
07f a1 1ff000
07f a2 1fc00a
07f a3 1fc00a
07f a4 1ff000
07f a5 1ff000
07f a6 1fc00a
07f a7 1fc00a
07f a8 1ff000
07f a9 1ff000
07f aa 1fc00a
07f ab 1fc00a
07f ac 1ff000
07f ad 1ff000
07f ae 1fc00a
07f af 1fc00a
07f b0 1ff000
07f b1 1ff000
07f b2 1fc00a
07f b3 1fc00a
07f b4 1ff000
07f b5 1ff000
07f b6 1fc00a
07f b7 1fc00a
07f b8 1ff000
07f b9 1ff000
07f ba 1fc00a
07f bb 1fc00a
07f bc 1ff000
07f bd 1ff000
07f be 1fc00a
07f bf 1fc00a
07f c0 1ff000
07f c1 1ff000
07f c2 1fc00a
07f c3 1fc00a
07f c4 1ff000
07f c5 1ff000
07f c6 1fc00a
07f c7 1fc00a
07f c8 1ff000
07f c9 1ff000
07f ca 1fc00a
07f cb 1fc00a
07f cc 1ff000
07f cd 1ff000
07f ce 1fc00a
07f cf 1fc00a
07f d0 1ff000
07f d1 1ff000
07f d2 1fc00a
07f d3 1fc00a
07f d4 1ff000
07f d5 1ff000
07f d6 1fc00a
07f d7 1fc00a
07f d8 1ff000
07f d9 1ff000
07f da 1fc00a
07f db 1fc00a
07f dc 1ff000
07f dd 1ff000
07f de 1fc00a
07f df 1fc00a
07f e0 1ff000
07f e1 1ff000
07f e2 1fc00a
07f e3 1fc00a
07f e4 1ff000
07f e5 1ff000
07f e6 1fc00a
07f e7 1fc00a
07f e8 1ff000
07f e9 1ff000
07f ea 1fc00a
07f eb 1fc00a
07f ec 1ff000
07f ed 1ff000
07f ee 1fc00a
07f ef 1fc00a
07f f0 1ff000
07f f1 1ff000
07f f2 1fc00a
07f f3 1fc00a
07f f4 1ff000
07f f5 1ff000
07f f6 1fc00a
07f f7 1fc00a
07f f8 1ff000
07f f9 1ff000
07f fa 1fc00a
07f fb 1fc00a
07f fc 1ff000
07f fd 1ff000
07f fe 1fc00a
07f ff 1fc00a
07d 00 1f7400
07d 01 1f7400
07d 02 1f4408
07d 03 1f4408
07d 04 1f7400
07d 05 1f7400
07d 06 1f4408
07d 07 1f4408
07d 08 1f4420
07d 09 1f4420
07d 0a 1f4428
07d 0b 1f4428
07d 0c 1f4420
07d 0d 1f4420
07d 0e 1f4428
07d 0f 1f4428
07d 10 1f7400
07d 11 1f7400
07d 12 1f4408
07d 13 1f4408
07d 14 1f7400
07d 15 1f7400
07d 16 1f4408
07d 17 1f4408
07d 18 1f4420
07d 19 1f4420
07d 1a 1f4428
07d 1b 1f4428
07d 1c 1f4420
07d 1d 1f4420
07d 1e 1f4428
07d 1f 1f4428
07d 20 1f7400
07d 21 1f7400
07d 22 1f4408
07d 23 1f4408
07d 24 1f7400
07d 25 1f7400
07d 26 1f4408
07d 27 1f4408
07d 28 1f4420
07d 29 1f4420
07d 2a 1f4428
07d 2b 1f4428
07d 2c 1f4420
07d 2d 1f4420
07d 2e 1f4428
07d 2f 1f4428
07d 30 1f7400
07d 31 1f7400
07d 32 1f4408
07d 33 1f4408
07d 34 1f7400
07d 35 1f7400
07d 36 1f4408
07d 37 1f4408
07d 38 1f4420
07d 39 1f4420
07d 3a 1f4428
07d 3b 1f4428
07d 3c 1f4420
07d 3d 1f4420
07d 3e 1f4428
07d 3f 1f4428
07d 40 1f7400
07d 41 1f7400
07d 42 1f4408
07d 43 1f4408
07d 44 1f7400
07d 45 1f7400
07d 46 1f4408
07d 47 1f4408
07d 48 1f4420
07d 49 1f4420
07d 4a 1f4428
07d 4b 1f4428
07d 4c 1f4420
07d 4d 1f4420
07d 4e 1f4428
07d 4f 1f4428
07d 50 1f7400
07d 51 1f7400
07d 52 1f4408
07d 53 1f4408
07d 54 1f7400
07d 55 1f7400
07d 56 1f4408
07d 57 1f4408
07d 58 1f4420
07d 59 1f4420
07d 5a 1f4428
07d 5b 1f4428
07d 5c 1f4420
07d 5d 1f4420
07d 5e 1f4428
07d 5f 1f4428
07d 60 1f7400
07d 61 1f7400
07d 62 1f4408
07d 63 1f4408
07d 64 1f7400
07d 65 1f7400
07d 66 1f4408
07d 67 1f4408
07d 68 1f4420
07d 69 1f4420
07d 6a 1f4428
07d 6b 1f4428
07d 6c 1f4420
07d 6d 1f4420
07d 6e 1f4428
07d 6f 1f4428
07d 70 1f7400
07d 71 1f7400
07d 72 1f4408
07d 73 1f4408
07d 74 1f7400
07d 75 1f7400
07d 76 1f4408
07d 77 1f4408
07d 78 1f4420
07d 79 1f4420
07d 7a 1f4428
07d 7b 1f4428
07d 7c 1f4420
07d 7d 1f4420
07d 7e 1f4428
07d 7f 1f4428
07d 80 1f7400
07d 81 1f7400
07d 82 1f4408
07d 83 1f4408
07d 84 1f7400
07d 85 1f7400
07d 86 1f4408
07d 87 1f4408
07d 88 1f4420
07d 89 1f4420
07d 8a 1f4428
07d 8b 1f4428
07d 8c 1f4420
07d 8d 1f4420
07d 8e 1f4428
07d 8f 1f4428
07d 90 1f7400
07d 91 1f7400
07d 92 1f4408
07d 93 1f4408
07d 94 1f7400
07d 95 1f7400
07d 96 1f4408
07d 97 1f4408
07d 98 1f4420
07d 99 1f4420
07d 9a 1f4428
07d 9b 1f4428
07d 9c 1f4420
07d 9d 1f4420
07d 9e 1f4428
07d 9f 1f4428
07d a0 1f7400
07d a1 1f7400
07d a2 1f4408
07d a3 1f4408
07d a4 1f7400
07d a5 1f7400
07d a6 1f4408
07d a7 1f4408
07d a8 1f4420
07d a9 1f4420
07d aa 1f4428
07d ab 1f4428
07d ac 1f4420
07d ad 1f4420
07d ae 1f4428
07d af 1f4428
07d b0 1f7400
07d b1 1f7400
07d b2 1f4408
07d b3 1f4408
07d b4 1f7400
07d b5 1f7400
07d b6 1f4408
07d b7 1f4408
07d b8 1f4420
07d b9 1f4420
07d ba 1f4428
07d bb 1f4428
07d bc 1f4420
07d bd 1f4420
07d be 1f4428
07d bf 1f4428
07d c0 1f7400
07d c1 1f7400
07d c2 1f4408
07d c3 1f4408
07d c4 1f7400
07d c5 1f7400
07d c6 1f4408
07d c7 1f4408
07d c8 1f4420
07d c9 1f4420
07d ca 1f4428
07d cb 1f4428
07d cc 1f4420
07d cd 1f4420
07d ce 1f4428
07d cf 1f4428
07d d0 1f7400
07d d1 1f7400
07d d2 1f4408
07d d3 1f4408
07d d4 1f7400
07d d5 1f7400
07d d6 1f4408
07d d7 1f4408
07d d8 1f4420
07d d9 1f4420
07d da 1f4428
07d db 1f4428
07d dc 1f4420
07d dd 1f4420
07d de 1f4428
07d df 1f4428
07d e0 1f7400
07d e1 1f7400
07d e2 1f4408
07d e3 1f4408
07d e4 1f7400
07d e5 1f7400
07d e6 1f4408
07d e7 1f4408
07d e8 1f4420
07d e9 1f4420
07d ea 1f4428
07d eb 1f4428
07d ec 1f4420
07d ed 1f4420
07d ee 1f4428
07d ef 1f4428
07d f0 1f7400
07d f1 1f7400
07d f2 1f4408
07d f3 1f4408
07d f4 1f7400
07d f5 1f7400
07d f6 1f4408
07d f7 1f4408
07d f8 1f4420
07d f9 1f4420
07d fa 1f4428
07d fb 1f4428
07d fc 1f4420
07d fd 1f4420
07d fe 1f4428
07d ff 1f4428
074 00 1d3400
074 01 1d3400
074 02 1d0408
074 03 1d0408
074 04 1d3400
074 05 1d3400
074 06 1d0408
074 07 1d0408
074 08 1d0420
074 09 1d0420
074 0a 1d0428
074 0b 1d0428
074 0c 1d0420
074 0d 1d0420
074 0e 1d0428
074 0f 1d0428
074 10 1d3400
074 11 1d3400
074 12 1d0408
074 13 1d0408
074 14 1d3400
074 15 1d3400
074 16 1d0408
074 17 1d0408
074 18 1d0420
074 19 1d0420
074 1a 1d0428
074 1b 1d0428
074 1c 1d0420
074 1d 1d0420
074 1e 1d0428
074 1f 1d0428
074 20 1d3400
074 21 1d3400
074 22 1d0408
074 23 1d0408
074 24 1d3400
074 25 1d3400
074 26 1d0408
074 27 1d0408
074 28 1d0420
074 29 1d0420
074 2a 1d0428
074 2b 1d0428
074 2c 1d0420
074 2d 1d0420
074 2e 1d0428
074 2f 1d0428
074 30 1d3400
074 31 1d3400
074 32 1d0408
074 33 1d0408
074 34 1d3400
074 35 1d3400
074 36 1d0408
074 37 1d0408
074 38 1d0420
074 39 1d0420
074 3a 1d0428
074 3b 1d0428
074 3c 1d0420
074 3d 1d0420
074 3e 1d0428
074 3f 1d0428
074 40 1d3400
074 41 1d3400
074 42 1d0408
074 43 1d0408
074 44 1d3400
074 45 1d3400
074 46 1d0408
074 47 1d0408
074 48 1d0420
074 49 1d0420
074 4a 1d0428
074 4b 1d0428
074 4c 1d0420
074 4d 1d0420
074 4e 1d0428
074 4f 1d0428
074 50 1d3400
074 51 1d3400
074 52 1d0408
074 53 1d0408
074 54 1d3400
074 55 1d3400
074 56 1d0408
074 57 1d0408
074 58 1d0420
074 59 1d0420
074 5a 1d0428
074 5b 1d0428
074 5c 1d0420
074 5d 1d0420
074 5e 1d0428
074 5f 1d0428
074 60 1d3400
074 61 1d3400
074 62 1d0408
074 63 1d0408
074 64 1d3400
074 65 1d3400
074 66 1d0408
074 67 1d0408
074 68 1d0420
074 69 1d0420
074 6a 1d0428
074 6b 1d0428
074 6c 1d0420
074 6d 1d0420
074 6e 1d0428
074 6f 1d0428
074 70 1d3400
074 71 1d3400
074 72 1d0408
074 73 1d0408
074 74 1d3400
074 75 1d3400
074 76 1d0408
074 77 1d0408
074 78 1d0420
074 79 1d0420
074 7a 1d0428
074 7b 1d0428
074 7c 1d0420
074 7d 1d0420
074 7e 1d0428
074 7f 1d0428
074 80 1d3400
074 81 1d3400
074 82 1d0408
074 83 1d0408
074 84 1d3400
074 85 1d3400
074 86 1d0408
074 87 1d0408
074 88 1d0420
074 89 1d0420
074 8a 1d0428
074 8b 1d0428
074 8c 1d0420
074 8d 1d0420
074 8e 1d0428
074 8f 1d0428
074 90 1d3400
074 91 1d3400
074 92 1d0408
074 93 1d0408
074 94 1d3400
074 95 1d3400
074 96 1d0408
074 97 1d0408
074 98 1d0420
074 99 1d0420
074 9a 1d0428
074 9b 1d0428
074 9c 1d0420
074 9d 1d0420
074 9e 1d0428
074 9f 1d0428
074 a0 1d3400
074 a1 1d3400
074 a2 1d0408
074 a3 1d0408
074 a4 1d3400
074 a5 1d3400
074 a6 1d0408
074 a7 1d0408
074 a8 1d0420
074 a9 1d0420
074 aa 1d0428
074 ab 1d0428
074 ac 1d0420
074 ad 1d0420
074 ae 1d0428
074 af 1d0428
074 b0 1d3400
074 b1 1d3400
074 b2 1d0408
074 b3 1d0408
074 b4 1d3400
074 b5 1d3400
074 b6 1d0408
074 b7 1d0408
074 b8 1d0420
074 b9 1d0420
074 ba 1d0428
074 bb 1d0428
074 bc 1d0420
074 bd 1d0420
074 be 1d0428
074 bf 1d0428
074 c0 1d3400
074 c1 1d3400
074 c2 1d0408
074 c3 1d0408
074 c4 1d3400
074 c5 1d3400
074 c6 1d0408
074 c7 1d0408
074 c8 1d0420
074 c9 1d0420
074 ca 1d0428
074 cb 1d0428
074 cc 1d0420
074 cd 1d0420
074 ce 1d0428
074 cf 1d0428
074 d0 1d3400
074 d1 1d3400
074 d2 1d0408
074 d3 1d0408
074 d4 1d3400
074 d5 1d3400
074 d6 1d0408
074 d7 1d0408
074 d8 1d0420
074 d9 1d0420
074 da 1d0428
074 db 1d0428
074 dc 1d0420
074 dd 1d0420
074 de 1d0428
074 df 1d0428
074 e0 1d3400
074 e1 1d3400
074 e2 1d0408
074 e3 1d0408
074 e4 1d3400
074 e5 1d3400
074 e6 1d0408
074 e7 1d0408
074 e8 1d0420
074 e9 1d0420
074 ea 1d0428
074 eb 1d0428
074 ec 1d0420
074 ed 1d0420
074 ee 1d0428
074 ef 1d0428
074 f0 1d3400
074 f1 1d3400
074 f2 1d0408
074 f3 1d0408
074 f4 1d3400
074 f5 1d3400
074 f6 1d0408
074 f7 1d0408
074 f8 1d0420
074 f9 1d0420
074 fa 1d0428
074 fb 1d0428
074 fc 1d0420
074 fd 1d0420
074 fe 1d0428
074 ff 1d0428
077 00 1df400
077 01 1df400
077 02 1dc408
077 03 1dc408
077 04 1df400
077 05 1df400
077 06 1dc408
077 07 1dc408
077 08 1dc420
077 09 1dc420
077 0a 1dc428
077 0b 1dc428
077 0c 1dc420
077 0d 1dc420
077 0e 1dc428
077 0f 1dc428
077 10 1df400
077 11 1df400
077 12 1dc408
077 13 1dc408
077 14 1df400
077 15 1df400
077 16 1dc408
077 17 1dc408
077 18 1dc420
077 19 1dc420
077 1a 1dc428
077 1b 1dc428
077 1c 1dc420
077 1d 1dc420
077 1e 1dc428
077 1f 1dc428
077 20 1df400
077 21 1df400
077 22 1dc408
077 23 1dc408
077 24 1df400
077 25 1df400
077 26 1dc408
077 27 1dc408
077 28 1dc420
077 29 1dc420
077 2a 1dc428
077 2b 1dc428
077 2c 1dc420
077 2d 1dc420
077 2e 1dc428
077 2f 1dc428
077 30 1df400
077 31 1df400
077 32 1dc408
077 33 1dc408
077 34 1df400
077 35 1df400
077 36 1dc408
077 37 1dc408
077 38 1dc420
077 39 1dc420
077 3a 1dc428
077 3b 1dc428
077 3c 1dc420
077 3d 1dc420
077 3e 1dc428
077 3f 1dc428
077 40 1df400
077 41 1df400
077 42 1dc408
077 43 1dc408
077 44 1df400
077 45 1df400
077 46 1dc408
077 47 1dc408
077 48 1dc420
077 49 1dc420
077 4a 1dc428
077 4b 1dc428
077 4c 1dc420
077 4d 1dc420
077 4e 1dc428
077 4f 1dc428
077 50 1df400
077 51 1df400
077 52 1dc408
077 53 1dc408
077 54 1df400
077 55 1df400
077 56 1dc408
077 57 1dc408
077 58 1dc420
077 59 1dc420
077 5a 1dc428
077 5b 1dc428
077 5c 1dc420
077 5d 1dc420
077 5e 1dc428
077 5f 1dc428
077 60 1df400
077 61 1df400
077 62 1dc408
077 63 1dc408
077 64 1df400
077 65 1df400
077 66 1dc408
077 67 1dc408
077 68 1dc420
077 69 1dc420
077 6a 1dc428
077 6b 1dc428
077 6c 1dc420
077 6d 1dc420
077 6e 1dc428
077 6f 1dc428
077 70 1df400
077 71 1df400
077 72 1dc408
077 73 1dc408
077 74 1df400
077 75 1df400
077 76 1dc408
077 77 1dc408
077 78 1dc420
077 79 1dc420
077 7a 1dc428
077 7b 1dc428
077 7c 1dc420
077 7d 1dc420
077 7e 1dc428
077 7f 1dc428
077 80 1df400
077 81 1df400
077 82 1dc408
077 83 1dc408
077 84 1df400
077 85 1df400
077 86 1dc408
077 87 1dc408
077 88 1dc420
077 89 1dc420
077 8a 1dc428
077 8b 1dc428
077 8c 1dc420
077 8d 1dc420
077 8e 1dc428
077 8f 1dc428
077 90 1df400
077 91 1df400
077 92 1dc408
077 93 1dc408
077 94 1df400
077 95 1df400
077 96 1dc408
077 97 1dc408
077 98 1dc420
077 99 1dc420
077 9a 1dc428
077 9b 1dc428
077 9c 1dc420
077 9d 1dc420
077 9e 1dc428
077 9f 1dc428
077 a0 1df400
077 a1 1df400
077 a2 1dc408
077 a3 1dc408
077 a4 1df400
077 a5 1df400
077 a6 1dc408
077 a7 1dc408
077 a8 1dc420
077 a9 1dc420
077 aa 1dc428
077 ab 1dc428
077 ac 1dc420
077 ad 1dc420
077 ae 1dc428
077 af 1dc428
077 b0 1df400
077 b1 1df400
077 b2 1dc408
077 b3 1dc408
077 b4 1df400
077 b5 1df400
077 b6 1dc408
077 b7 1dc408
077 b8 1dc420
077 b9 1dc420
077 ba 1dc428
077 bb 1dc428
077 bc 1dc420
077 bd 1dc420
077 be 1dc428
077 bf 1dc428
077 c0 1df400
077 c1 1df400
077 c2 1dc408
077 c3 1dc408
077 c4 1df400
077 c5 1df400
077 c6 1dc408
077 c7 1dc408
077 c8 1dc420
077 c9 1dc420
077 ca 1dc428
077 cb 1dc428
077 cc 1dc420
077 cd 1dc420
077 ce 1dc428
077 cf 1dc428
077 d0 1df400
077 d1 1df400
077 d2 1dc408
077 d3 1dc408
077 d4 1df400
077 d5 1df400
077 d6 1dc408
077 d7 1dc408
077 d8 1dc420
077 d9 1dc420
077 da 1dc428
077 db 1dc428
077 dc 1dc420
077 dd 1dc420
077 de 1dc428
077 df 1dc428
077 e0 1df400
077 e1 1df400
077 e2 1dc408
077 e3 1dc408
077 e4 1df400
077 e5 1df400
077 e6 1dc408
077 e7 1dc408
077 e8 1dc420
077 e9 1dc420
077 ea 1dc428
077 eb 1dc428
077 ec 1dc420
077 ed 1dc420
077 ee 1dc428
077 ef 1dc428
077 f0 1df400
077 f1 1df400
077 f2 1dc408
077 f3 1dc408
077 f4 1df400
077 f5 1df400
077 f6 1dc408
077 f7 1dc408
077 f8 1dc420
077 f9 1dc420
077 fa 1dc428
077 fb 1dc428
077 fc 1dc420
077 fd 1dc420
077 fe 1dc428
077 ff 1dc428
075 00 1d7800
075 01 1d7800
075 02 1d4808
075 03 1d4808
075 04 1d7800
075 05 1d7800
075 06 1d4808
075 07 1d4808
075 08 1d4820
075 09 1d4820
075 0a 1d4828
075 0b 1d4828
075 0c 1d4820
075 0d 1d4820
075 0e 1d4828
075 0f 1d4828
075 10 1d7800
075 11 1d7800
075 12 1d4808
075 13 1d4808
075 14 1d7800
075 15 1d7800
075 16 1d4808
075 17 1d4808
075 18 1d4820
075 19 1d4820
075 1a 1d4828
075 1b 1d4828
075 1c 1d4820
075 1d 1d4820
075 1e 1d4828
075 1f 1d4828
075 20 1d7800
075 21 1d7800
075 22 1d4808
075 23 1d4808
075 24 1d7800
075 25 1d7800
075 26 1d4808
075 27 1d4808
075 28 1d4820
075 29 1d4820
075 2a 1d4828
075 2b 1d4828
075 2c 1d4820
075 2d 1d4820
075 2e 1d4828
075 2f 1d4828
075 30 1d7800
075 31 1d7800
075 32 1d4808
075 33 1d4808
075 34 1d7800
075 35 1d7800
075 36 1d4808
075 37 1d4808
075 38 1d4820
075 39 1d4820
075 3a 1d4828
075 3b 1d4828
075 3c 1d4820
075 3d 1d4820
075 3e 1d4828
075 3f 1d4828
075 40 1d7800
075 41 1d7800
075 42 1d4808
075 43 1d4808
075 44 1d7800
075 45 1d7800
075 46 1d4808
075 47 1d4808
075 48 1d4820
075 49 1d4820
075 4a 1d4828
075 4b 1d4828
075 4c 1d4820
075 4d 1d4820
075 4e 1d4828
075 4f 1d4828
075 50 1d7800
075 51 1d7800
075 52 1d4808
075 53 1d4808
075 54 1d7800
075 55 1d7800
075 56 1d4808
075 57 1d4808
075 58 1d4820
075 59 1d4820
075 5a 1d4828
075 5b 1d4828
075 5c 1d4820
075 5d 1d4820
075 5e 1d4828
075 5f 1d4828
075 60 1d7800
075 61 1d7800
075 62 1d4808
075 63 1d4808
075 64 1d7800
075 65 1d7800
075 66 1d4808
075 67 1d4808
075 68 1d4820
075 69 1d4820
075 6a 1d4828
075 6b 1d4828
075 6c 1d4820
075 6d 1d4820
075 6e 1d4828
075 6f 1d4828
075 70 1d7800
075 71 1d7800
075 72 1d4808
075 73 1d4808
075 74 1d7800
075 75 1d7800
075 76 1d4808
075 77 1d4808
075 78 1d4820
075 79 1d4820
075 7a 1d4828
075 7b 1d4828
075 7c 1d4820
075 7d 1d4820
075 7e 1d4828
075 7f 1d4828
075 80 1d7800
075 81 1d7800
075 82 1d4808
075 83 1d4808
075 84 1d7800
075 85 1d7800
075 86 1d4808
075 87 1d4808
075 88 1d4820
075 89 1d4820
075 8a 1d4828
075 8b 1d4828
075 8c 1d4820
075 8d 1d4820
075 8e 1d4828
075 8f 1d4828
075 90 1d7800
075 91 1d7800
075 92 1d4808
075 93 1d4808
075 94 1d7800
075 95 1d7800
075 96 1d4808
075 97 1d4808
075 98 1d4820
075 99 1d4820
075 9a 1d4828
075 9b 1d4828
075 9c 1d4820
075 9d 1d4820
075 9e 1d4828
075 9f 1d4828
075 a0 1d7800
075 a1 1d7800
075 a2 1d4808
075 a3 1d4808
075 a4 1d7800
075 a5 1d7800
075 a6 1d4808
075 a7 1d4808
075 a8 1d4820
075 a9 1d4820
075 aa 1d4828
075 ab 1d4828
075 ac 1d4820
075 ad 1d4820
075 ae 1d4828
075 af 1d4828
075 b0 1d7800
075 b1 1d7800
075 b2 1d4808
075 b3 1d4808
075 b4 1d7800
075 b5 1d7800
075 b6 1d4808
075 b7 1d4808
075 b8 1d4820
075 b9 1d4820
075 ba 1d4828
075 bb 1d4828
075 bc 1d4820
075 bd 1d4820
075 be 1d4828
075 bf 1d4828
075 c0 1d7800
075 c1 1d7800
075 c2 1d4808
075 c3 1d4808
075 c4 1d7800
075 c5 1d7800
075 c6 1d4808
075 c7 1d4808
075 c8 1d4820
075 c9 1d4820
075 ca 1d4828
075 cb 1d4828
075 cc 1d4820
075 cd 1d4820
075 ce 1d4828
075 cf 1d4828
075 d0 1d7800
075 d1 1d7800
075 d2 1d4808
075 d3 1d4808
075 d4 1d7800
075 d5 1d7800
075 d6 1d4808
075 d7 1d4808
075 d8 1d4820
075 d9 1d4820
075 da 1d4828
075 db 1d4828
075 dc 1d4820
075 dd 1d4820
075 de 1d4828
075 df 1d4828
075 e0 1d7800
075 e1 1d7800
075 e2 1d4808
075 e3 1d4808
075 e4 1d7800
075 e5 1d7800
075 e6 1d4808
075 e7 1d4808
075 e8 1d4820
075 e9 1d4820
075 ea 1d4828
075 eb 1d4828
075 ec 1d4820
075 ed 1d4820
075 ee 1d4828
075 ef 1d4828
075 f0 1d7800
075 f1 1d7800
075 f2 1d4808
075 f3 1d4808
075 f4 1d7800
075 f5 1d7800
075 f6 1d4808
075 f7 1d4808
075 f8 1d4820
075 f9 1d4820
075 fa 1d4828
075 fb 1d4828
075 fc 1d4820
075 fd 1d4820
075 fe 1d4828
075 ff 1d4828
050 00 143400
050 01 001404
050 02 0c1408
050 03 04140c
050 04 301410
050 05 101414
050 06 140418
050 07 14041c
050 08 143400
050 09 001404
050 0a 0c1408
050 0b 04140c
050 0c 301410
050 0d 101414
050 0e 140418
050 0f 14041c
050 10 143400
050 11 001404
050 12 0c1408
050 13 04140c
050 14 301410
050 15 101414
050 16 140418
050 17 14041c
050 18 143400
050 19 001404
050 1a 0c1408
050 1b 04140c
050 1c 301410
050 1d 101414
050 1e 140418
050 1f 14041c
050 20 143400
050 21 001404
050 22 0c1408
050 23 04140c
050 24 301410
050 25 101414
050 26 140418
050 27 14041c
050 28 143400
050 29 001404
050 2a 0c1408
050 2b 04140c
050 2c 301410
050 2d 101414
050 2e 140418
050 2f 14041c
050 30 143400
050 31 001404
050 32 0c1408
050 33 04140c
050 34 301410
050 35 101414
050 36 140418
050 37 14041c
050 38 143400
050 39 001404
050 3a 0c1408
050 3b 04140c
050 3c 301410
050 3d 101414
050 3e 140418
050 3f 14041c
050 40 143400
050 41 001404
050 42 0c1408
050 43 04140c
050 44 301410
050 45 101414
050 46 140418
050 47 14041c
050 48 143400
050 49 001404
050 4a 0c1408
050 4b 04140c
050 4c 301410
050 4d 101414
050 4e 140418
050 4f 14041c
050 50 143400
050 51 001404
050 52 0c1408
050 53 04140c
050 54 301410
050 55 101414
050 56 140418
050 57 14041c
050 58 143400
050 59 001404
050 5a 0c1408
050 5b 04140c
050 5c 301410
050 5d 101414
050 5e 140418
050 5f 14041c
050 60 143400
050 61 001404
050 62 0c1408
050 63 04140c
050 64 301410
050 65 101414
050 66 140418
050 67 14041c
050 68 143400
050 69 001404
050 6a 0c1408
050 6b 04140c
050 6c 301410
050 6d 101414
050 6e 140418
050 6f 14041c
050 70 143400
050 71 001404
050 72 0c1408
050 73 04140c
050 74 301410
050 75 101414
050 76 140418
050 77 14041c
050 78 143400
050 79 001404
050 7a 0c1408
050 7b 04140c
050 7c 301410
050 7d 101414
050 7e 140418
050 7f 14041c
050 80 143400
050 81 001404
050 82 0c1408
050 83 04140c
050 84 301410
050 85 101414
050 86 140418
050 87 14041c
050 88 143400
050 89 001404
050 8a 0c1408
050 8b 04140c
050 8c 301410
050 8d 101414
050 8e 140418
050 8f 14041c
050 90 143400
050 91 001404
050 92 0c1408
050 93 04140c
050 94 301410
050 95 101414
050 96 140418
050 97 14041c
050 98 143400
050 99 001404
050 9a 0c1408
050 9b 04140c
050 9c 301410
050 9d 101414
050 9e 140418
050 9f 14041c
050 a0 143400
050 a1 001404
050 a2 0c1408
050 a3 04140c
050 a4 301410
050 a5 101414
050 a6 140418
050 a7 14041c
050 a8 143400
050 a9 001404
050 aa 0c1408
050 ab 04140c
050 ac 301410
050 ad 101414
050 ae 140418
050 af 14041c
050 b0 143400
050 b1 001404
050 b2 0c1408
050 b3 04140c
050 b4 301410
050 b5 101414
050 b6 140418
050 b7 14041c
050 b8 143400
050 b9 001404
050 ba 0c1408
050 bb 04140c
050 bc 301410
050 bd 101414
050 be 140418
050 bf 14041c
050 c0 143400
050 c1 001404
050 c2 0c1408
050 c3 04140c
050 c4 301410
050 c5 101414
050 c6 140418
050 c7 14041c
050 c8 143400
050 c9 001404
050 ca 0c1408
050 cb 04140c
050 cc 301410
050 cd 101414
050 ce 140418
050 cf 14041c
050 d0 143400
050 d1 001404
050 d2 0c1408
050 d3 04140c
050 d4 301410
050 d5 101414
050 d6 140418
050 d7 14041c
050 d8 143400
050 d9 001404
050 da 0c1408
050 db 04140c
050 dc 301410
050 dd 101414
050 de 140418
050 df 14041c
050 e0 143400
050 e1 001404
050 e2 0c1408
050 e3 04140c
050 e4 301410
050 e5 101414
050 e6 140418
050 e7 14041c
050 e8 143400
050 e9 001404
050 ea 0c1408
050 eb 04140c
050 ec 301410
050 ed 101414
050 ee 140418
050 ef 14041c
050 f0 143400
050 f1 001404
050 f2 0c1408
050 f3 04140c
050 f4 301410
050 f5 101414
050 f6 140418
050 f7 14041c
050 f8 143400
050 f9 001404
050 fa 0c1408
050 fb 04140c
050 fc 301410
050 fd 101414
050 fe 140418
050 ff 14041c
053 00 14f400
053 01 14f400
053 02 14f400
053 03 14f400
053 04 14f400
053 05 14f400
053 06 14f400
053 07 14f400
053 08 3cd420
053 09 3cd420
053 0a 3cd420
053 0b 3cd420
053 0c 3cd420
053 0d 3cd420
053 0e 3cd420
053 0f 3cd420
053 10 14f400
053 11 14f400
053 12 14f400
053 13 14f400
053 14 14f400
053 15 14f400
053 16 14f400
053 17 14f400
053 18 3cd420
053 19 3cd420
053 1a 3cd420
053 1b 3cd420
053 1c 3cd420
053 1d 3cd420
053 1e 3cd420
053 1f 3cd420
053 20 14f400
053 21 14f400
053 22 14f400
053 23 14f400
053 24 14f400
053 25 14f400
053 26 14f400
053 27 14f400
053 28 3cd420
053 29 3cd420
053 2a 3cd420
053 2b 3cd420
053 2c 3cd420
053 2d 3cd420
053 2e 3cd420
053 2f 3cd420
053 30 14f400
053 31 14f400
053 32 14f400
053 33 14f400
053 34 14f400
053 35 14f400
053 36 14f400
053 37 14f400
053 38 3cd420
053 39 3cd420
053 3a 3cd420
053 3b 3cd420
053 3c 3cd420
053 3d 3cd420
053 3e 3cd420
053 3f 3cd420
053 40 14f400
053 41 14f400
053 42 14f400
053 43 14f400
053 44 14f400
053 45 14f400
053 46 14f400
053 47 14f400
053 48 3cd420
053 49 3cd420
053 4a 3cd420
053 4b 3cd420
053 4c 3cd420
053 4d 3cd420
053 4e 3cd420
053 4f 3cd420
053 50 14f400
053 51 14f400
053 52 14f400
053 53 14f400
053 54 14f400
053 55 14f400
053 56 14f400
053 57 14f400
053 58 3cd420
053 59 3cd420
053 5a 3cd420
053 5b 3cd420
053 5c 3cd420
053 5d 3cd420
053 5e 3cd420
053 5f 3cd420
053 60 14f400
053 61 14f400
053 62 14f400
053 63 14f400
053 64 14f400
053 65 14f400
053 66 14f400
053 67 14f400
053 68 3cd420
053 69 3cd420
053 6a 3cd420
053 6b 3cd420
053 6c 3cd420
053 6d 3cd420
053 6e 3cd420
053 6f 3cd420
053 70 14f400
053 71 14f400
053 72 14f400
053 73 14f400
053 74 14f400
053 75 14f400
053 76 14f400
053 77 14f400
053 78 3cd420
053 79 3cd420
053 7a 3cd420
053 7b 3cd420
053 7c 3cd420
053 7d 3cd420
053 7e 3cd420
053 7f 3cd420
053 80 14f400
053 81 14f400
053 82 14f400
053 83 14f400
053 84 14f400
053 85 14f400
053 86 14f400
053 87 14f400
053 88 3cd420
053 89 3cd420
053 8a 3cd420
053 8b 3cd420
053 8c 3cd420
053 8d 3cd420
053 8e 3cd420
053 8f 3cd420
053 90 14f400
053 91 14f400
053 92 14f400
053 93 14f400
053 94 14f400
053 95 14f400
053 96 14f400
053 97 14f400
053 98 3cd420
053 99 3cd420
053 9a 3cd420
053 9b 3cd420
053 9c 3cd420
053 9d 3cd420
053 9e 3cd420
053 9f 3cd420
053 a0 14f400
053 a1 14f400
053 a2 14f400
053 a3 14f400
053 a4 14f400
053 a5 14f400
053 a6 14f400
053 a7 14f400
053 a8 3cd420
053 a9 3cd420
053 aa 3cd420
053 ab 3cd420
053 ac 3cd420
053 ad 3cd420
053 ae 3cd420
053 af 3cd420
053 b0 14f400
053 b1 14f400
053 b2 14f400
053 b3 14f400
053 b4 14f400
053 b5 14f400
053 b6 14f400
053 b7 14f400
053 b8 3cd420
053 b9 3cd420
053 ba 3cd420
053 bb 3cd420
053 bc 3cd420
053 bd 3cd420
053 be 3cd420
053 bf 3cd420
053 c0 14f400
053 c1 14f400
053 c2 14f400
053 c3 14f400
053 c4 14f400
053 c5 14f400
053 c6 14f400
053 c7 14f400
053 c8 3cd420
053 c9 3cd420
053 ca 3cd420
053 cb 3cd420
053 cc 3cd420
053 cd 3cd420
053 ce 3cd420
053 cf 3cd420
053 d0 14f400
053 d1 14f400
053 d2 14f400
053 d3 14f400
053 d4 14f400
053 d5 14f400
053 d6 14f400
053 d7 14f400
053 d8 3cd420
053 d9 3cd420
053 da 3cd420
053 db 3cd420
053 dc 3cd420
053 dd 3cd420
053 de 3cd420
053 df 3cd420
053 e0 14f400
053 e1 14f400
053 e2 14f400
053 e3 14f400
053 e4 14f400
053 e5 14f400
053 e6 14f400
053 e7 14f400
053 e8 3cd420
053 e9 3cd420
053 ea 3cd420
053 eb 3cd420
053 ec 3cd420
053 ed 3cd420
053 ee 3cd420
053 ef 3cd420
053 f0 14f400
053 f1 14f400
053 f2 14f400
053 f3 14f400
053 f4 14f400
053 f5 14f400
053 f6 14f400
053 f7 14f400
053 f8 3cd420
053 f9 3cd420
053 fa 3cd420
053 fb 3cd420
053 fc 3cd420
053 fd 3cd420
053 fe 3cd420
053 ff 3cd420
051 00 147800
051 01 144804
051 02 144808
051 03 14480c
051 04 144810
051 05 144814
051 06 144818
051 07 14481c
051 08 144820
051 09 144824
051 0a 144828
051 0b 14482c
051 0c 144830
051 0d 144834
051 0e 144838
051 0f 14483c
051 10 147800
051 11 144804
051 12 144808
051 13 14480c
051 14 144810
051 15 144814
051 16 144818
051 17 14481c
051 18 144820
051 19 144824
051 1a 144828
051 1b 14482c
051 1c 144830
051 1d 144834
051 1e 144838
051 1f 14483c
051 20 147800
051 21 144804
051 22 144808
051 23 14480c
051 24 144810
051 25 144814
051 26 144818
051 27 14481c
051 28 144820
051 29 144824
051 2a 144828
051 2b 14482c
051 2c 144830
051 2d 144834
051 2e 144838
051 2f 14483c
051 30 147800
051 31 144804
051 32 144808
051 33 14480c
051 34 144810
051 35 144814
051 36 144818
051 37 14481c
051 38 144820
051 39 144824
051 3a 144828
051 3b 14482c
051 3c 144830
051 3d 144834
051 3e 144838
051 3f 14483c
051 40 147800
051 41 144804
051 42 144808
051 43 14480c
051 44 144810
051 45 144814
051 46 144818
051 47 14481c
051 48 144820
051 49 144824
051 4a 144828
051 4b 14482c
051 4c 144830
051 4d 144834
051 4e 144838
051 4f 14483c
051 50 147800
051 51 144804
051 52 144808
051 53 14480c
051 54 144810
051 55 144814
051 56 144818
051 57 14481c
051 58 144820
051 59 144824
051 5a 144828
051 5b 14482c
051 5c 144830
051 5d 144834
051 5e 144838
051 5f 14483c
051 60 147800
051 61 144804
051 62 144808
051 63 14480c
051 64 144810
051 65 144814
051 66 144818
051 67 14481c
051 68 144820
051 69 144824
051 6a 144828
051 6b 14482c
051 6c 144830
051 6d 144834
051 6e 144838
051 6f 14483c
051 70 147800
051 71 144804
051 72 144808
051 73 14480c
051 74 144810
051 75 144814
051 76 144818
051 77 14481c
051 78 144820
051 79 144824
051 7a 144828
051 7b 14482c
051 7c 144830
051 7d 144834
051 7e 144838
051 7f 14483c
051 80 147800
051 81 144804
051 82 144808
051 83 14480c
051 84 144810
051 85 144814
051 86 144818
051 87 14481c
051 88 144820
051 89 144824
051 8a 144828
051 8b 14482c
051 8c 144830
051 8d 144834
051 8e 144838
051 8f 14483c
051 90 147800
051 91 144804
051 92 144808
051 93 14480c
051 94 144810
051 95 144814
051 96 144818
051 97 14481c
051 98 144820
051 99 144824
051 9a 144828
051 9b 14482c
051 9c 144830
051 9d 144834
051 9e 144838
051 9f 14483c
051 a0 147800
051 a1 144804
051 a2 144808
051 a3 14480c
051 a4 144810
051 a5 144814
051 a6 144818
051 a7 14481c
051 a8 144820
051 a9 144824
051 aa 144828
051 ab 14482c
051 ac 144830
051 ad 144834
051 ae 144838
051 af 14483c
051 b0 147800
051 b1 144804
051 b2 144808
051 b3 14480c
051 b4 144810
051 b5 144814
051 b6 144818
051 b7 14481c
051 b8 144820
051 b9 144824
051 ba 144828
051 bb 14482c
051 bc 144830
051 bd 144834
051 be 144838
051 bf 14483c
051 c0 147800
051 c1 144804
051 c2 144808
051 c3 14480c
051 c4 144810
051 c5 144814
051 c6 144818
051 c7 14481c
051 c8 144820
051 c9 144824
051 ca 144828
051 cb 14482c
051 cc 144830
051 cd 144834
051 ce 144838
051 cf 14483c
051 d0 147800
051 d1 144804
051 d2 144808
051 d3 14480c
051 d4 144810
051 d5 144814
051 d6 144818
051 d7 14481c
051 d8 144820
051 d9 144824
051 da 144828
051 db 14482c
051 dc 144830
051 dd 144834
051 de 144838
051 df 14483c
051 e0 147800
051 e1 144804
051 e2 144808
051 e3 14480c
051 e4 144810
051 e5 144814
051 e6 144818
051 e7 14481c
051 e8 144820
051 e9 144824
051 ea 144828
051 eb 14482c
051 ec 144830
051 ed 144834
051 ee 144838
051 ef 14483c
051 f0 147800
051 f1 144804
051 f2 144808
051 f3 14480c
051 f4 144810
051 f5 144814
051 f6 144818
051 f7 14481c
051 f8 144820
051 f9 144824
051 fa 144828
051 fb 14482c
051 fc 144830
051 fd 144834
051 fe 144838
051 ff 14483c
05c 00 173400
05c 01 173400
05c 02 173400
05c 03 173400
05c 04 173400
05c 05 173400
05c 06 173400
05c 07 173400
05c 08 3f1420
05c 09 3f1420
05c 0a 3f1420
05c 0b 3f1420
05c 0c 3f1420
05c 0d 3f1420
05c 0e 3f1420
05c 0f 3f1420
05c 10 173400
05c 11 173400
05c 12 173400
05c 13 173400
05c 14 173400
05c 15 173400
05c 16 173400
05c 17 173400
05c 18 3f1420
05c 19 3f1420
05c 1a 3f1420
05c 1b 3f1420
05c 1c 3f1420
05c 1d 3f1420
05c 1e 3f1420
05c 1f 3f1420
05c 20 173400
05c 21 173400
05c 22 173400
05c 23 173400
05c 24 173400
05c 25 173400
05c 26 173400
05c 27 173400
05c 28 3f1420
05c 29 3f1420
05c 2a 3f1420
05c 2b 3f1420
05c 2c 3f1420
05c 2d 3f1420
05c 2e 3f1420
05c 2f 3f1420
05c 30 173400
05c 31 173400
05c 32 173400
05c 33 173400
05c 34 173400
05c 35 173400
05c 36 173400
05c 37 173400
05c 38 3f1420
05c 39 3f1420
05c 3a 3f1420
05c 3b 3f1420
05c 3c 3f1420
05c 3d 3f1420
05c 3e 3f1420
05c 3f 3f1420
05c 40 173400
05c 41 173400
05c 42 173400
05c 43 173400
05c 44 173400
05c 45 173400
05c 46 173400
05c 47 173400
05c 48 3f1420
05c 49 3f1420
05c 4a 3f1420
05c 4b 3f1420
05c 4c 3f1420
05c 4d 3f1420
05c 4e 3f1420
05c 4f 3f1420
05c 50 173400
05c 51 173400
05c 52 173400
05c 53 173400
05c 54 173400
05c 55 173400
05c 56 173400
05c 57 173400
05c 58 3f1420
05c 59 3f1420
05c 5a 3f1420
05c 5b 3f1420
05c 5c 3f1420
05c 5d 3f1420
05c 5e 3f1420
05c 5f 3f1420
05c 60 173400
05c 61 173400
05c 62 173400
05c 63 173400
05c 64 173400
05c 65 173400
05c 66 173400
05c 67 173400
05c 68 3f1420
05c 69 3f1420
05c 6a 3f1420
05c 6b 3f1420
05c 6c 3f1420
05c 6d 3f1420
05c 6e 3f1420
05c 6f 3f1420
05c 70 173400
05c 71 173400
05c 72 173400
05c 73 173400
05c 74 173400
05c 75 173400
05c 76 173400
05c 77 173400
05c 78 3f1420
05c 79 3f1420
05c 7a 3f1420
05c 7b 3f1420
05c 7c 3f1420
05c 7d 3f1420
05c 7e 3f1420
05c 7f 3f1420
05c 80 173400
05c 81 173400
05c 82 173400
05c 83 173400
05c 84 173400
05c 85 173400
05c 86 173400
05c 87 173400
05c 88 3f1420
05c 89 3f1420
05c 8a 3f1420
05c 8b 3f1420
05c 8c 3f1420
05c 8d 3f1420
05c 8e 3f1420
05c 8f 3f1420
05c 90 173400
05c 91 173400
05c 92 173400
05c 93 173400
05c 94 173400
05c 95 173400
05c 96 173400
05c 97 173400
05c 98 3f1420
05c 99 3f1420
05c 9a 3f1420
05c 9b 3f1420
05c 9c 3f1420
05c 9d 3f1420
05c 9e 3f1420
05c 9f 3f1420
05c a0 173400
05c a1 173400
05c a2 173400
05c a3 173400
05c a4 173400
05c a5 173400
05c a6 173400
05c a7 173400
05c a8 3f1420
05c a9 3f1420
05c aa 3f1420
05c ab 3f1420
05c ac 3f1420
05c ad 3f1420
05c ae 3f1420
05c af 3f1420
05c b0 173400
05c b1 173400
05c b2 173400
05c b3 173400
05c b4 173400
05c b5 173400
05c b6 173400
05c b7 173400
05c b8 3f1420
05c b9 3f1420
05c ba 3f1420
05c bb 3f1420
05c bc 3f1420
05c bd 3f1420
05c be 3f1420
05c bf 3f1420
05c c0 173400
05c c1 173400
05c c2 173400
05c c3 173400
05c c4 173400
05c c5 173400
05c c6 173400
05c c7 173400
05c c8 3f1420
05c c9 3f1420
05c ca 3f1420
05c cb 3f1420
05c cc 3f1420
05c cd 3f1420
05c ce 3f1420
05c cf 3f1420
05c d0 173400
05c d1 173400
05c d2 173400
05c d3 173400
05c d4 173400
05c d5 173400
05c d6 173400
05c d7 173400
05c d8 3f1420
05c d9 3f1420
05c da 3f1420
05c db 3f1420
05c dc 3f1420
05c dd 3f1420
05c de 3f1420
05c df 3f1420
05c e0 173400
05c e1 173400
05c e2 173400
05c e3 173400
05c e4 173400
05c e5 173400
05c e6 173400
05c e7 173400
05c e8 3f1420
05c e9 3f1420
05c ea 3f1420
05c eb 3f1420
05c ec 3f1420
05c ed 3f1420
05c ee 3f1420
05c ef 3f1420
05c f0 173400
05c f1 173400
05c f2 173400
05c f3 173400
05c f4 173400
05c f5 173400
05c f6 173400
05c f7 173400
05c f8 3f1420
05c f9 3f1420
05c fa 3f1420
05c fb 3f1420
05c fc 3f1420
05c fd 3f1420
05c fe 3f1420
05c ff 3f1420
05f 00 17f400
05f 01 03d404
05f 02 0fd408
05f 03 07d40c
05f 04 33d410
05f 05 13d414
05f 06 17c418
05f 07 17c41c
05f 08 17f400
05f 09 03d404
05f 0a 0fd408
05f 0b 07d40c
05f 0c 33d410
05f 0d 13d414
05f 0e 17c418
05f 0f 17c41c
05f 10 17f400
05f 11 03d404
05f 12 0fd408
05f 13 07d40c
05f 14 33d410
05f 15 13d414
05f 16 17c418
05f 17 17c41c
05f 18 17f400
05f 19 03d404
05f 1a 0fd408
05f 1b 07d40c
05f 1c 33d410
05f 1d 13d414
05f 1e 17c418
05f 1f 17c41c
05f 20 17f400
05f 21 03d404
05f 22 0fd408
05f 23 07d40c
05f 24 33d410
05f 25 13d414
05f 26 17c418
05f 27 17c41c
05f 28 17f400
05f 29 03d404
05f 2a 0fd408
05f 2b 07d40c
05f 2c 33d410
05f 2d 13d414
05f 2e 17c418
05f 2f 17c41c
05f 30 17f400
05f 31 03d404
05f 32 0fd408
05f 33 07d40c
05f 34 33d410
05f 35 13d414
05f 36 17c418
05f 37 17c41c
05f 38 17f400
05f 39 03d404
05f 3a 0fd408
05f 3b 07d40c
05f 3c 33d410
05f 3d 13d414
05f 3e 17c418
05f 3f 17c41c
05f 40 17f400
05f 41 03d404
05f 42 0fd408
05f 43 07d40c
05f 44 33d410
05f 45 13d414
05f 46 17c418
05f 47 17c41c
05f 48 17f400
05f 49 03d404
05f 4a 0fd408
05f 4b 07d40c
05f 4c 33d410
05f 4d 13d414
05f 4e 17c418
05f 4f 17c41c
05f 50 17f400
05f 51 03d404
05f 52 0fd408
05f 53 07d40c
05f 54 33d410
05f 55 13d414
05f 56 17c418
05f 57 17c41c
05f 58 17f400
05f 59 03d404
05f 5a 0fd408
05f 5b 07d40c
05f 5c 33d410
05f 5d 13d414
05f 5e 17c418
05f 5f 17c41c
05f 60 17f400
05f 61 03d404
05f 62 0fd408
05f 63 07d40c
05f 64 33d410
05f 65 13d414
05f 66 17c418
05f 67 17c41c
05f 68 17f400
05f 69 03d404
05f 6a 0fd408
05f 6b 07d40c
05f 6c 33d410
05f 6d 13d414
05f 6e 17c418
05f 6f 17c41c
05f 70 17f400
05f 71 03d404
05f 72 0fd408
05f 73 07d40c
05f 74 33d410
05f 75 13d414
05f 76 17c418
05f 77 17c41c
05f 78 17f400
05f 79 03d404
05f 7a 0fd408
05f 7b 07d40c
05f 7c 33d410
05f 7d 13d414
05f 7e 17c418
05f 7f 17c41c
05f 80 17f400
05f 81 03d404
05f 82 0fd408
05f 83 07d40c
05f 84 33d410
05f 85 13d414
05f 86 17c418
05f 87 17c41c
05f 88 17f400
05f 89 03d404
05f 8a 0fd408
05f 8b 07d40c
05f 8c 33d410
05f 8d 13d414
05f 8e 17c418
05f 8f 17c41c
05f 90 17f400
05f 91 03d404
05f 92 0fd408
05f 93 07d40c
05f 94 33d410
05f 95 13d414
05f 96 17c418
05f 97 17c41c
05f 98 17f400
05f 99 03d404
05f 9a 0fd408
05f 9b 07d40c
05f 9c 33d410
05f 9d 13d414
05f 9e 17c418
05f 9f 17c41c
05f a0 17f400
05f a1 03d404
05f a2 0fd408
05f a3 07d40c
05f a4 33d410
05f a5 13d414
05f a6 17c418
05f a7 17c41c
05f a8 17f400
05f a9 03d404
05f aa 0fd408
05f ab 07d40c
05f ac 33d410
05f ad 13d414
05f ae 17c418
05f af 17c41c
05f b0 17f400
05f b1 03d404
05f b2 0fd408
05f b3 07d40c
05f b4 33d410
05f b5 13d414
05f b6 17c418
05f b7 17c41c
05f b8 17f400
05f b9 03d404
05f ba 0fd408
05f bb 07d40c
05f bc 33d410
05f bd 13d414
05f be 17c418
05f bf 17c41c
05f c0 17f400
05f c1 03d404
05f c2 0fd408
05f c3 07d40c
05f c4 33d410
05f c5 13d414
05f c6 17c418
05f c7 17c41c
05f c8 17f400
05f c9 03d404
05f ca 0fd408
05f cb 07d40c
05f cc 33d410
05f cd 13d414
05f ce 17c418
05f cf 17c41c
05f d0 17f400
05f d1 03d404
05f d2 0fd408
05f d3 07d40c
05f d4 33d410
05f d5 13d414
05f d6 17c418
05f d7 17c41c
05f d8 17f400
05f d9 03d404
05f da 0fd408
05f db 07d40c
05f dc 33d410
05f dd 13d414
05f de 17c418
05f df 17c41c
05f e0 17f400
05f e1 03d404
05f e2 0fd408
05f e3 07d40c
05f e4 33d410
05f e5 13d414
05f e6 17c418
05f e7 17c41c
05f e8 17f400
05f e9 03d404
05f ea 0fd408
05f eb 07d40c
05f ec 33d410
05f ed 13d414
05f ee 17c418
05f ef 17c41c
05f f0 17f400
05f f1 03d404
05f f2 0fd408
05f f3 07d40c
05f f4 33d410
05f f5 13d414
05f f6 17c418
05f f7 17c41c
05f f8 17f400
05f f9 03d404
05f fa 0fd408
05f fb 07d40c
05f fc 33d410
05f fd 13d414
05f fe 17c418
05f ff 17c41c
05d 00 177800
05d 01 174804
05d 02 174808
05d 03 17480c
05d 04 174810
05d 05 174814
05d 06 174818
05d 07 17481c
05d 08 174820
05d 09 174824
05d 0a 174828
05d 0b 17482c
05d 0c 174830
05d 0d 174834
05d 0e 174838
05d 0f 17483c
05d 10 177800
05d 11 174804
05d 12 174808
05d 13 17480c
05d 14 174810
05d 15 174814
05d 16 174818
05d 17 17481c
05d 18 174820
05d 19 174824
05d 1a 174828
05d 1b 17482c
05d 1c 174830
05d 1d 174834
05d 1e 174838
05d 1f 17483c
05d 20 177800
05d 21 174804
05d 22 174808
05d 23 17480c
05d 24 174810
05d 25 174814
05d 26 174818
05d 27 17481c
05d 28 174820
05d 29 174824
05d 2a 174828
05d 2b 17482c
05d 2c 174830
05d 2d 174834
05d 2e 174838
05d 2f 17483c
05d 30 177800
05d 31 174804
05d 32 174808
05d 33 17480c
05d 34 174810
05d 35 174814
05d 36 174818
05d 37 17481c
05d 38 174820
05d 39 174824
05d 3a 174828
05d 3b 17482c
05d 3c 174830
05d 3d 174834
05d 3e 174838
05d 3f 17483c
05d 40 177800
05d 41 174804
05d 42 174808
05d 43 17480c
05d 44 174810
05d 45 174814
05d 46 174818
05d 47 17481c
05d 48 174820
05d 49 174824
05d 4a 174828
05d 4b 17482c
05d 4c 174830
05d 4d 174834
05d 4e 174838
05d 4f 17483c
05d 50 177800
05d 51 174804
05d 52 174808
05d 53 17480c
05d 54 174810
05d 55 174814
05d 56 174818
05d 57 17481c
05d 58 174820
05d 59 174824
05d 5a 174828
05d 5b 17482c
05d 5c 174830
05d 5d 174834
05d 5e 174838
05d 5f 17483c
05d 60 177800
05d 61 174804
05d 62 174808
05d 63 17480c
05d 64 174810
05d 65 174814
05d 66 174818
05d 67 17481c
05d 68 174820
05d 69 174824
05d 6a 174828
05d 6b 17482c
05d 6c 174830
05d 6d 174834
05d 6e 174838
05d 6f 17483c
05d 70 177800
05d 71 174804
05d 72 174808
05d 73 17480c
05d 74 174810
05d 75 174814
05d 76 174818
05d 77 17481c
05d 78 174820
05d 79 174824
05d 7a 174828
05d 7b 17482c
05d 7c 174830
05d 7d 174834
05d 7e 174838
05d 7f 17483c
05d 80 177800
05d 81 174804
05d 82 174808
05d 83 17480c
05d 84 174810
05d 85 174814
05d 86 174818
05d 87 17481c
05d 88 174820
05d 89 174824
05d 8a 174828
05d 8b 17482c
05d 8c 174830
05d 8d 174834
05d 8e 174838
05d 8f 17483c
05d 90 177800
05d 91 174804
05d 92 174808
05d 93 17480c
05d 94 174810
05d 95 174814
05d 96 174818
05d 97 17481c
05d 98 174820
05d 99 174824
05d 9a 174828
05d 9b 17482c
05d 9c 174830
05d 9d 174834
05d 9e 174838
05d 9f 17483c
05d a0 177800
05d a1 174804
05d a2 174808
05d a3 17480c
05d a4 174810
05d a5 174814
05d a6 174818
05d a7 17481c
05d a8 174820
05d a9 174824
05d aa 174828
05d ab 17482c
05d ac 174830
05d ad 174834
05d ae 174838
05d af 17483c
05d b0 177800
05d b1 174804
05d b2 174808
05d b3 17480c
05d b4 174810
05d b5 174814
05d b6 174818
05d b7 17481c
05d b8 174820
05d b9 174824
05d ba 174828
05d bb 17482c
05d bc 174830
05d bd 174834
05d be 174838
05d bf 17483c
05d c0 177800
05d c1 174804
05d c2 174808
05d c3 17480c
05d c4 174810
05d c5 174814
05d c6 174818
05d c7 17481c
05d c8 174820
05d c9 174824
05d ca 174828
05d cb 17482c
05d cc 174830
05d cd 174834
05d ce 174838
05d cf 17483c
05d d0 177800
05d d1 174804
05d d2 174808
05d d3 17480c
05d d4 174810
05d d5 174814
05d d6 174818
05d d7 17481c
05d d8 174820
05d d9 174824
05d da 174828
05d db 17482c
05d dc 174830
05d dd 174834
05d de 174838
05d df 17483c
05d e0 177800
05d e1 174804
05d e2 174808
05d e3 17480c
05d e4 174810
05d e5 174814
05d e6 174818
05d e7 17481c
05d e8 174820
05d e9 174824
05d ea 174828
05d eb 17482c
05d ec 174830
05d ed 174834
05d ee 174838
05d ef 17483c
05d f0 177800
05d f1 174804
05d f2 174808
05d f3 17480c
05d f4 174810
05d f5 174814
05d f6 174818
05d f7 17481c
05d f8 174820
05d f9 174824
05d fa 174828
05d fb 17482c
05d fc 174830
05d fd 174834
05d fe 174838
05d ff 17483c
054 00 153800
054 01 150804
054 02 150808
054 03 15080c
054 04 150810
054 05 150814
054 06 150818
054 07 15081c
054 08 150820
054 09 150824
054 0a 150828
054 0b 15082c
054 0c 150830
054 0d 150834
054 0e 150838
054 0f 15083c
054 10 153800
054 11 150804
054 12 150808
054 13 15080c
054 14 150810
054 15 150814
054 16 150818
054 17 15081c
054 18 150820
054 19 150824
054 1a 150828
054 1b 15082c
054 1c 150830
054 1d 150834
054 1e 150838
054 1f 15083c
054 20 153800
054 21 150804
054 22 150808
054 23 15080c
054 24 150810
054 25 150814
054 26 150818
054 27 15081c
054 28 150820
054 29 150824
054 2a 150828
054 2b 15082c
054 2c 150830
054 2d 150834
054 2e 150838
054 2f 15083c
054 30 153800
054 31 150804
054 32 150808
054 33 15080c
054 34 150810
054 35 150814
054 36 150818
054 37 15081c
054 38 150820
054 39 150824
054 3a 150828
054 3b 15082c
054 3c 150830
054 3d 150834
054 3e 150838
054 3f 15083c
054 40 153800
054 41 150804
054 42 150808
054 43 15080c
054 44 150810
054 45 150814
054 46 150818
054 47 15081c
054 48 150820
054 49 150824
054 4a 150828
054 4b 15082c
054 4c 150830
054 4d 150834
054 4e 150838
054 4f 15083c
054 50 153800
054 51 150804
054 52 150808
054 53 15080c
054 54 150810
054 55 150814
054 56 150818
054 57 15081c
054 58 150820
054 59 150824
054 5a 150828
054 5b 15082c
054 5c 150830
054 5d 150834
054 5e 150838
054 5f 15083c
054 60 153800
054 61 150804
054 62 150808
054 63 15080c
054 64 150810
054 65 150814
054 66 150818
054 67 15081c
054 68 150820
054 69 150824
054 6a 150828
054 6b 15082c
054 6c 150830
054 6d 150834
054 6e 150838
054 6f 15083c
054 70 153800
054 71 150804
054 72 150808
054 73 15080c
054 74 150810
054 75 150814
054 76 150818
054 77 15081c
054 78 150820
054 79 150824
054 7a 150828
054 7b 15082c
054 7c 150830
054 7d 150834
054 7e 150838
054 7f 15083c
054 80 153800
054 81 150804
054 82 150808
054 83 15080c
054 84 150810
054 85 150814
054 86 150818
054 87 15081c
054 88 150820
054 89 150824
054 8a 150828
054 8b 15082c
054 8c 150830
054 8d 150834
054 8e 150838
054 8f 15083c
054 90 153800
054 91 150804
054 92 150808
054 93 15080c
054 94 150810
054 95 150814
054 96 150818
054 97 15081c
054 98 150820
054 99 150824
054 9a 150828
054 9b 15082c
054 9c 150830
054 9d 150834
054 9e 150838
054 9f 15083c
054 a0 153800
054 a1 150804
054 a2 150808
054 a3 15080c
054 a4 150810
054 a5 150814
054 a6 150818
054 a7 15081c
054 a8 150820
054 a9 150824
054 aa 150828
054 ab 15082c
054 ac 150830
054 ad 150834
054 ae 150838
054 af 15083c
054 b0 153800
054 b1 150804
054 b2 150808
054 b3 15080c
054 b4 150810
054 b5 150814
054 b6 150818
054 b7 15081c
054 b8 150820
054 b9 150824
054 ba 150828
054 bb 15082c
054 bc 150830
054 bd 150834
054 be 150838
054 bf 15083c
054 c0 153800
054 c1 150804
054 c2 150808
054 c3 15080c
054 c4 150810
054 c5 150814
054 c6 150818
054 c7 15081c
054 c8 150820
054 c9 150824
054 ca 150828
054 cb 15082c
054 cc 150830
054 cd 150834
054 ce 150838
054 cf 15083c
054 d0 153800
054 d1 150804
054 d2 150808
054 d3 15080c
054 d4 150810
054 d5 150814
054 d6 150818
054 d7 15081c
054 d8 150820
054 d9 150824
054 da 150828
054 db 15082c
054 dc 150830
054 dd 150834
054 de 150838
054 df 15083c
054 e0 153800
054 e1 150804
054 e2 150808
054 e3 15080c
054 e4 150810
054 e5 150814
054 e6 150818
054 e7 15081c
054 e8 150820
054 e9 150824
054 ea 150828
054 eb 15082c
054 ec 150830
054 ed 150834
054 ee 150838
054 ef 15083c
054 f0 153800
054 f1 150804
054 f2 150808
054 f3 15080c
054 f4 150810
054 f5 150814
054 f6 150818
054 f7 15081c
054 f8 150820
054 f9 150824
054 fa 150828
054 fb 15082c
054 fc 150830
054 fd 150834
054 fe 150838
054 ff 15083c
057 00 15f800
057 01 15c804
057 02 15c808
057 03 15c80c
057 04 15c810
057 05 15c814
057 06 15c818
057 07 15c81c
057 08 15c820
057 09 15c824
057 0a 15c828
057 0b 15c82c
057 0c 15c830
057 0d 15c834
057 0e 15c838
057 0f 15c83c
057 10 15f800
057 11 15c804
057 12 15c808
057 13 15c80c
057 14 15c810
057 15 15c814
057 16 15c818
057 17 15c81c
057 18 15c820
057 19 15c824
057 1a 15c828
057 1b 15c82c
057 1c 15c830
057 1d 15c834
057 1e 15c838
057 1f 15c83c
057 20 15f800
057 21 15c804
057 22 15c808
057 23 15c80c
057 24 15c810
057 25 15c814
057 26 15c818
057 27 15c81c
057 28 15c820
057 29 15c824
057 2a 15c828
057 2b 15c82c
057 2c 15c830
057 2d 15c834
057 2e 15c838
057 2f 15c83c
057 30 15f800
057 31 15c804
057 32 15c808
057 33 15c80c
057 34 15c810
057 35 15c814
057 36 15c818
057 37 15c81c
057 38 15c820
057 39 15c824
057 3a 15c828
057 3b 15c82c
057 3c 15c830
057 3d 15c834
057 3e 15c838
057 3f 15c83c
057 40 15f800
057 41 15c804
057 42 15c808
057 43 15c80c
057 44 15c810
057 45 15c814
057 46 15c818
057 47 15c81c
057 48 15c820
057 49 15c824
057 4a 15c828
057 4b 15c82c
057 4c 15c830
057 4d 15c834
057 4e 15c838
057 4f 15c83c
057 50 15f800
057 51 15c804
057 52 15c808
057 53 15c80c
057 54 15c810
057 55 15c814
057 56 15c818
057 57 15c81c
057 58 15c820
057 59 15c824
057 5a 15c828
057 5b 15c82c
057 5c 15c830
057 5d 15c834
057 5e 15c838
057 5f 15c83c
057 60 15f800
057 61 15c804
057 62 15c808
057 63 15c80c
057 64 15c810
057 65 15c814
057 66 15c818
057 67 15c81c
057 68 15c820
057 69 15c824
057 6a 15c828
057 6b 15c82c
057 6c 15c830
057 6d 15c834
057 6e 15c838
057 6f 15c83c
057 70 15f800
057 71 15c804
057 72 15c808
057 73 15c80c
057 74 15c810
057 75 15c814
057 76 15c818
057 77 15c81c
057 78 15c820
057 79 15c824
057 7a 15c828
057 7b 15c82c
057 7c 15c830
057 7d 15c834
057 7e 15c838
057 7f 15c83c
057 80 15f800
057 81 15c804
057 82 15c808
057 83 15c80c
057 84 15c810
057 85 15c814
057 86 15c818
057 87 15c81c
057 88 15c820
057 89 15c824
057 8a 15c828
057 8b 15c82c
057 8c 15c830
057 8d 15c834
057 8e 15c838
057 8f 15c83c
057 90 15f800
057 91 15c804
057 92 15c808
057 93 15c80c
057 94 15c810
057 95 15c814
057 96 15c818
057 97 15c81c
057 98 15c820
057 99 15c824
057 9a 15c828
057 9b 15c82c
057 9c 15c830
057 9d 15c834
057 9e 15c838
057 9f 15c83c
057 a0 15f800
057 a1 15c804
057 a2 15c808
057 a3 15c80c
057 a4 15c810
057 a5 15c814
057 a6 15c818
057 a7 15c81c
057 a8 15c820
057 a9 15c824
057 aa 15c828
057 ab 15c82c
057 ac 15c830
057 ad 15c834
057 ae 15c838
057 af 15c83c
057 b0 15f800
057 b1 15c804
057 b2 15c808
057 b3 15c80c
057 b4 15c810
057 b5 15c814
057 b6 15c818
057 b7 15c81c
057 b8 15c820
057 b9 15c824
057 ba 15c828
057 bb 15c82c
057 bc 15c830
057 bd 15c834
057 be 15c838
057 bf 15c83c
057 c0 15f800
057 c1 15c804
057 c2 15c808
057 c3 15c80c
057 c4 15c810
057 c5 15c814
057 c6 15c818
057 c7 15c81c
057 c8 15c820
057 c9 15c824
057 ca 15c828
057 cb 15c82c
057 cc 15c830
057 cd 15c834
057 ce 15c838
057 cf 15c83c
057 d0 15f800
057 d1 15c804
057 d2 15c808
057 d3 15c80c
057 d4 15c810
057 d5 15c814
057 d6 15c818
057 d7 15c81c
057 d8 15c820
057 d9 15c824
057 da 15c828
057 db 15c82c
057 dc 15c830
057 dd 15c834
057 de 15c838
057 df 15c83c
057 e0 15f800
057 e1 15c804
057 e2 15c808
057 e3 15c80c
057 e4 15c810
057 e5 15c814
057 e6 15c818
057 e7 15c81c
057 e8 15c820
057 e9 15c824
057 ea 15c828
057 eb 15c82c
057 ec 15c830
057 ed 15c834
057 ee 15c838
057 ef 15c83c
057 f0 15f800
057 f1 15c804
057 f2 15c808
057 f3 15c80c
057 f4 15c810
057 f5 15c814
057 f6 15c818
057 f7 15c81c
057 f8 15c820
057 f9 15c824
057 fa 15c828
057 fb 15c82c
057 fc 15c830
057 fd 15c834
057 fe 15c838
057 ff 15c83c
055 00 157c00
055 01 154c04
055 02 154c08
055 03 154c0c
055 04 154c10
055 05 154c14
055 06 154c18
055 07 154c1c
055 08 154c20
055 09 154c24
055 0a 154c28
055 0b 154c2c
055 0c 154c30
055 0d 154c34
055 0e 154c38
055 0f 154c3c
055 10 157c00
055 11 154c04
055 12 154c08
055 13 154c0c
055 14 154c10
055 15 154c14
055 16 154c18
055 17 154c1c
055 18 154c20
055 19 154c24
055 1a 154c28
055 1b 154c2c
055 1c 154c30
055 1d 154c34
055 1e 154c38
055 1f 154c3c
055 20 157c00
055 21 154c04
055 22 154c08
055 23 154c0c
055 24 154c10
055 25 154c14
055 26 154c18
055 27 154c1c
055 28 154c20
055 29 154c24
055 2a 154c28
055 2b 154c2c
055 2c 154c30
055 2d 154c34
055 2e 154c38
055 2f 154c3c
055 30 157c00
055 31 154c04
055 32 154c08
055 33 154c0c
055 34 154c10
055 35 154c14
055 36 154c18
055 37 154c1c
055 38 154c20
055 39 154c24
055 3a 154c28
055 3b 154c2c
055 3c 154c30
055 3d 154c34
055 3e 154c38
055 3f 154c3c
055 40 157c00
055 41 154c04
055 42 154c08
055 43 154c0c
055 44 154c10
055 45 154c14
055 46 154c18
055 47 154c1c
055 48 154c20
055 49 154c24
055 4a 154c28
055 4b 154c2c
055 4c 154c30
055 4d 154c34
055 4e 154c38
055 4f 154c3c
055 50 157c00
055 51 154c04
055 52 154c08
055 53 154c0c
055 54 154c10
055 55 154c14
055 56 154c18
055 57 154c1c
055 58 154c20
055 59 154c24
055 5a 154c28
055 5b 154c2c
055 5c 154c30
055 5d 154c34
055 5e 154c38
055 5f 154c3c
055 60 157c00
055 61 154c04
055 62 154c08
055 63 154c0c
055 64 154c10
055 65 154c14
055 66 154c18
055 67 154c1c
055 68 154c20
055 69 154c24
055 6a 154c28
055 6b 154c2c
055 6c 154c30
055 6d 154c34
055 6e 154c38
055 6f 154c3c
055 70 157c00
055 71 154c04
055 72 154c08
055 73 154c0c
055 74 154c10
055 75 154c14
055 76 154c18
055 77 154c1c
055 78 154c20
055 79 154c24
055 7a 154c28
055 7b 154c2c
055 7c 154c30
055 7d 154c34
055 7e 154c38
055 7f 154c3c
055 80 157c00
055 81 154c04
055 82 154c08
055 83 154c0c
055 84 154c10
055 85 154c14
055 86 154c18
055 87 154c1c
055 88 154c20
055 89 154c24
055 8a 154c28
055 8b 154c2c
055 8c 154c30
055 8d 154c34
055 8e 154c38
055 8f 154c3c
055 90 157c00
055 91 154c04
055 92 154c08
055 93 154c0c
055 94 154c10
055 95 154c14
055 96 154c18
055 97 154c1c
055 98 154c20
055 99 154c24
055 9a 154c28
055 9b 154c2c
055 9c 154c30
055 9d 154c34
055 9e 154c38
055 9f 154c3c
055 a0 157c00
055 a1 154c04
055 a2 154c08
055 a3 154c0c
055 a4 154c10
055 a5 154c14
055 a6 154c18
055 a7 154c1c
055 a8 154c20
055 a9 154c24
055 aa 154c28
055 ab 154c2c
055 ac 154c30
055 ad 154c34
055 ae 154c38
055 af 154c3c
055 b0 157c00
055 b1 154c04
055 b2 154c08
055 b3 154c0c
055 b4 154c10
055 b5 154c14
055 b6 154c18
055 b7 154c1c
055 b8 154c20
055 b9 154c24
055 ba 154c28
055 bb 154c2c
055 bc 154c30
055 bd 154c34
055 be 154c38
055 bf 154c3c
055 c0 157c00
055 c1 154c04
055 c2 154c08
055 c3 154c0c
055 c4 154c10
055 c5 154c14
055 c6 154c18
055 c7 154c1c
055 c8 154c20
055 c9 154c24
055 ca 154c28
055 cb 154c2c
055 cc 154c30
055 cd 154c34
055 ce 154c38
055 cf 154c3c
055 d0 157c00
055 d1 154c04
055 d2 154c08
055 d3 154c0c
055 d4 154c10
055 d5 154c14
055 d6 154c18
055 d7 154c1c
055 d8 154c20
055 d9 154c24
055 da 154c28
055 db 154c2c
055 dc 154c30
055 dd 154c34
055 de 154c38
055 df 154c3c
055 e0 157c00
055 e1 154c04
055 e2 154c08
055 e3 154c0c
055 e4 154c10
055 e5 154c14
055 e6 154c18
055 e7 154c1c
055 e8 154c20
055 e9 154c24
055 ea 154c28
055 eb 154c2c
055 ec 154c30
055 ed 154c34
055 ee 154c38
055 ef 154c3c
055 f0 157c00
055 f1 154c04
055 f2 154c08
055 f3 154c0c
055 f4 154c10
055 f5 154c14
055 f6 154c18
055 f7 154c1c
055 f8 154c20
055 f9 154c24
055 fa 154c28
055 fb 154c2c
055 fc 154c30
055 fd 154c34
055 fe 154c38
055 ff 154c3c
300 00 c03000
300 01 c03000
300 02 c03000
300 03 c03000
300 04 c03000
300 05 c03000
300 06 c03000
300 07 c03000
300 08 c03000
300 09 c03000
300 0a c03000
300 0b c03000
300 0c c03000
300 0d c03000
300 0e c03000
300 0f c03000
300 10 c02041
300 11 c02041
300 12 c02041
300 13 c02041
300 14 c02041
300 15 c02041
300 16 c02041
300 17 c02041
300 18 c02041
300 19 c02041
300 1a c02041
300 1b c02041
300 1c c02041
300 1d c02041
300 1e c02041
300 1f c02041
300 20 c03000
300 21 c03000
300 22 c03000
300 23 c03000
300 24 c03000
300 25 c03000
300 26 c03000
300 27 c03000
300 28 c03000
300 29 c03000
300 2a c03000
300 2b c03000
300 2c c03000
300 2d c03000
300 2e c03000
300 2f c03000
300 30 c02041
300 31 c02041
300 32 c02041
300 33 c02041
300 34 c02041
300 35 c02041
300 36 c02041
300 37 c02041
300 38 c02041
300 39 c02041
300 3a c02041
300 3b c02041
300 3c c02041
300 3d c02041
300 3e c02041
300 3f c02041
300 40 c03000
300 41 c03000
300 42 c03000
300 43 c03000
300 44 c03000
300 45 c03000
300 46 c03000
300 47 c03000
300 48 c03000
300 49 c03000
300 4a c03000
300 4b c03000
300 4c c03000
300 4d c03000
300 4e c03000
300 4f c03000
300 50 c02041
300 51 c02041
300 52 c02041
300 53 c02041
300 54 c02041
300 55 c02041
300 56 c02041
300 57 c02041
300 58 c02041
300 59 c02041
300 5a c02041
300 5b c02041
300 5c c02041
300 5d c02041
300 5e c02041
300 5f c02041
300 60 c03000
300 61 c03000
300 62 c03000
300 63 c03000
300 64 c03000
300 65 c03000
300 66 c03000
300 67 c03000
300 68 c03000
300 69 c03000
300 6a c03000
300 6b c03000
300 6c c03000
300 6d c03000
300 6e c03000
300 6f c03000
300 70 c02041
300 71 c02041
300 72 c02041
300 73 c02041
300 74 c02041
300 75 c02041
300 76 c02041
300 77 c02041
300 78 c02041
300 79 c02041
300 7a c02041
300 7b c02041
300 7c c02041
300 7d c02041
300 7e c02041
300 7f c02041
300 80 c03000
300 81 c03000
300 82 c03000
300 83 c03000
300 84 c03000
300 85 c03000
300 86 c03000
300 87 c03000
300 88 c03000
300 89 c03000
300 8a c03000
300 8b c03000
300 8c c03000
300 8d c03000
300 8e c03000
300 8f c03000
300 90 c02041
300 91 c02041
300 92 c02041
300 93 c02041
300 94 c02041
300 95 c02041
300 96 c02041
300 97 c02041
300 98 c02041
300 99 c02041
300 9a c02041
300 9b c02041
300 9c c02041
300 9d c02041
300 9e c02041
300 9f c02041
300 a0 c03000
300 a1 c03000
300 a2 c03000
300 a3 c03000
300 a4 c03000
300 a5 c03000
300 a6 c03000
300 a7 c03000
300 a8 c03000
300 a9 c03000
300 aa c03000
300 ab c03000
300 ac c03000
300 ad c03000
300 ae c03000
300 af c03000
300 b0 c02041
300 b1 c02041
300 b2 c02041
300 b3 c02041
300 b4 c02041
300 b5 c02041
300 b6 c02041
300 b7 c02041
300 b8 c02041
300 b9 c02041
300 ba c02041
300 bb c02041
300 bc c02041
300 bd c02041
300 be c02041
300 bf c02041
300 c0 c03000
300 c1 c03000
300 c2 c03000
300 c3 c03000
300 c4 c03000
300 c5 c03000
300 c6 c03000
300 c7 c03000
300 c8 c03000
300 c9 c03000
300 ca c03000
300 cb c03000
300 cc c03000
300 cd c03000
300 ce c03000
300 cf c03000
300 d0 c02041
300 d1 c02041
300 d2 c02041
300 d3 c02041
300 d4 c02041
300 d5 c02041
300 d6 c02041
300 d7 c02041
300 d8 c02041
300 d9 c02041
300 da c02041
300 db c02041
300 dc c02041
300 dd c02041
300 de c02041
300 df c02041
300 e0 c03000
300 e1 c03000
300 e2 c03000
300 e3 c03000
300 e4 c03000
300 e5 c03000
300 e6 c03000
300 e7 c03000
300 e8 c03000
300 e9 c03000
300 ea c03000
300 eb c03000
300 ec c03000
300 ed c03000
300 ee c03000
300 ef c03000
300 f0 c02041
300 f1 c02041
300 f2 c02041
300 f3 c02041
300 f4 c02041
300 f5 c02041
300 f6 c02041
300 f7 c02041
300 f8 c02041
300 f9 c02041
300 fa c02041
300 fb c02041
300 fc c02041
300 fd c02041
300 fe c02041
300 ff c02041
303 00 c0f000
303 01 c0f000
303 02 c0f000
303 03 c0f000
303 04 c0f000
303 05 c0f000
303 06 c0f000
303 07 c0f000
303 08 c0f000
303 09 c0f000
303 0a c0f000
303 0b c0f000
303 0c c0f000
303 0d c0f000
303 0e c0f000
303 0f c0f000
303 10 c0f000
303 11 c0f000
303 12 c0f000
303 13 c0f000
303 14 c0f000
303 15 c0f000
303 16 c0f000
303 17 c0f000
303 18 c0f000
303 19 c0f000
303 1a c0f000
303 1b c0f000
303 1c c0f000
303 1d c0f000
303 1e c0f000
303 1f c0f000
303 20 c0f000
303 21 c0f000
303 22 c0f000
303 23 c0f000
303 24 c0f000
303 25 c0f000
303 26 c0f000
303 27 c0f000
303 28 c0f000
303 29 c0f000
303 2a c0f000
303 2b c0f000
303 2c c0f000
303 2d c0f000
303 2e c0f000
303 2f c0f000
303 30 c0f000
303 31 c0f000
303 32 c0f000
303 33 c0f000
303 34 c0f000
303 35 c0f000
303 36 c0f000
303 37 c0f000
303 38 c0f000
303 39 c0f000
303 3a c0f000
303 3b c0f000
303 3c c0f000
303 3d c0f000
303 3e c0f000
303 3f c0f000
303 40 c0f000
303 41 c0f000
303 42 c0f000
303 43 c0f000
303 44 c0f000
303 45 c0f000
303 46 c0f000
303 47 c0f000
303 48 c0f000
303 49 c0f000
303 4a c0f000
303 4b c0f000
303 4c c0f000
303 4d c0f000
303 4e c0f000
303 4f c0f000
303 50 c0f000
303 51 c0f000
303 52 c0f000
303 53 c0f000
303 54 c0f000
303 55 c0f000
303 56 c0f000
303 57 c0f000
303 58 c0f000
303 59 c0f000
303 5a c0f000
303 5b c0f000
303 5c c0f000
303 5d c0f000
303 5e c0f000
303 5f c0f000
303 60 c0f000
303 61 c0f000
303 62 c0f000
303 63 c0f000
303 64 c0f000
303 65 c0f000
303 66 c0f000
303 67 c0f000
303 68 c0f000
303 69 c0f000
303 6a c0f000
303 6b c0f000
303 6c c0f000
303 6d c0f000
303 6e c0f000
303 6f c0f000
303 70 c0f000
303 71 c0f000
303 72 c0f000
303 73 c0f000
303 74 c0f000
303 75 c0f000
303 76 c0f000
303 77 c0f000
303 78 c0f000
303 79 c0f000
303 7a c0f000
303 7b c0f000
303 7c c0f000
303 7d c0f000
303 7e c0f000
303 7f c0f000
303 80 c0f000
303 81 c0f000
303 82 c0f000
303 83 c0f000
303 84 c0f000
303 85 c0f000
303 86 c0f000
303 87 c0f000
303 88 c0f000
303 89 c0f000
303 8a c0f000
303 8b c0f000
303 8c c0f000
303 8d c0f000
303 8e c0f000
303 8f c0f000
303 90 c0f000
303 91 c0f000
303 92 c0f000
303 93 c0f000
303 94 c0f000
303 95 c0f000
303 96 c0f000
303 97 c0f000
303 98 c0f000
303 99 c0f000
303 9a c0f000
303 9b c0f000
303 9c c0f000
303 9d c0f000
303 9e c0f000
303 9f c0f000
303 a0 c0f000
303 a1 c0f000
303 a2 c0f000
303 a3 c0f000
303 a4 c0f000
303 a5 c0f000
303 a6 c0f000
303 a7 c0f000
303 a8 c0f000
303 a9 c0f000
303 aa c0f000
303 ab c0f000
303 ac c0f000
303 ad c0f000
303 ae c0f000
303 af c0f000
303 b0 c0f000
303 b1 c0f000
303 b2 c0f000
303 b3 c0f000
303 b4 c0f000
303 b5 c0f000
303 b6 c0f000
303 b7 c0f000
303 b8 c0f000
303 b9 c0f000
303 ba c0f000
303 bb c0f000
303 bc c0f000
303 bd c0f000
303 be c0f000
303 bf c0f000
303 c0 c0f000
303 c1 c0f000
303 c2 c0f000
303 c3 c0f000
303 c4 c0f000
303 c5 c0f000
303 c6 c0f000
303 c7 c0f000
303 c8 c0f000
303 c9 c0f000
303 ca c0f000
303 cb c0f000
303 cc c0f000
303 cd c0f000
303 ce c0f000
303 cf c0f000
303 d0 c0f000
303 d1 c0f000
303 d2 c0f000
303 d3 c0f000
303 d4 c0f000
303 d5 c0f000
303 d6 c0f000
303 d7 c0f000
303 d8 c0f000
303 d9 c0f000
303 da c0f000
303 db c0f000
303 dc c0f000
303 dd c0f000
303 de c0f000
303 df c0f000
303 e0 c0f000
303 e1 c0f000
303 e2 c0f000
303 e3 c0f000
303 e4 c0f000
303 e5 c0f000
303 e6 c0f000
303 e7 c0f000
303 e8 c0f000
303 e9 c0f000
303 ea c0f000
303 eb c0f000
303 ec c0f000
303 ed c0f000
303 ee c0f000
303 ef c0f000
303 f0 c0f000
303 f1 c0f000
303 f2 c0f000
303 f3 c0f000
303 f4 c0f000
303 f5 c0f000
303 f6 c0f000
303 f7 c0f000
303 f8 c0f000
303 f9 c0f000
303 fa c0f000
303 fb c0f000
303 fc c0f000
303 fd c0f000
303 fe c0f000
303 ff c0f000
301 00 c07400
301 01 c07400
301 02 c07400
301 03 c07400
301 04 c07400
301 05 c07400
301 06 c07400
301 07 c07400
301 08 c07400
301 09 c07400
301 0a c07400
301 0b c07400
301 0c c07400
301 0d c07400
301 0e c07400
301 0f c07400
301 10 c01440
301 11 c01440
301 12 c01440
301 13 c01440
301 14 c01440
301 15 c01440
301 16 c01440
301 17 c01440
301 18 c01440
301 19 c01440
301 1a c01440
301 1b c01440
301 1c c01440
301 1d c01440
301 1e c01440
301 1f c01440
301 20 c07400
301 21 c07400
301 22 c07400
301 23 c07400
301 24 c07400
301 25 c07400
301 26 c07400
301 27 c07400
301 28 c07400
301 29 c07400
301 2a c07400
301 2b c07400
301 2c c07400
301 2d c07400
301 2e c07400
301 2f c07400
301 30 c01440
301 31 c01440
301 32 c01440
301 33 c01440
301 34 c01440
301 35 c01440
301 36 c01440
301 37 c01440
301 38 c01440
301 39 c01440
301 3a c01440
301 3b c01440
301 3c c01440
301 3d c01440
301 3e c01440
301 3f c01440
301 40 c07400
301 41 c07400
301 42 c07400
301 43 c07400
301 44 c07400
301 45 c07400
301 46 c07400
301 47 c07400
301 48 c07400
301 49 c07400
301 4a c07400
301 4b c07400
301 4c c07400
301 4d c07400
301 4e c07400
301 4f c07400
301 50 c01440
301 51 c01440
301 52 c01440
301 53 c01440
301 54 c01440
301 55 c01440
301 56 c01440
301 57 c01440
301 58 c01440
301 59 c01440
301 5a c01440
301 5b c01440
301 5c c01440
301 5d c01440
301 5e c01440
301 5f c01440
301 60 c07400
301 61 c07400
301 62 c07400
301 63 c07400
301 64 c07400
301 65 c07400
301 66 c07400
301 67 c07400
301 68 c07400
301 69 c07400
301 6a c07400
301 6b c07400
301 6c c07400
301 6d c07400
301 6e c07400
301 6f c07400
301 70 c01440
301 71 c01440
301 72 c01440
301 73 c01440
301 74 c01440
301 75 c01440
301 76 c01440
301 77 c01440
301 78 c01440
301 79 c01440
301 7a c01440
301 7b c01440
301 7c c01440
301 7d c01440
301 7e c01440
301 7f c01440
301 80 c07400
301 81 c07400
301 82 c07400
301 83 c07400
301 84 c07400
301 85 c07400
301 86 c07400
301 87 c07400
301 88 c07400
301 89 c07400
301 8a c07400
301 8b c07400
301 8c c07400
301 8d c07400
301 8e c07400
301 8f c07400
301 90 c01440
301 91 c01440
301 92 c01440
301 93 c01440
301 94 c01440
301 95 c01440
301 96 c01440
301 97 c01440
301 98 c01440
301 99 c01440
301 9a c01440
301 9b c01440
301 9c c01440
301 9d c01440
301 9e c01440
301 9f c01440
301 a0 c07400
301 a1 c07400
301 a2 c07400
301 a3 c07400
301 a4 c07400
301 a5 c07400
301 a6 c07400
301 a7 c07400
301 a8 c07400
301 a9 c07400
301 aa c07400
301 ab c07400
301 ac c07400
301 ad c07400
301 ae c07400
301 af c07400
301 b0 c01440
301 b1 c01440
301 b2 c01440
301 b3 c01440
301 b4 c01440
301 b5 c01440
301 b6 c01440
301 b7 c01440
301 b8 c01440
301 b9 c01440
301 ba c01440
301 bb c01440
301 bc c01440
301 bd c01440
301 be c01440
301 bf c01440
301 c0 c07400
301 c1 c07400
301 c2 c07400
301 c3 c07400
301 c4 c07400
301 c5 c07400
301 c6 c07400
301 c7 c07400
301 c8 c07400
301 c9 c07400
301 ca c07400
301 cb c07400
301 cc c07400
301 cd c07400
301 ce c07400
301 cf c07400
301 d0 c01440
301 d1 c01440
301 d2 c01440
301 d3 c01440
301 d4 c01440
301 d5 c01440
301 d6 c01440
301 d7 c01440
301 d8 c01440
301 d9 c01440
301 da c01440
301 db c01440
301 dc c01440
301 dd c01440
301 de c01440
301 df c01440
301 e0 c07400
301 e1 c07400
301 e2 c07400
301 e3 c07400
301 e4 c07400
301 e5 c07400
301 e6 c07400
301 e7 c07400
301 e8 c07400
301 e9 c07400
301 ea c07400
301 eb c07400
301 ec c07400
301 ed c07400
301 ee c07400
301 ef c07400
301 f0 c01440
301 f1 c01440
301 f2 c01440
301 f3 c01440
301 f4 c01440
301 f5 c01440
301 f6 c01440
301 f7 c01440
301 f8 c01440
301 f9 c01440
301 fa c01440
301 fb c01440
301 fc c01440
301 fd c01440
301 fe c01440
301 ff c01440
30c 00 c33000
30c 01 c33000
30c 02 c33000
30c 03 c33000
30c 04 c33000
30c 05 c33000
30c 06 c33000
30c 07 c33000
30c 08 c33000
30c 09 c33000
30c 0a c33000
30c 0b c33000
30c 0c c33000
30c 0d c33000
30c 0e c33000
30c 0f c33000
30c 10 c33000
30c 11 c33000
30c 12 c33000
30c 13 c33000
30c 14 c33000
30c 15 c33000
30c 16 c33000
30c 17 c33000
30c 18 c33000
30c 19 c33000
30c 1a c33000
30c 1b c33000
30c 1c c33000
30c 1d c33000
30c 1e c33000
30c 1f c33000
30c 20 c33000
30c 21 c33000
30c 22 c33000
30c 23 c33000
30c 24 c33000
30c 25 c33000
30c 26 c33000
30c 27 c33000
30c 28 c33000
30c 29 c33000
30c 2a c33000
30c 2b c33000
30c 2c c33000
30c 2d c33000
30c 2e c33000
30c 2f c33000
30c 30 c33000
30c 31 c33000
30c 32 c33000
30c 33 c33000
30c 34 c33000
30c 35 c33000
30c 36 c33000
30c 37 c33000
30c 38 c33000
30c 39 c33000
30c 3a c33000
30c 3b c33000
30c 3c c33000
30c 3d c33000
30c 3e c33000
30c 3f c33000
30c 40 c33000
30c 41 c33000
30c 42 c33000
30c 43 c33000
30c 44 c33000
30c 45 c33000
30c 46 c33000
30c 47 c33000
30c 48 c33000
30c 49 c33000
30c 4a c33000
30c 4b c33000
30c 4c c33000
30c 4d c33000
30c 4e c33000
30c 4f c33000
30c 50 c33000
30c 51 c33000
30c 52 c33000
30c 53 c33000
30c 54 c33000
30c 55 c33000
30c 56 c33000
30c 57 c33000
30c 58 c33000
30c 59 c33000
30c 5a c33000
30c 5b c33000
30c 5c c33000
30c 5d c33000
30c 5e c33000
30c 5f c33000
30c 60 c33000
30c 61 c33000
30c 62 c33000
30c 63 c33000
30c 64 c33000
30c 65 c33000
30c 66 c33000
30c 67 c33000
30c 68 c33000
30c 69 c33000
30c 6a c33000
30c 6b c33000
30c 6c c33000
30c 6d c33000
30c 6e c33000
30c 6f c33000
30c 70 c33000
30c 71 c33000
30c 72 c33000
30c 73 c33000
30c 74 c33000
30c 75 c33000
30c 76 c33000
30c 77 c33000
30c 78 c33000
30c 79 c33000
30c 7a c33000
30c 7b c33000
30c 7c c33000
30c 7d c33000
30c 7e c33000
30c 7f c33000
30c 80 c33000
30c 81 c33000
30c 82 c33000
30c 83 c33000
30c 84 c33000
30c 85 c33000
30c 86 c33000
30c 87 c33000
30c 88 c33000
30c 89 c33000
30c 8a c33000
30c 8b c33000
30c 8c c33000
30c 8d c33000
30c 8e c33000
30c 8f c33000
30c 90 c33000
30c 91 c33000
30c 92 c33000
30c 93 c33000
30c 94 c33000
30c 95 c33000
30c 96 c33000
30c 97 c33000
30c 98 c33000
30c 99 c33000
30c 9a c33000
30c 9b c33000
30c 9c c33000
30c 9d c33000
30c 9e c33000
30c 9f c33000
30c a0 c33000
30c a1 c33000
30c a2 c33000
30c a3 c33000
30c a4 c33000
30c a5 c33000
30c a6 c33000
30c a7 c33000
30c a8 c33000
30c a9 c33000
30c aa c33000
30c ab c33000
30c ac c33000
30c ad c33000
30c ae c33000
30c af c33000
30c b0 c33000
30c b1 c33000
30c b2 c33000
30c b3 c33000
30c b4 c33000
30c b5 c33000
30c b6 c33000
30c b7 c33000
30c b8 c33000
30c b9 c33000
30c ba c33000
30c bb c33000
30c bc c33000
30c bd c33000
30c be c33000
30c bf c33000
30c c0 c33000
30c c1 c33000
30c c2 c33000
30c c3 c33000
30c c4 c33000
30c c5 c33000
30c c6 c33000
30c c7 c33000
30c c8 c33000
30c c9 c33000
30c ca c33000
30c cb c33000
30c cc c33000
30c cd c33000
30c ce c33000
30c cf c33000
30c d0 c33000
30c d1 c33000
30c d2 c33000
30c d3 c33000
30c d4 c33000
30c d5 c33000
30c d6 c33000
30c d7 c33000
30c d8 c33000
30c d9 c33000
30c da c33000
30c db c33000
30c dc c33000
30c dd c33000
30c de c33000
30c df c33000
30c e0 c33000
30c e1 c33000
30c e2 c33000
30c e3 c33000
30c e4 c33000
30c e5 c33000
30c e6 c33000
30c e7 c33000
30c e8 c33000
30c e9 c33000
30c ea c33000
30c eb c33000
30c ec c33000
30c ed c33000
30c ee c33000
30c ef c33000
30c f0 c33000
30c f1 c33000
30c f2 c33000
30c f3 c33000
30c f4 c33000
30c f5 c33000
30c f6 c33000
30c f7 c33000
30c f8 c33000
30c f9 c33000
30c fa c33000
30c fb c33000
30c fc c33000
30c fd c33000
30c fe c33000
30c ff c33000
30f 00 c3f000
30f 01 c3f000
30f 02 c3f000
30f 03 c3f000
30f 04 c3f000
30f 05 c3f000
30f 06 c3f000
30f 07 c3f000
30f 08 c3f000
30f 09 c3f000
30f 0a c3f000
30f 0b c3f000
30f 0c c3f000
30f 0d c3f000
30f 0e c3f000
30f 0f c3f000
30f 10 c3e040
30f 11 c3e040
30f 12 c3e040
30f 13 c3e040
30f 14 c3e040
30f 15 c3e040
30f 16 c3e040
30f 17 c3e040
30f 18 c3e040
30f 19 c3e040
30f 1a c3e040
30f 1b c3e040
30f 1c c3e040
30f 1d c3e040
30f 1e c3e040
30f 1f c3e040
30f 20 c3f000
30f 21 c3f000
30f 22 c3f000
30f 23 c3f000
30f 24 c3f000
30f 25 c3f000
30f 26 c3f000
30f 27 c3f000
30f 28 c3f000
30f 29 c3f000
30f 2a c3f000
30f 2b c3f000
30f 2c c3f000
30f 2d c3f000
30f 2e c3f000
30f 2f c3f000
30f 30 c3e040
30f 31 c3e040
30f 32 c3e040
30f 33 c3e040
30f 34 c3e040
30f 35 c3e040
30f 36 c3e040
30f 37 c3e040
30f 38 c3e040
30f 39 c3e040
30f 3a c3e040
30f 3b c3e040
30f 3c c3e040
30f 3d c3e040
30f 3e c3e040
30f 3f c3e040
30f 40 c3f000
30f 41 c3f000
30f 42 c3f000
30f 43 c3f000
30f 44 c3f000
30f 45 c3f000
30f 46 c3f000
30f 47 c3f000
30f 48 c3f000
30f 49 c3f000
30f 4a c3f000
30f 4b c3f000
30f 4c c3f000
30f 4d c3f000
30f 4e c3f000
30f 4f c3f000
30f 50 c3e040
30f 51 c3e040
30f 52 c3e040
30f 53 c3e040
30f 54 c3e040
30f 55 c3e040
30f 56 c3e040
30f 57 c3e040
30f 58 c3e040
30f 59 c3e040
30f 5a c3e040
30f 5b c3e040
30f 5c c3e040
30f 5d c3e040
30f 5e c3e040
30f 5f c3e040
30f 60 c3f000
30f 61 c3f000
30f 62 c3f000
30f 63 c3f000
30f 64 c3f000
30f 65 c3f000
30f 66 c3f000
30f 67 c3f000
30f 68 c3f000
30f 69 c3f000
30f 6a c3f000
30f 6b c3f000
30f 6c c3f000
30f 6d c3f000
30f 6e c3f000
30f 6f c3f000
30f 70 c3e040
30f 71 c3e040
30f 72 c3e040
30f 73 c3e040
30f 74 c3e040
30f 75 c3e040
30f 76 c3e040
30f 77 c3e040
30f 78 c3e040
30f 79 c3e040
30f 7a c3e040
30f 7b c3e040
30f 7c c3e040
30f 7d c3e040
30f 7e c3e040
30f 7f c3e040
30f 80 c3f000
30f 81 c3f000
30f 82 c3f000
30f 83 c3f000
30f 84 c3f000
30f 85 c3f000
30f 86 c3f000
30f 87 c3f000
30f 88 c3f000
30f 89 c3f000
30f 8a c3f000
30f 8b c3f000
30f 8c c3f000
30f 8d c3f000
30f 8e c3f000
30f 8f c3f000
30f 90 c3e040
30f 91 c3e040
30f 92 c3e040
30f 93 c3e040
30f 94 c3e040
30f 95 c3e040
30f 96 c3e040
30f 97 c3e040
30f 98 c3e040
30f 99 c3e040
30f 9a c3e040
30f 9b c3e040
30f 9c c3e040
30f 9d c3e040
30f 9e c3e040
30f 9f c3e040
30f a0 c3f000
30f a1 c3f000
30f a2 c3f000
30f a3 c3f000
30f a4 c3f000
30f a5 c3f000
30f a6 c3f000
30f a7 c3f000
30f a8 c3f000
30f a9 c3f000
30f aa c3f000
30f ab c3f000
30f ac c3f000
30f ad c3f000
30f ae c3f000
30f af c3f000
30f b0 c3e040
30f b1 c3e040
30f b2 c3e040
30f b3 c3e040
30f b4 c3e040
30f b5 c3e040
30f b6 c3e040
30f b7 c3e040
30f b8 c3e040
30f b9 c3e040
30f ba c3e040
30f bb c3e040
30f bc c3e040
30f bd c3e040
30f be c3e040
30f bf c3e040
30f c0 c3f000
30f c1 c3f000
30f c2 c3f000
30f c3 c3f000
30f c4 c3f000
30f c5 c3f000
30f c6 c3f000
30f c7 c3f000
30f c8 c3f000
30f c9 c3f000
30f ca c3f000
30f cb c3f000
30f cc c3f000
30f cd c3f000
30f ce c3f000
30f cf c3f000
30f d0 c3e040
30f d1 c3e040
30f d2 c3e040
30f d3 c3e040
30f d4 c3e040
30f d5 c3e040
30f d6 c3e040
30f d7 c3e040
30f d8 c3e040
30f d9 c3e040
30f da c3e040
30f db c3e040
30f dc c3e040
30f dd c3e040
30f de c3e040
30f df c3e040
30f e0 c3f000
30f e1 c3f000
30f e2 c3f000
30f e3 c3f000
30f e4 c3f000
30f e5 c3f000
30f e6 c3f000
30f e7 c3f000
30f e8 c3f000
30f e9 c3f000
30f ea c3f000
30f eb c3f000
30f ec c3f000
30f ed c3f000
30f ee c3f000
30f ef c3f000
30f f0 c3e040
30f f1 c3e040
30f f2 c3e040
30f f3 c3e040
30f f4 c3e040
30f f5 c3e040
30f f6 c3e040
30f f7 c3e040
30f f8 c3e040
30f f9 c3e040
30f fa c3e040
30f fb c3e040
30f fc c3e040
30f fd c3e040
30f fe c3e040
30f ff c3e040
30d 00 c37400
30d 01 c37400
30d 02 c37400
30d 03 c37400
30d 04 c37400
30d 05 c37400
30d 06 c37400
30d 07 c37400
30d 08 c37400
30d 09 c37400
30d 0a c37400
30d 0b c37400
30d 0c c37400
30d 0d c37400
30d 0e c37400
30d 0f c37400
30d 10 c3d440
30d 11 c3d440
30d 12 c3d440
30d 13 c3d440
30d 14 c3d440
30d 15 c3d440
30d 16 c3d440
30d 17 c3d440
30d 18 c3d440
30d 19 c3d440
30d 1a c3d440
30d 1b c3d440
30d 1c c3d440
30d 1d c3d440
30d 1e c3d440
30d 1f c3d440
30d 20 c37400
30d 21 c37400
30d 22 c37400
30d 23 c37400
30d 24 c37400
30d 25 c37400
30d 26 c37400
30d 27 c37400
30d 28 c37400
30d 29 c37400
30d 2a c37400
30d 2b c37400
30d 2c c37400
30d 2d c37400
30d 2e c37400
30d 2f c37400
30d 30 c3d440
30d 31 c3d440
30d 32 c3d440
30d 33 c3d440
30d 34 c3d440
30d 35 c3d440
30d 36 c3d440
30d 37 c3d440
30d 38 c3d440
30d 39 c3d440
30d 3a c3d440
30d 3b c3d440
30d 3c c3d440
30d 3d c3d440
30d 3e c3d440
30d 3f c3d440
30d 40 c37400
30d 41 c37400
30d 42 c37400
30d 43 c37400
30d 44 c37400
30d 45 c37400
30d 46 c37400
30d 47 c37400
30d 48 c37400
30d 49 c37400
30d 4a c37400
30d 4b c37400
30d 4c c37400
30d 4d c37400
30d 4e c37400
30d 4f c37400
30d 50 c3d440
30d 51 c3d440
30d 52 c3d440
30d 53 c3d440
30d 54 c3d440
30d 55 c3d440
30d 56 c3d440
30d 57 c3d440
30d 58 c3d440
30d 59 c3d440
30d 5a c3d440
30d 5b c3d440
30d 5c c3d440
30d 5d c3d440
30d 5e c3d440
30d 5f c3d440
30d 60 c37400
30d 61 c37400
30d 62 c37400
30d 63 c37400
30d 64 c37400
30d 65 c37400
30d 66 c37400
30d 67 c37400
30d 68 c37400
30d 69 c37400
30d 6a c37400
30d 6b c37400
30d 6c c37400
30d 6d c37400
30d 6e c37400
30d 6f c37400
30d 70 c3d440
30d 71 c3d440
30d 72 c3d440
30d 73 c3d440
30d 74 c3d440
30d 75 c3d440
30d 76 c3d440
30d 77 c3d440
30d 78 c3d440
30d 79 c3d440
30d 7a c3d440
30d 7b c3d440
30d 7c c3d440
30d 7d c3d440
30d 7e c3d440
30d 7f c3d440
30d 80 c37400
30d 81 c37400
30d 82 c37400
30d 83 c37400
30d 84 c37400
30d 85 c37400
30d 86 c37400
30d 87 c37400
30d 88 c37400
30d 89 c37400
30d 8a c37400
30d 8b c37400
30d 8c c37400
30d 8d c37400
30d 8e c37400
30d 8f c37400
30d 90 c3d440
30d 91 c3d440
30d 92 c3d440
30d 93 c3d440
30d 94 c3d440
30d 95 c3d440
30d 96 c3d440
30d 97 c3d440
30d 98 c3d440
30d 99 c3d440
30d 9a c3d440
30d 9b c3d440
30d 9c c3d440
30d 9d c3d440
30d 9e c3d440
30d 9f c3d440
30d a0 c37400
30d a1 c37400
30d a2 c37400
30d a3 c37400
30d a4 c37400
30d a5 c37400
30d a6 c37400
30d a7 c37400
30d a8 c37400
30d a9 c37400
30d aa c37400
30d ab c37400
30d ac c37400
30d ad c37400
30d ae c37400
30d af c37400
30d b0 c3d440
30d b1 c3d440
30d b2 c3d440
30d b3 c3d440
30d b4 c3d440
30d b5 c3d440
30d b6 c3d440
30d b7 c3d440
30d b8 c3d440
30d b9 c3d440
30d ba c3d440
30d bb c3d440
30d bc c3d440
30d bd c3d440
30d be c3d440
30d bf c3d440
30d c0 c37400
30d c1 c37400
30d c2 c37400
30d c3 c37400
30d c4 c37400
30d c5 c37400
30d c6 c37400
30d c7 c37400
30d c8 c37400
30d c9 c37400
30d ca c37400
30d cb c37400
30d cc c37400
30d cd c37400
30d ce c37400
30d cf c37400
30d d0 c3d440
30d d1 c3d440
30d d2 c3d440
30d d3 c3d440
30d d4 c3d440
30d d5 c3d440
30d d6 c3d440
30d d7 c3d440
30d d8 c3d440
30d d9 c3d440
30d da c3d440
30d db c3d440
30d dc c3d440
30d dd c3d440
30d de c3d440
30d df c3d440
30d e0 c37400
30d e1 c37400
30d e2 c37400
30d e3 c37400
30d e4 c37400
30d e5 c37400
30d e6 c37400
30d e7 c37400
30d e8 c37400
30d e9 c37400
30d ea c37400
30d eb c37400
30d ec c37400
30d ed c37400
30d ee c37400
30d ef c37400
30d f0 c3d440
30d f1 c3d440
30d f2 c3d440
30d f3 c3d440
30d f4 c3d440
30d f5 c3d440
30d f6 c3d440
30d f7 c3d440
30d f8 c3d440
30d f9 c3d440
30d fa c3d440
30d fb c3d440
30d fc c3d440
30d fd c3d440
30d fe c3d440
30d ff c3d440
304 00 c13400
304 01 c13400
304 02 c13400
304 03 c13400
304 04 c13400
304 05 c13400
304 06 c13400
304 07 c13400
304 08 c13400
304 09 c13400
304 0a c13400
304 0b c13400
304 0c c13400
304 0d c13400
304 0e c13400
304 0f c13400
304 10 c01440
304 11 c01440
304 12 c01440
304 13 c01440
304 14 c01440
304 15 c01440
304 16 c01440
304 17 c01440
304 18 c01440
304 19 c01440
304 1a c01440
304 1b c01440
304 1c c01440
304 1d c01440
304 1e c01440
304 1f c01440
304 20 c13400
304 21 c13400
304 22 c13400
304 23 c13400
304 24 c13400
304 25 c13400
304 26 c13400
304 27 c13400
304 28 c13400
304 29 c13400
304 2a c13400
304 2b c13400
304 2c c13400
304 2d c13400
304 2e c13400
304 2f c13400
304 30 c01440
304 31 c01440
304 32 c01440
304 33 c01440
304 34 c01440
304 35 c01440
304 36 c01440
304 37 c01440
304 38 c01440
304 39 c01440
304 3a c01440
304 3b c01440
304 3c c01440
304 3d c01440
304 3e c01440
304 3f c01440
304 40 c13400
304 41 c13400
304 42 c13400
304 43 c13400
304 44 c13400
304 45 c13400
304 46 c13400
304 47 c13400
304 48 c13400
304 49 c13400
304 4a c13400
304 4b c13400
304 4c c13400
304 4d c13400
304 4e c13400
304 4f c13400
304 50 c01440
304 51 c01440
304 52 c01440
304 53 c01440
304 54 c01440
304 55 c01440
304 56 c01440
304 57 c01440
304 58 c01440
304 59 c01440
304 5a c01440
304 5b c01440
304 5c c01440
304 5d c01440
304 5e c01440
304 5f c01440
304 60 c13400
304 61 c13400
304 62 c13400
304 63 c13400
304 64 c13400
304 65 c13400
304 66 c13400
304 67 c13400
304 68 c13400
304 69 c13400
304 6a c13400
304 6b c13400
304 6c c13400
304 6d c13400
304 6e c13400
304 6f c13400
304 70 c01440
304 71 c01440
304 72 c01440
304 73 c01440
304 74 c01440
304 75 c01440
304 76 c01440
304 77 c01440
304 78 c01440
304 79 c01440
304 7a c01440
304 7b c01440
304 7c c01440
304 7d c01440
304 7e c01440
304 7f c01440
304 80 c13400
304 81 c13400
304 82 c13400
304 83 c13400
304 84 c13400
304 85 c13400
304 86 c13400
304 87 c13400
304 88 c13400
304 89 c13400
304 8a c13400
304 8b c13400
304 8c c13400
304 8d c13400
304 8e c13400
304 8f c13400
304 90 c01440
304 91 c01440
304 92 c01440
304 93 c01440
304 94 c01440
304 95 c01440
304 96 c01440
304 97 c01440
304 98 c01440
304 99 c01440
304 9a c01440
304 9b c01440
304 9c c01440
304 9d c01440
304 9e c01440
304 9f c01440
304 a0 c13400
304 a1 c13400
304 a2 c13400
304 a3 c13400
304 a4 c13400
304 a5 c13400
304 a6 c13400
304 a7 c13400
304 a8 c13400
304 a9 c13400
304 aa c13400
304 ab c13400
304 ac c13400
304 ad c13400
304 ae c13400
304 af c13400
304 b0 c01440
304 b1 c01440
304 b2 c01440
304 b3 c01440
304 b4 c01440
304 b5 c01440
304 b6 c01440
304 b7 c01440
304 b8 c01440
304 b9 c01440
304 ba c01440
304 bb c01440
304 bc c01440
304 bd c01440
304 be c01440
304 bf c01440
304 c0 c13400
304 c1 c13400
304 c2 c13400
304 c3 c13400
304 c4 c13400
304 c5 c13400
304 c6 c13400
304 c7 c13400
304 c8 c13400
304 c9 c13400
304 ca c13400
304 cb c13400
304 cc c13400
304 cd c13400
304 ce c13400
304 cf c13400
304 d0 c01440
304 d1 c01440
304 d2 c01440
304 d3 c01440
304 d4 c01440
304 d5 c01440
304 d6 c01440
304 d7 c01440
304 d8 c01440
304 d9 c01440
304 da c01440
304 db c01440
304 dc c01440
304 dd c01440
304 de c01440
304 df c01440
304 e0 c13400
304 e1 c13400
304 e2 c13400
304 e3 c13400
304 e4 c13400
304 e5 c13400
304 e6 c13400
304 e7 c13400
304 e8 c13400
304 e9 c13400
304 ea c13400
304 eb c13400
304 ec c13400
304 ed c13400
304 ee c13400
304 ef c13400
304 f0 c01440
304 f1 c01440
304 f2 c01440
304 f3 c01440
304 f4 c01440
304 f5 c01440
304 f6 c01440
304 f7 c01440
304 f8 c01440
304 f9 c01440
304 fa c01440
304 fb c01440
304 fc c01440
304 fd c01440
304 fe c01440
304 ff c01440
307 00 c1f400
307 01 c1f400
307 02 c1f400
307 03 c1f400
307 04 c1f400
307 05 c1f400
307 06 c1f400
307 07 c1f400
307 08 c1f400
307 09 c1f400
307 0a c1f400
307 0b c1f400
307 0c c1f400
307 0d c1f400
307 0e c1f400
307 0f c1f400
307 10 c3d440
307 11 c3d440
307 12 c3d440
307 13 c3d440
307 14 c3d440
307 15 c3d440
307 16 c3d440
307 17 c3d440
307 18 c3d440
307 19 c3d440
307 1a c3d440
307 1b c3d440
307 1c c3d440
307 1d c3d440
307 1e c3d440
307 1f c3d440
307 20 c1f400
307 21 c1f400
307 22 c1f400
307 23 c1f400
307 24 c1f400
307 25 c1f400
307 26 c1f400
307 27 c1f400
307 28 c1f400
307 29 c1f400
307 2a c1f400
307 2b c1f400
307 2c c1f400
307 2d c1f400
307 2e c1f400
307 2f c1f400
307 30 c3d440
307 31 c3d440
307 32 c3d440
307 33 c3d440
307 34 c3d440
307 35 c3d440
307 36 c3d440
307 37 c3d440
307 38 c3d440
307 39 c3d440
307 3a c3d440
307 3b c3d440
307 3c c3d440
307 3d c3d440
307 3e c3d440
307 3f c3d440
307 40 c1f400
307 41 c1f400
307 42 c1f400
307 43 c1f400
307 44 c1f400
307 45 c1f400
307 46 c1f400
307 47 c1f400
307 48 c1f400
307 49 c1f400
307 4a c1f400
307 4b c1f400
307 4c c1f400
307 4d c1f400
307 4e c1f400
307 4f c1f400
307 50 c3d440
307 51 c3d440
307 52 c3d440
307 53 c3d440
307 54 c3d440
307 55 c3d440
307 56 c3d440
307 57 c3d440
307 58 c3d440
307 59 c3d440
307 5a c3d440
307 5b c3d440
307 5c c3d440
307 5d c3d440
307 5e c3d440
307 5f c3d440
307 60 c1f400
307 61 c1f400
307 62 c1f400
307 63 c1f400
307 64 c1f400
307 65 c1f400
307 66 c1f400
307 67 c1f400
307 68 c1f400
307 69 c1f400
307 6a c1f400
307 6b c1f400
307 6c c1f400
307 6d c1f400
307 6e c1f400
307 6f c1f400
307 70 c3d440
307 71 c3d440
307 72 c3d440
307 73 c3d440
307 74 c3d440
307 75 c3d440
307 76 c3d440
307 77 c3d440
307 78 c3d440
307 79 c3d440
307 7a c3d440
307 7b c3d440
307 7c c3d440
307 7d c3d440
307 7e c3d440
307 7f c3d440
307 80 c1f400
307 81 c1f400
307 82 c1f400
307 83 c1f400
307 84 c1f400
307 85 c1f400
307 86 c1f400
307 87 c1f400
307 88 c1f400
307 89 c1f400
307 8a c1f400
307 8b c1f400
307 8c c1f400
307 8d c1f400
307 8e c1f400
307 8f c1f400
307 90 c3d440
307 91 c3d440
307 92 c3d440
307 93 c3d440
307 94 c3d440
307 95 c3d440
307 96 c3d440
307 97 c3d440
307 98 c3d440
307 99 c3d440
307 9a c3d440
307 9b c3d440
307 9c c3d440
307 9d c3d440
307 9e c3d440
307 9f c3d440
307 a0 c1f400
307 a1 c1f400
307 a2 c1f400
307 a3 c1f400
307 a4 c1f400
307 a5 c1f400
307 a6 c1f400
307 a7 c1f400
307 a8 c1f400
307 a9 c1f400
307 aa c1f400
307 ab c1f400
307 ac c1f400
307 ad c1f400
307 ae c1f400
307 af c1f400
307 b0 c3d440
307 b1 c3d440
307 b2 c3d440
307 b3 c3d440
307 b4 c3d440
307 b5 c3d440
307 b6 c3d440
307 b7 c3d440
307 b8 c3d440
307 b9 c3d440
307 ba c3d440
307 bb c3d440
307 bc c3d440
307 bd c3d440
307 be c3d440
307 bf c3d440
307 c0 c1f400
307 c1 c1f400
307 c2 c1f400
307 c3 c1f400
307 c4 c1f400
307 c5 c1f400
307 c6 c1f400
307 c7 c1f400
307 c8 c1f400
307 c9 c1f400
307 ca c1f400
307 cb c1f400
307 cc c1f400
307 cd c1f400
307 ce c1f400
307 cf c1f400
307 d0 c3d440
307 d1 c3d440
307 d2 c3d440
307 d3 c3d440
307 d4 c3d440
307 d5 c3d440
307 d6 c3d440
307 d7 c3d440
307 d8 c3d440
307 d9 c3d440
307 da c3d440
307 db c3d440
307 dc c3d440
307 dd c3d440
307 de c3d440
307 df c3d440
307 e0 c1f400
307 e1 c1f400
307 e2 c1f400
307 e3 c1f400
307 e4 c1f400
307 e5 c1f400
307 e6 c1f400
307 e7 c1f400
307 e8 c1f400
307 e9 c1f400
307 ea c1f400
307 eb c1f400
307 ec c1f400
307 ed c1f400
307 ee c1f400
307 ef c1f400
307 f0 c3d440
307 f1 c3d440
307 f2 c3d440
307 f3 c3d440
307 f4 c3d440
307 f5 c3d440
307 f6 c3d440
307 f7 c3d440
307 f8 c3d440
307 f9 c3d440
307 fa c3d440
307 fb c3d440
307 fc c3d440
307 fd c3d440
307 fe c3d440
307 ff c3d440
305 00 c17800
305 01 c17800
305 02 c17800
305 03 c17800
305 04 c17800
305 05 c17800
305 06 c17800
305 07 c17800
305 08 c17800
305 09 c17800
305 0a c17800
305 0b c17800
305 0c c17800
305 0d c17800
305 0e c17800
305 0f c17800
305 10 c14840
305 11 c14840
305 12 c14840
305 13 c14840
305 14 c14840
305 15 c14840
305 16 c14840
305 17 c14840
305 18 c14840
305 19 c14840
305 1a c14840
305 1b c14840
305 1c c14840
305 1d c14840
305 1e c14840
305 1f c14840
305 20 c17800
305 21 c17800
305 22 c17800
305 23 c17800
305 24 c17800
305 25 c17800
305 26 c17800
305 27 c17800
305 28 c17800
305 29 c17800
305 2a c17800
305 2b c17800
305 2c c17800
305 2d c17800
305 2e c17800
305 2f c17800
305 30 c14840
305 31 c14840
305 32 c14840
305 33 c14840
305 34 c14840
305 35 c14840
305 36 c14840
305 37 c14840
305 38 c14840
305 39 c14840
305 3a c14840
305 3b c14840
305 3c c14840
305 3d c14840
305 3e c14840
305 3f c14840
305 40 c17800
305 41 c17800
305 42 c17800
305 43 c17800
305 44 c17800
305 45 c17800
305 46 c17800
305 47 c17800
305 48 c17800
305 49 c17800
305 4a c17800
305 4b c17800
305 4c c17800
305 4d c17800
305 4e c17800
305 4f c17800
305 50 c14840
305 51 c14840
305 52 c14840
305 53 c14840
305 54 c14840
305 55 c14840
305 56 c14840
305 57 c14840
305 58 c14840
305 59 c14840
305 5a c14840
305 5b c14840
305 5c c14840
305 5d c14840
305 5e c14840
305 5f c14840
305 60 c17800
305 61 c17800
305 62 c17800
305 63 c17800
305 64 c17800
305 65 c17800
305 66 c17800
305 67 c17800
305 68 c17800
305 69 c17800
305 6a c17800
305 6b c17800
305 6c c17800
305 6d c17800
305 6e c17800
305 6f c17800
305 70 c14840
305 71 c14840
305 72 c14840
305 73 c14840
305 74 c14840
305 75 c14840
305 76 c14840
305 77 c14840
305 78 c14840
305 79 c14840
305 7a c14840
305 7b c14840
305 7c c14840
305 7d c14840
305 7e c14840
305 7f c14840
305 80 c17800
305 81 c17800
305 82 c17800
305 83 c17800
305 84 c17800
305 85 c17800
305 86 c17800
305 87 c17800
305 88 c17800
305 89 c17800
305 8a c17800
305 8b c17800
305 8c c17800
305 8d c17800
305 8e c17800
305 8f c17800
305 90 c14840
305 91 c14840
305 92 c14840
305 93 c14840
305 94 c14840
305 95 c14840
305 96 c14840
305 97 c14840
305 98 c14840
305 99 c14840
305 9a c14840
305 9b c14840
305 9c c14840
305 9d c14840
305 9e c14840
305 9f c14840
305 a0 c17800
305 a1 c17800
305 a2 c17800
305 a3 c17800
305 a4 c17800
305 a5 c17800
305 a6 c17800
305 a7 c17800
305 a8 c17800
305 a9 c17800
305 aa c17800
305 ab c17800
305 ac c17800
305 ad c17800
305 ae c17800
305 af c17800
305 b0 c14840
305 b1 c14840
305 b2 c14840
305 b3 c14840
305 b4 c14840
305 b5 c14840
305 b6 c14840
305 b7 c14840
305 b8 c14840
305 b9 c14840
305 ba c14840
305 bb c14840
305 bc c14840
305 bd c14840
305 be c14840
305 bf c14840
305 c0 c17800
305 c1 c17800
305 c2 c17800
305 c3 c17800
305 c4 c17800
305 c5 c17800
305 c6 c17800
305 c7 c17800
305 c8 c17800
305 c9 c17800
305 ca c17800
305 cb c17800
305 cc c17800
305 cd c17800
305 ce c17800
305 cf c17800
305 d0 c14840
305 d1 c14840
305 d2 c14840
305 d3 c14840
305 d4 c14840
305 d5 c14840
305 d6 c14840
305 d7 c14840
305 d8 c14840
305 d9 c14840
305 da c14840
305 db c14840
305 dc c14840
305 dd c14840
305 de c14840
305 df c14840
305 e0 c17800
305 e1 c17800
305 e2 c17800
305 e3 c17800
305 e4 c17800
305 e5 c17800
305 e6 c17800
305 e7 c17800
305 e8 c17800
305 e9 c17800
305 ea c17800
305 eb c17800
305 ec c17800
305 ed c17800
305 ee c17800
305 ef c17800
305 f0 c14840
305 f1 c14840
305 f2 c14840
305 f3 c14840
305 f4 c14840
305 f5 c14840
305 f6 c14840
305 f7 c14840
305 f8 c14840
305 f9 c14840
305 fa c14840
305 fb c14840
305 fc c14840
305 fd c14840
305 fe c14840
305 ff c14840
330 00 cc3000
330 01 cc3000
330 02 cc3000
330 03 cc3000
330 04 cc3000
330 05 cc3000
330 06 cc3000
330 07 cc3000
330 08 cc3000
330 09 cc3000
330 0a cc3000
330 0b cc3000
330 0c cc3000
330 0d cc3000
330 0e cc3000
330 0f cc3000
330 10 cc3000
330 11 cc3000
330 12 cc3000
330 13 cc3000
330 14 cc3000
330 15 cc3000
330 16 cc3000
330 17 cc3000
330 18 cc3000
330 19 cc3000
330 1a cc3000
330 1b cc3000
330 1c cc3000
330 1d cc3000
330 1e cc3000
330 1f cc3000
330 20 cc3000
330 21 cc3000
330 22 cc3000
330 23 cc3000
330 24 cc3000
330 25 cc3000
330 26 cc3000
330 27 cc3000
330 28 cc3000
330 29 cc3000
330 2a cc3000
330 2b cc3000
330 2c cc3000
330 2d cc3000
330 2e cc3000
330 2f cc3000
330 30 cc3000
330 31 cc3000
330 32 cc3000
330 33 cc3000
330 34 cc3000
330 35 cc3000
330 36 cc3000
330 37 cc3000
330 38 cc3000
330 39 cc3000
330 3a cc3000
330 3b cc3000
330 3c cc3000
330 3d cc3000
330 3e cc3000
330 3f cc3000
330 40 cc3000
330 41 cc3000
330 42 cc3000
330 43 cc3000
330 44 cc3000
330 45 cc3000
330 46 cc3000
330 47 cc3000
330 48 cc3000
330 49 cc3000
330 4a cc3000
330 4b cc3000
330 4c cc3000
330 4d cc3000
330 4e cc3000
330 4f cc3000
330 50 cc3000
330 51 cc3000
330 52 cc3000
330 53 cc3000
330 54 cc3000
330 55 cc3000
330 56 cc3000
330 57 cc3000
330 58 cc3000
330 59 cc3000
330 5a cc3000
330 5b cc3000
330 5c cc3000
330 5d cc3000
330 5e cc3000
330 5f cc3000
330 60 cc3000
330 61 cc3000
330 62 cc3000
330 63 cc3000
330 64 cc3000
330 65 cc3000
330 66 cc3000
330 67 cc3000
330 68 cc3000
330 69 cc3000
330 6a cc3000
330 6b cc3000
330 6c cc3000
330 6d cc3000
330 6e cc3000
330 6f cc3000
330 70 cc3000
330 71 cc3000
330 72 cc3000
330 73 cc3000
330 74 cc3000
330 75 cc3000
330 76 cc3000
330 77 cc3000
330 78 cc3000
330 79 cc3000
330 7a cc3000
330 7b cc3000
330 7c cc3000
330 7d cc3000
330 7e cc3000
330 7f cc3000
330 80 cc3000
330 81 cc3000
330 82 cc3000
330 83 cc3000
330 84 cc3000
330 85 cc3000
330 86 cc3000
330 87 cc3000
330 88 cc3000
330 89 cc3000
330 8a cc3000
330 8b cc3000
330 8c cc3000
330 8d cc3000
330 8e cc3000
330 8f cc3000
330 90 cc3000
330 91 cc3000
330 92 cc3000
330 93 cc3000
330 94 cc3000
330 95 cc3000
330 96 cc3000
330 97 cc3000
330 98 cc3000
330 99 cc3000
330 9a cc3000
330 9b cc3000
330 9c cc3000
330 9d cc3000
330 9e cc3000
330 9f cc3000
330 a0 cc3000
330 a1 cc3000
330 a2 cc3000
330 a3 cc3000
330 a4 cc3000
330 a5 cc3000
330 a6 cc3000
330 a7 cc3000
330 a8 cc3000
330 a9 cc3000
330 aa cc3000
330 ab cc3000
330 ac cc3000
330 ad cc3000
330 ae cc3000
330 af cc3000
330 b0 cc3000
330 b1 cc3000
330 b2 cc3000
330 b3 cc3000
330 b4 cc3000
330 b5 cc3000
330 b6 cc3000
330 b7 cc3000
330 b8 cc3000
330 b9 cc3000
330 ba cc3000
330 bb cc3000
330 bc cc3000
330 bd cc3000
330 be cc3000
330 bf cc3000
330 c0 cc3000
330 c1 cc3000
330 c2 cc3000
330 c3 cc3000
330 c4 cc3000
330 c5 cc3000
330 c6 cc3000
330 c7 cc3000
330 c8 cc3000
330 c9 cc3000
330 ca cc3000
330 cb cc3000
330 cc cc3000
330 cd cc3000
330 ce cc3000
330 cf cc3000
330 d0 cc3000
330 d1 cc3000
330 d2 cc3000
330 d3 cc3000
330 d4 cc3000
330 d5 cc3000
330 d6 cc3000
330 d7 cc3000
330 d8 cc3000
330 d9 cc3000
330 da cc3000
330 db cc3000
330 dc cc3000
330 dd cc3000
330 de cc3000
330 df cc3000
330 e0 cc3000
330 e1 cc3000
330 e2 cc3000
330 e3 cc3000
330 e4 cc3000
330 e5 cc3000
330 e6 cc3000
330 e7 cc3000
330 e8 cc3000
330 e9 cc3000
330 ea cc3000
330 eb cc3000
330 ec cc3000
330 ed cc3000
330 ee cc3000
330 ef cc3000
330 f0 cc3000
330 f1 cc3000
330 f2 cc3000
330 f3 cc3000
330 f4 cc3000
330 f5 cc3000
330 f6 cc3000
330 f7 cc3000
330 f8 cc3000
330 f9 cc3000
330 fa cc3000
330 fb cc3000
330 fc cc3000
330 fd cc3000
330 fe cc3000
330 ff cc3000
333 00 ccf000
333 01 ccf000
333 02 ccf000
333 03 ccf000
333 04 ccf000
333 05 ccf000
333 06 ccf000
333 07 ccf000
333 08 ccf000
333 09 ccf000
333 0a ccf000
333 0b ccf000
333 0c ccf000
333 0d ccf000
333 0e ccf000
333 0f ccf000
333 10 ccf000
333 11 ccf000
333 12 ccf000
333 13 ccf000
333 14 ccf000
333 15 ccf000
333 16 ccf000
333 17 ccf000
333 18 ccf000
333 19 ccf000
333 1a ccf000
333 1b ccf000
333 1c ccf000
333 1d ccf000
333 1e ccf000
333 1f ccf000
333 20 cce080
333 21 cce080
333 22 cce080
333 23 cce080
333 24 cce080
333 25 cce080
333 26 cce080
333 27 cce080
333 28 cce080
333 29 cce080
333 2a cce080
333 2b cce080
333 2c cce080
333 2d cce080
333 2e cce080
333 2f cce080
333 30 cce080
333 31 cce080
333 32 cce080
333 33 cce080
333 34 cce080
333 35 cce080
333 36 cce080
333 37 cce080
333 38 cce080
333 39 cce080
333 3a cce080
333 3b cce080
333 3c cce080
333 3d cce080
333 3e cce080
333 3f cce080
333 40 ccf000
333 41 ccf000
333 42 ccf000
333 43 ccf000
333 44 ccf000
333 45 ccf000
333 46 ccf000
333 47 ccf000
333 48 ccf000
333 49 ccf000
333 4a ccf000
333 4b ccf000
333 4c ccf000
333 4d ccf000
333 4e ccf000
333 4f ccf000
333 50 ccf000
333 51 ccf000
333 52 ccf000
333 53 ccf000
333 54 ccf000
333 55 ccf000
333 56 ccf000
333 57 ccf000
333 58 ccf000
333 59 ccf000
333 5a ccf000
333 5b ccf000
333 5c ccf000
333 5d ccf000
333 5e ccf000
333 5f ccf000
333 60 cce080
333 61 cce080
333 62 cce080
333 63 cce080
333 64 cce080
333 65 cce080
333 66 cce080
333 67 cce080
333 68 cce080
333 69 cce080
333 6a cce080
333 6b cce080
333 6c cce080
333 6d cce080
333 6e cce080
333 6f cce080
333 70 cce080
333 71 cce080
333 72 cce080
333 73 cce080
333 74 cce080
333 75 cce080
333 76 cce080
333 77 cce080
333 78 cce080
333 79 cce080
333 7a cce080
333 7b cce080
333 7c cce080
333 7d cce080
333 7e cce080
333 7f cce080
333 80 ccf000
333 81 ccf000
333 82 ccf000
333 83 ccf000
333 84 ccf000
333 85 ccf000
333 86 ccf000
333 87 ccf000
333 88 ccf000
333 89 ccf000
333 8a ccf000
333 8b ccf000
333 8c ccf000
333 8d ccf000
333 8e ccf000
333 8f ccf000
333 90 ccf000
333 91 ccf000
333 92 ccf000
333 93 ccf000
333 94 ccf000
333 95 ccf000
333 96 ccf000
333 97 ccf000
333 98 ccf000
333 99 ccf000
333 9a ccf000
333 9b ccf000
333 9c ccf000
333 9d ccf000
333 9e ccf000
333 9f ccf000
333 a0 cce080
333 a1 cce080
333 a2 cce080
333 a3 cce080
333 a4 cce080
333 a5 cce080
333 a6 cce080
333 a7 cce080
333 a8 cce080
333 a9 cce080
333 aa cce080
333 ab cce080
333 ac cce080
333 ad cce080
333 ae cce080
333 af cce080
333 b0 cce080
333 b1 cce080
333 b2 cce080
333 b3 cce080
333 b4 cce080
333 b5 cce080
333 b6 cce080
333 b7 cce080
333 b8 cce080
333 b9 cce080
333 ba cce080
333 bb cce080
333 bc cce080
333 bd cce080
333 be cce080
333 bf cce080
333 c0 ccf000
333 c1 ccf000
333 c2 ccf000
333 c3 ccf000
333 c4 ccf000
333 c5 ccf000
333 c6 ccf000
333 c7 ccf000
333 c8 ccf000
333 c9 ccf000
333 ca ccf000
333 cb ccf000
333 cc ccf000
333 cd ccf000
333 ce ccf000
333 cf ccf000
333 d0 ccf000
333 d1 ccf000
333 d2 ccf000
333 d3 ccf000
333 d4 ccf000
333 d5 ccf000
333 d6 ccf000
333 d7 ccf000
333 d8 ccf000
333 d9 ccf000
333 da ccf000
333 db ccf000
333 dc ccf000
333 dd ccf000
333 de ccf000
333 df ccf000
333 e0 cce080
333 e1 cce080
333 e2 cce080
333 e3 cce080
333 e4 cce080
333 e5 cce080
333 e6 cce080
333 e7 cce080
333 e8 cce080
333 e9 cce080
333 ea cce080
333 eb cce080
333 ec cce080
333 ed cce080
333 ee cce080
333 ef cce080
333 f0 cce080
333 f1 cce080
333 f2 cce080
333 f3 cce080
333 f4 cce080
333 f5 cce080
333 f6 cce080
333 f7 cce080
333 f8 cce080
333 f9 cce080
333 fa cce080
333 fb cce080
333 fc cce080
333 fd cce080
333 fe cce080
333 ff cce080
331 00 cc7400
331 01 cc7400
331 02 cc7400
331 03 cc7400
331 04 cc7400
331 05 cc7400
331 06 cc7400
331 07 cc7400
331 08 cc7400
331 09 cc7400
331 0a cc7400
331 0b cc7400
331 0c cc7400
331 0d cc7400
331 0e cc7400
331 0f cc7400
331 10 cc7400
331 11 cc7400
331 12 cc7400
331 13 cc7400
331 14 cc7400
331 15 cc7400
331 16 cc7400
331 17 cc7400
331 18 cc7400
331 19 cc7400
331 1a cc7400
331 1b cc7400
331 1c cc7400
331 1d cc7400
331 1e cc7400
331 1f cc7400
331 20 ccd480
331 21 ccd480
331 22 ccd480
331 23 ccd480
331 24 ccd480
331 25 ccd480
331 26 ccd480
331 27 ccd480
331 28 ccd480
331 29 ccd480
331 2a ccd480
331 2b ccd480
331 2c ccd480
331 2d ccd480
331 2e ccd480
331 2f ccd480
331 30 ccd480
331 31 ccd480
331 32 ccd480
331 33 ccd480
331 34 ccd480
331 35 ccd480
331 36 ccd480
331 37 ccd480
331 38 ccd480
331 39 ccd480
331 3a ccd480
331 3b ccd480
331 3c ccd480
331 3d ccd480
331 3e ccd480
331 3f ccd480
331 40 cc7400
331 41 cc7400
331 42 cc7400
331 43 cc7400
331 44 cc7400
331 45 cc7400
331 46 cc7400
331 47 cc7400
331 48 cc7400
331 49 cc7400
331 4a cc7400
331 4b cc7400
331 4c cc7400
331 4d cc7400
331 4e cc7400
331 4f cc7400
331 50 cc7400
331 51 cc7400
331 52 cc7400
331 53 cc7400
331 54 cc7400
331 55 cc7400
331 56 cc7400
331 57 cc7400
331 58 cc7400
331 59 cc7400
331 5a cc7400
331 5b cc7400
331 5c cc7400
331 5d cc7400
331 5e cc7400
331 5f cc7400
331 60 ccd480
331 61 ccd480
331 62 ccd480
331 63 ccd480
331 64 ccd480
331 65 ccd480
331 66 ccd480
331 67 ccd480
331 68 ccd480
331 69 ccd480
331 6a ccd480
331 6b ccd480
331 6c ccd480
331 6d ccd480
331 6e ccd480
331 6f ccd480
331 70 ccd480
331 71 ccd480
331 72 ccd480
331 73 ccd480
331 74 ccd480
331 75 ccd480
331 76 ccd480
331 77 ccd480
331 78 ccd480
331 79 ccd480
331 7a ccd480
331 7b ccd480
331 7c ccd480
331 7d ccd480
331 7e ccd480
331 7f ccd480
331 80 cc7400
331 81 cc7400
331 82 cc7400
331 83 cc7400
331 84 cc7400
331 85 cc7400
331 86 cc7400
331 87 cc7400
331 88 cc7400
331 89 cc7400
331 8a cc7400
331 8b cc7400
331 8c cc7400
331 8d cc7400
331 8e cc7400
331 8f cc7400
331 90 cc7400
331 91 cc7400
331 92 cc7400
331 93 cc7400
331 94 cc7400
331 95 cc7400
331 96 cc7400
331 97 cc7400
331 98 cc7400
331 99 cc7400
331 9a cc7400
331 9b cc7400
331 9c cc7400
331 9d cc7400
331 9e cc7400
331 9f cc7400
331 a0 ccd480
331 a1 ccd480
331 a2 ccd480
331 a3 ccd480
331 a4 ccd480
331 a5 ccd480
331 a6 ccd480
331 a7 ccd480
331 a8 ccd480
331 a9 ccd480
331 aa ccd480
331 ab ccd480
331 ac ccd480
331 ad ccd480
331 ae ccd480
331 af ccd480
331 b0 ccd480
331 b1 ccd480
331 b2 ccd480
331 b3 ccd480
331 b4 ccd480
331 b5 ccd480
331 b6 ccd480
331 b7 ccd480
331 b8 ccd480
331 b9 ccd480
331 ba ccd480
331 bb ccd480
331 bc ccd480
331 bd ccd480
331 be ccd480
331 bf ccd480
331 c0 cc7400
331 c1 cc7400
331 c2 cc7400
331 c3 cc7400
331 c4 cc7400
331 c5 cc7400
331 c6 cc7400
331 c7 cc7400
331 c8 cc7400
331 c9 cc7400
331 ca cc7400
331 cb cc7400
331 cc cc7400
331 cd cc7400
331 ce cc7400
331 cf cc7400
331 d0 cc7400
331 d1 cc7400
331 d2 cc7400
331 d3 cc7400
331 d4 cc7400
331 d5 cc7400
331 d6 cc7400
331 d7 cc7400
331 d8 cc7400
331 d9 cc7400
331 da cc7400
331 db cc7400
331 dc cc7400
331 dd cc7400
331 de cc7400
331 df cc7400
331 e0 ccd480
331 e1 ccd480
331 e2 ccd480
331 e3 ccd480
331 e4 ccd480
331 e5 ccd480
331 e6 ccd480
331 e7 ccd480
331 e8 ccd480
331 e9 ccd480
331 ea ccd480
331 eb ccd480
331 ec ccd480
331 ed ccd480
331 ee ccd480
331 ef ccd480
331 f0 ccd480
331 f1 ccd480
331 f2 ccd480
331 f3 ccd480
331 f4 ccd480
331 f5 ccd480
331 f6 ccd480
331 f7 ccd480
331 f8 ccd480
331 f9 ccd480
331 fa ccd480
331 fb ccd480
331 fc ccd480
331 fd ccd480
331 fe ccd480
331 ff ccd480
33c 00 cf3000
33c 01 cf3000
33c 02 cf3000
33c 03 cf3000
33c 04 cf3000
33c 05 cf3000
33c 06 cf3000
33c 07 cf3000
33c 08 cf3000
33c 09 cf3000
33c 0a cf3000
33c 0b cf3000
33c 0c cf3000
33c 0d cf3000
33c 0e cf3000
33c 0f cf3000
33c 10 cf3000
33c 11 cf3000
33c 12 cf3000
33c 13 cf3000
33c 14 cf3000
33c 15 cf3000
33c 16 cf3000
33c 17 cf3000
33c 18 cf3000
33c 19 cf3000
33c 1a cf3000
33c 1b cf3000
33c 1c cf3000
33c 1d cf3000
33c 1e cf3000
33c 1f cf3000
33c 20 cf2081
33c 21 cf2081
33c 22 cf2081
33c 23 cf2081
33c 24 cf2081
33c 25 cf2081
33c 26 cf2081
33c 27 cf2081
33c 28 cf2081
33c 29 cf2081
33c 2a cf2081
33c 2b cf2081
33c 2c cf2081
33c 2d cf2081
33c 2e cf2081
33c 2f cf2081
33c 30 cf2081
33c 31 cf2081
33c 32 cf2081
33c 33 cf2081
33c 34 cf2081
33c 35 cf2081
33c 36 cf2081
33c 37 cf2081
33c 38 cf2081
33c 39 cf2081
33c 3a cf2081
33c 3b cf2081
33c 3c cf2081
33c 3d cf2081
33c 3e cf2081
33c 3f cf2081
33c 40 cf3000
33c 41 cf3000
33c 42 cf3000
33c 43 cf3000
33c 44 cf3000
33c 45 cf3000
33c 46 cf3000
33c 47 cf3000
33c 48 cf3000
33c 49 cf3000
33c 4a cf3000
33c 4b cf3000
33c 4c cf3000
33c 4d cf3000
33c 4e cf3000
33c 4f cf3000
33c 50 cf3000
33c 51 cf3000
33c 52 cf3000
33c 53 cf3000
33c 54 cf3000
33c 55 cf3000
33c 56 cf3000
33c 57 cf3000
33c 58 cf3000
33c 59 cf3000
33c 5a cf3000
33c 5b cf3000
33c 5c cf3000
33c 5d cf3000
33c 5e cf3000
33c 5f cf3000
33c 60 cf2081
33c 61 cf2081
33c 62 cf2081
33c 63 cf2081
33c 64 cf2081
33c 65 cf2081
33c 66 cf2081
33c 67 cf2081
33c 68 cf2081
33c 69 cf2081
33c 6a cf2081
33c 6b cf2081
33c 6c cf2081
33c 6d cf2081
33c 6e cf2081
33c 6f cf2081
33c 70 cf2081
33c 71 cf2081
33c 72 cf2081
33c 73 cf2081
33c 74 cf2081
33c 75 cf2081
33c 76 cf2081
33c 77 cf2081
33c 78 cf2081
33c 79 cf2081
33c 7a cf2081
33c 7b cf2081
33c 7c cf2081
33c 7d cf2081
33c 7e cf2081
33c 7f cf2081
33c 80 cf3000
33c 81 cf3000
33c 82 cf3000
33c 83 cf3000
33c 84 cf3000
33c 85 cf3000
33c 86 cf3000
33c 87 cf3000
33c 88 cf3000
33c 89 cf3000
33c 8a cf3000
33c 8b cf3000
33c 8c cf3000
33c 8d cf3000
33c 8e cf3000
33c 8f cf3000
33c 90 cf3000
33c 91 cf3000
33c 92 cf3000
33c 93 cf3000
33c 94 cf3000
33c 95 cf3000
33c 96 cf3000
33c 97 cf3000
33c 98 cf3000
33c 99 cf3000
33c 9a cf3000
33c 9b cf3000
33c 9c cf3000
33c 9d cf3000
33c 9e cf3000
33c 9f cf3000
33c a0 cf2081
33c a1 cf2081
33c a2 cf2081
33c a3 cf2081
33c a4 cf2081
33c a5 cf2081
33c a6 cf2081
33c a7 cf2081
33c a8 cf2081
33c a9 cf2081
33c aa cf2081
33c ab cf2081
33c ac cf2081
33c ad cf2081
33c ae cf2081
33c af cf2081
33c b0 cf2081
33c b1 cf2081
33c b2 cf2081
33c b3 cf2081
33c b4 cf2081
33c b5 cf2081
33c b6 cf2081
33c b7 cf2081
33c b8 cf2081
33c b9 cf2081
33c ba cf2081
33c bb cf2081
33c bc cf2081
33c bd cf2081
33c be cf2081
33c bf cf2081
33c c0 cf3000
33c c1 cf3000
33c c2 cf3000
33c c3 cf3000
33c c4 cf3000
33c c5 cf3000
33c c6 cf3000
33c c7 cf3000
33c c8 cf3000
33c c9 cf3000
33c ca cf3000
33c cb cf3000
33c cc cf3000
33c cd cf3000
33c ce cf3000
33c cf cf3000
33c d0 cf3000
33c d1 cf3000
33c d2 cf3000
33c d3 cf3000
33c d4 cf3000
33c d5 cf3000
33c d6 cf3000
33c d7 cf3000
33c d8 cf3000
33c d9 cf3000
33c da cf3000
33c db cf3000
33c dc cf3000
33c dd cf3000
33c de cf3000
33c df cf3000
33c e0 cf2081
33c e1 cf2081
33c e2 cf2081
33c e3 cf2081
33c e4 cf2081
33c e5 cf2081
33c e6 cf2081
33c e7 cf2081
33c e8 cf2081
33c e9 cf2081
33c ea cf2081
33c eb cf2081
33c ec cf2081
33c ed cf2081
33c ee cf2081
33c ef cf2081
33c f0 cf2081
33c f1 cf2081
33c f2 cf2081
33c f3 cf2081
33c f4 cf2081
33c f5 cf2081
33c f6 cf2081
33c f7 cf2081
33c f8 cf2081
33c f9 cf2081
33c fa cf2081
33c fb cf2081
33c fc cf2081
33c fd cf2081
33c fe cf2081
33c ff cf2081
33f 00 cff000
33f 01 cff000
33f 02 cff000
33f 03 cff000
33f 04 cff000
33f 05 cff000
33f 06 cff000
33f 07 cff000
33f 08 cff000
33f 09 cff000
33f 0a cff000
33f 0b cff000
33f 0c cff000
33f 0d cff000
33f 0e cff000
33f 0f cff000
33f 10 cff000
33f 11 cff000
33f 12 cff000
33f 13 cff000
33f 14 cff000
33f 15 cff000
33f 16 cff000
33f 17 cff000
33f 18 cff000
33f 19 cff000
33f 1a cff000
33f 1b cff000
33f 1c cff000
33f 1d cff000
33f 1e cff000
33f 1f cff000
33f 20 cff000
33f 21 cff000
33f 22 cff000
33f 23 cff000
33f 24 cff000
33f 25 cff000
33f 26 cff000
33f 27 cff000
33f 28 cff000
33f 29 cff000
33f 2a cff000
33f 2b cff000
33f 2c cff000
33f 2d cff000
33f 2e cff000
33f 2f cff000
33f 30 cff000
33f 31 cff000
33f 32 cff000
33f 33 cff000
33f 34 cff000
33f 35 cff000
33f 36 cff000
33f 37 cff000
33f 38 cff000
33f 39 cff000
33f 3a cff000
33f 3b cff000
33f 3c cff000
33f 3d cff000
33f 3e cff000
33f 3f cff000
33f 40 cff000
33f 41 cff000
33f 42 cff000
33f 43 cff000
33f 44 cff000
33f 45 cff000
33f 46 cff000
33f 47 cff000
33f 48 cff000
33f 49 cff000
33f 4a cff000
33f 4b cff000
33f 4c cff000
33f 4d cff000
33f 4e cff000
33f 4f cff000
33f 50 cff000
33f 51 cff000
33f 52 cff000
33f 53 cff000
33f 54 cff000
33f 55 cff000
33f 56 cff000
33f 57 cff000
33f 58 cff000
33f 59 cff000
33f 5a cff000
33f 5b cff000
33f 5c cff000
33f 5d cff000
33f 5e cff000
33f 5f cff000
33f 60 cff000
33f 61 cff000
33f 62 cff000
33f 63 cff000
33f 64 cff000
33f 65 cff000
33f 66 cff000
33f 67 cff000
33f 68 cff000
33f 69 cff000
33f 6a cff000
33f 6b cff000
33f 6c cff000
33f 6d cff000
33f 6e cff000
33f 6f cff000
33f 70 cff000
33f 71 cff000
33f 72 cff000
33f 73 cff000
33f 74 cff000
33f 75 cff000
33f 76 cff000
33f 77 cff000
33f 78 cff000
33f 79 cff000
33f 7a cff000
33f 7b cff000
33f 7c cff000
33f 7d cff000
33f 7e cff000
33f 7f cff000
33f 80 cff000
33f 81 cff000
33f 82 cff000
33f 83 cff000
33f 84 cff000
33f 85 cff000
33f 86 cff000
33f 87 cff000
33f 88 cff000
33f 89 cff000
33f 8a cff000
33f 8b cff000
33f 8c cff000
33f 8d cff000
33f 8e cff000
33f 8f cff000
33f 90 cff000
33f 91 cff000
33f 92 cff000
33f 93 cff000
33f 94 cff000
33f 95 cff000
33f 96 cff000
33f 97 cff000
33f 98 cff000
33f 99 cff000
33f 9a cff000
33f 9b cff000
33f 9c cff000
33f 9d cff000
33f 9e cff000
33f 9f cff000
33f a0 cff000
33f a1 cff000
33f a2 cff000
33f a3 cff000
33f a4 cff000
33f a5 cff000
33f a6 cff000
33f a7 cff000
33f a8 cff000
33f a9 cff000
33f aa cff000
33f ab cff000
33f ac cff000
33f ad cff000
33f ae cff000
33f af cff000
33f b0 cff000
33f b1 cff000
33f b2 cff000
33f b3 cff000
33f b4 cff000
33f b5 cff000
33f b6 cff000
33f b7 cff000
33f b8 cff000
33f b9 cff000
33f ba cff000
33f bb cff000
33f bc cff000
33f bd cff000
33f be cff000
33f bf cff000
33f c0 cff000
33f c1 cff000
33f c2 cff000
33f c3 cff000
33f c4 cff000
33f c5 cff000
33f c6 cff000
33f c7 cff000
33f c8 cff000
33f c9 cff000
33f ca cff000
33f cb cff000
33f cc cff000
33f cd cff000
33f ce cff000
33f cf cff000
33f d0 cff000
33f d1 cff000
33f d2 cff000
33f d3 cff000
33f d4 cff000
33f d5 cff000
33f d6 cff000
33f d7 cff000
33f d8 cff000
33f d9 cff000
33f da cff000
33f db cff000
33f dc cff000
33f dd cff000
33f de cff000
33f df cff000
33f e0 cff000
33f e1 cff000
33f e2 cff000
33f e3 cff000
33f e4 cff000
33f e5 cff000
33f e6 cff000
33f e7 cff000
33f e8 cff000
33f e9 cff000
33f ea cff000
33f eb cff000
33f ec cff000
33f ed cff000
33f ee cff000
33f ef cff000
33f f0 cff000
33f f1 cff000
33f f2 cff000
33f f3 cff000
33f f4 cff000
33f f5 cff000
33f f6 cff000
33f f7 cff000
33f f8 cff000
33f f9 cff000
33f fa cff000
33f fb cff000
33f fc cff000
33f fd cff000
33f fe cff000
33f ff cff000
33d 00 cf7400
33d 01 cf7400
33d 02 cf7400
33d 03 cf7400
33d 04 cf7400
33d 05 cf7400
33d 06 cf7400
33d 07 cf7400
33d 08 cf7400
33d 09 cf7400
33d 0a cf7400
33d 0b cf7400
33d 0c cf7400
33d 0d cf7400
33d 0e cf7400
33d 0f cf7400
33d 10 cf7400
33d 11 cf7400
33d 12 cf7400
33d 13 cf7400
33d 14 cf7400
33d 15 cf7400
33d 16 cf7400
33d 17 cf7400
33d 18 cf7400
33d 19 cf7400
33d 1a cf7400
33d 1b cf7400
33d 1c cf7400
33d 1d cf7400
33d 1e cf7400
33d 1f cf7400
33d 20 cf1480
33d 21 cf1480
33d 22 cf1480
33d 23 cf1480
33d 24 cf1480
33d 25 cf1480
33d 26 cf1480
33d 27 cf1480
33d 28 cf1480
33d 29 cf1480
33d 2a cf1480
33d 2b cf1480
33d 2c cf1480
33d 2d cf1480
33d 2e cf1480
33d 2f cf1480
33d 30 cf1480
33d 31 cf1480
33d 32 cf1480
33d 33 cf1480
33d 34 cf1480
33d 35 cf1480
33d 36 cf1480
33d 37 cf1480
33d 38 cf1480
33d 39 cf1480
33d 3a cf1480
33d 3b cf1480
33d 3c cf1480
33d 3d cf1480
33d 3e cf1480
33d 3f cf1480
33d 40 cf7400
33d 41 cf7400
33d 42 cf7400
33d 43 cf7400
33d 44 cf7400
33d 45 cf7400
33d 46 cf7400
33d 47 cf7400
33d 48 cf7400
33d 49 cf7400
33d 4a cf7400
33d 4b cf7400
33d 4c cf7400
33d 4d cf7400
33d 4e cf7400
33d 4f cf7400
33d 50 cf7400
33d 51 cf7400
33d 52 cf7400
33d 53 cf7400
33d 54 cf7400
33d 55 cf7400
33d 56 cf7400
33d 57 cf7400
33d 58 cf7400
33d 59 cf7400
33d 5a cf7400
33d 5b cf7400
33d 5c cf7400
33d 5d cf7400
33d 5e cf7400
33d 5f cf7400
33d 60 cf1480
33d 61 cf1480
33d 62 cf1480
33d 63 cf1480
33d 64 cf1480
33d 65 cf1480
33d 66 cf1480
33d 67 cf1480
33d 68 cf1480
33d 69 cf1480
33d 6a cf1480
33d 6b cf1480
33d 6c cf1480
33d 6d cf1480
33d 6e cf1480
33d 6f cf1480
33d 70 cf1480
33d 71 cf1480
33d 72 cf1480
33d 73 cf1480
33d 74 cf1480
33d 75 cf1480
33d 76 cf1480
33d 77 cf1480
33d 78 cf1480
33d 79 cf1480
33d 7a cf1480
33d 7b cf1480
33d 7c cf1480
33d 7d cf1480
33d 7e cf1480
33d 7f cf1480
33d 80 cf7400
33d 81 cf7400
33d 82 cf7400
33d 83 cf7400
33d 84 cf7400
33d 85 cf7400
33d 86 cf7400
33d 87 cf7400
33d 88 cf7400
33d 89 cf7400
33d 8a cf7400
33d 8b cf7400
33d 8c cf7400
33d 8d cf7400
33d 8e cf7400
33d 8f cf7400
33d 90 cf7400
33d 91 cf7400
33d 92 cf7400
33d 93 cf7400
33d 94 cf7400
33d 95 cf7400
33d 96 cf7400
33d 97 cf7400
33d 98 cf7400
33d 99 cf7400
33d 9a cf7400
33d 9b cf7400
33d 9c cf7400
33d 9d cf7400
33d 9e cf7400
33d 9f cf7400
33d a0 cf1480
33d a1 cf1480
33d a2 cf1480
33d a3 cf1480
33d a4 cf1480
33d a5 cf1480
33d a6 cf1480
33d a7 cf1480
33d a8 cf1480
33d a9 cf1480
33d aa cf1480
33d ab cf1480
33d ac cf1480
33d ad cf1480
33d ae cf1480
33d af cf1480
33d b0 cf1480
33d b1 cf1480
33d b2 cf1480
33d b3 cf1480
33d b4 cf1480
33d b5 cf1480
33d b6 cf1480
33d b7 cf1480
33d b8 cf1480
33d b9 cf1480
33d ba cf1480
33d bb cf1480
33d bc cf1480
33d bd cf1480
33d be cf1480
33d bf cf1480
33d c0 cf7400
33d c1 cf7400
33d c2 cf7400
33d c3 cf7400
33d c4 cf7400
33d c5 cf7400
33d c6 cf7400
33d c7 cf7400
33d c8 cf7400
33d c9 cf7400
33d ca cf7400
33d cb cf7400
33d cc cf7400
33d cd cf7400
33d ce cf7400
33d cf cf7400
33d d0 cf7400
33d d1 cf7400
33d d2 cf7400
33d d3 cf7400
33d d4 cf7400
33d d5 cf7400
33d d6 cf7400
33d d7 cf7400
33d d8 cf7400
33d d9 cf7400
33d da cf7400
33d db cf7400
33d dc cf7400
33d dd cf7400
33d de cf7400
33d df cf7400
33d e0 cf1480
33d e1 cf1480
33d e2 cf1480
33d e3 cf1480
33d e4 cf1480
33d e5 cf1480
33d e6 cf1480
33d e7 cf1480
33d e8 cf1480
33d e9 cf1480
33d ea cf1480
33d eb cf1480
33d ec cf1480
33d ed cf1480
33d ee cf1480
33d ef cf1480
33d f0 cf1480
33d f1 cf1480
33d f2 cf1480
33d f3 cf1480
33d f4 cf1480
33d f5 cf1480
33d f6 cf1480
33d f7 cf1480
33d f8 cf1480
33d f9 cf1480
33d fa cf1480
33d fb cf1480
33d fc cf1480
33d fd cf1480
33d fe cf1480
33d ff cf1480
334 00 cd3400
334 01 cd3400
334 02 cd3400
334 03 cd3400
334 04 cd3400
334 05 cd3400
334 06 cd3400
334 07 cd3400
334 08 cd3400
334 09 cd3400
334 0a cd3400
334 0b cd3400
334 0c cd3400
334 0d cd3400
334 0e cd3400
334 0f cd3400
334 10 cd3400
334 11 cd3400
334 12 cd3400
334 13 cd3400
334 14 cd3400
334 15 cd3400
334 16 cd3400
334 17 cd3400
334 18 cd3400
334 19 cd3400
334 1a cd3400
334 1b cd3400
334 1c cd3400
334 1d cd3400
334 1e cd3400
334 1f cd3400
334 20 cf1480
334 21 cf1480
334 22 cf1480
334 23 cf1480
334 24 cf1480
334 25 cf1480
334 26 cf1480
334 27 cf1480
334 28 cf1480
334 29 cf1480
334 2a cf1480
334 2b cf1480
334 2c cf1480
334 2d cf1480
334 2e cf1480
334 2f cf1480
334 30 cf1480
334 31 cf1480
334 32 cf1480
334 33 cf1480
334 34 cf1480
334 35 cf1480
334 36 cf1480
334 37 cf1480
334 38 cf1480
334 39 cf1480
334 3a cf1480
334 3b cf1480
334 3c cf1480
334 3d cf1480
334 3e cf1480
334 3f cf1480
334 40 cd3400
334 41 cd3400
334 42 cd3400
334 43 cd3400
334 44 cd3400
334 45 cd3400
334 46 cd3400
334 47 cd3400
334 48 cd3400
334 49 cd3400
334 4a cd3400
334 4b cd3400
334 4c cd3400
334 4d cd3400
334 4e cd3400
334 4f cd3400
334 50 cd3400
334 51 cd3400
334 52 cd3400
334 53 cd3400
334 54 cd3400
334 55 cd3400
334 56 cd3400
334 57 cd3400
334 58 cd3400
334 59 cd3400
334 5a cd3400
334 5b cd3400
334 5c cd3400
334 5d cd3400
334 5e cd3400
334 5f cd3400
334 60 cf1480
334 61 cf1480
334 62 cf1480
334 63 cf1480
334 64 cf1480
334 65 cf1480
334 66 cf1480
334 67 cf1480
334 68 cf1480
334 69 cf1480
334 6a cf1480
334 6b cf1480
334 6c cf1480
334 6d cf1480
334 6e cf1480
334 6f cf1480
334 70 cf1480
334 71 cf1480
334 72 cf1480
334 73 cf1480
334 74 cf1480
334 75 cf1480
334 76 cf1480
334 77 cf1480
334 78 cf1480
334 79 cf1480
334 7a cf1480
334 7b cf1480
334 7c cf1480
334 7d cf1480
334 7e cf1480
334 7f cf1480
334 80 cd3400
334 81 cd3400
334 82 cd3400
334 83 cd3400
334 84 cd3400
334 85 cd3400
334 86 cd3400
334 87 cd3400
334 88 cd3400
334 89 cd3400
334 8a cd3400
334 8b cd3400
334 8c cd3400
334 8d cd3400
334 8e cd3400
334 8f cd3400
334 90 cd3400
334 91 cd3400
334 92 cd3400
334 93 cd3400
334 94 cd3400
334 95 cd3400
334 96 cd3400
334 97 cd3400
334 98 cd3400
334 99 cd3400
334 9a cd3400
334 9b cd3400
334 9c cd3400
334 9d cd3400
334 9e cd3400
334 9f cd3400
334 a0 cf1480
334 a1 cf1480
334 a2 cf1480
334 a3 cf1480
334 a4 cf1480
334 a5 cf1480
334 a6 cf1480
334 a7 cf1480
334 a8 cf1480
334 a9 cf1480
334 aa cf1480
334 ab cf1480
334 ac cf1480
334 ad cf1480
334 ae cf1480
334 af cf1480
334 b0 cf1480
334 b1 cf1480
334 b2 cf1480
334 b3 cf1480
334 b4 cf1480
334 b5 cf1480
334 b6 cf1480
334 b7 cf1480
334 b8 cf1480
334 b9 cf1480
334 ba cf1480
334 bb cf1480
334 bc cf1480
334 bd cf1480
334 be cf1480
334 bf cf1480
334 c0 cd3400
334 c1 cd3400
334 c2 cd3400
334 c3 cd3400
334 c4 cd3400
334 c5 cd3400
334 c6 cd3400
334 c7 cd3400
334 c8 cd3400
334 c9 cd3400
334 ca cd3400
334 cb cd3400
334 cc cd3400
334 cd cd3400
334 ce cd3400
334 cf cd3400
334 d0 cd3400
334 d1 cd3400
334 d2 cd3400
334 d3 cd3400
334 d4 cd3400
334 d5 cd3400
334 d6 cd3400
334 d7 cd3400
334 d8 cd3400
334 d9 cd3400
334 da cd3400
334 db cd3400
334 dc cd3400
334 dd cd3400
334 de cd3400
334 df cd3400
334 e0 cf1480
334 e1 cf1480
334 e2 cf1480
334 e3 cf1480
334 e4 cf1480
334 e5 cf1480
334 e6 cf1480
334 e7 cf1480
334 e8 cf1480
334 e9 cf1480
334 ea cf1480
334 eb cf1480
334 ec cf1480
334 ed cf1480
334 ee cf1480
334 ef cf1480
334 f0 cf1480
334 f1 cf1480
334 f2 cf1480
334 f3 cf1480
334 f4 cf1480
334 f5 cf1480
334 f6 cf1480
334 f7 cf1480
334 f8 cf1480
334 f9 cf1480
334 fa cf1480
334 fb cf1480
334 fc cf1480
334 fd cf1480
334 fe cf1480
334 ff cf1480
337 00 cdf400
337 01 cdf400
337 02 cdf400
337 03 cdf400
337 04 cdf400
337 05 cdf400
337 06 cdf400
337 07 cdf400
337 08 cdf400
337 09 cdf400
337 0a cdf400
337 0b cdf400
337 0c cdf400
337 0d cdf400
337 0e cdf400
337 0f cdf400
337 10 cdf400
337 11 cdf400
337 12 cdf400
337 13 cdf400
337 14 cdf400
337 15 cdf400
337 16 cdf400
337 17 cdf400
337 18 cdf400
337 19 cdf400
337 1a cdf400
337 1b cdf400
337 1c cdf400
337 1d cdf400
337 1e cdf400
337 1f cdf400
337 20 ccd480
337 21 ccd480
337 22 ccd480
337 23 ccd480
337 24 ccd480
337 25 ccd480
337 26 ccd480
337 27 ccd480
337 28 ccd480
337 29 ccd480
337 2a ccd480
337 2b ccd480
337 2c ccd480
337 2d ccd480
337 2e ccd480
337 2f ccd480
337 30 ccd480
337 31 ccd480
337 32 ccd480
337 33 ccd480
337 34 ccd480
337 35 ccd480
337 36 ccd480
337 37 ccd480
337 38 ccd480
337 39 ccd480
337 3a ccd480
337 3b ccd480
337 3c ccd480
337 3d ccd480
337 3e ccd480
337 3f ccd480
337 40 cdf400
337 41 cdf400
337 42 cdf400
337 43 cdf400
337 44 cdf400
337 45 cdf400
337 46 cdf400
337 47 cdf400
337 48 cdf400
337 49 cdf400
337 4a cdf400
337 4b cdf400
337 4c cdf400
337 4d cdf400
337 4e cdf400
337 4f cdf400
337 50 cdf400
337 51 cdf400
337 52 cdf400
337 53 cdf400
337 54 cdf400
337 55 cdf400
337 56 cdf400
337 57 cdf400
337 58 cdf400
337 59 cdf400
337 5a cdf400
337 5b cdf400
337 5c cdf400
337 5d cdf400
337 5e cdf400
337 5f cdf400
337 60 ccd480
337 61 ccd480
337 62 ccd480
337 63 ccd480
337 64 ccd480
337 65 ccd480
337 66 ccd480
337 67 ccd480
337 68 ccd480
337 69 ccd480
337 6a ccd480
337 6b ccd480
337 6c ccd480
337 6d ccd480
337 6e ccd480
337 6f ccd480
337 70 ccd480
337 71 ccd480
337 72 ccd480
337 73 ccd480
337 74 ccd480
337 75 ccd480
337 76 ccd480
337 77 ccd480
337 78 ccd480
337 79 ccd480
337 7a ccd480
337 7b ccd480
337 7c ccd480
337 7d ccd480
337 7e ccd480
337 7f ccd480
337 80 cdf400
337 81 cdf400
337 82 cdf400
337 83 cdf400
337 84 cdf400
337 85 cdf400
337 86 cdf400
337 87 cdf400
337 88 cdf400
337 89 cdf400
337 8a cdf400
337 8b cdf400
337 8c cdf400
337 8d cdf400
337 8e cdf400
337 8f cdf400
337 90 cdf400
337 91 cdf400
337 92 cdf400
337 93 cdf400
337 94 cdf400
337 95 cdf400
337 96 cdf400
337 97 cdf400
337 98 cdf400
337 99 cdf400
337 9a cdf400
337 9b cdf400
337 9c cdf400
337 9d cdf400
337 9e cdf400
337 9f cdf400
337 a0 ccd480
337 a1 ccd480
337 a2 ccd480
337 a3 ccd480
337 a4 ccd480
337 a5 ccd480
337 a6 ccd480
337 a7 ccd480
337 a8 ccd480
337 a9 ccd480
337 aa ccd480
337 ab ccd480
337 ac ccd480
337 ad ccd480
337 ae ccd480
337 af ccd480
337 b0 ccd480
337 b1 ccd480
337 b2 ccd480
337 b3 ccd480
337 b4 ccd480
337 b5 ccd480
337 b6 ccd480
337 b7 ccd480
337 b8 ccd480
337 b9 ccd480
337 ba ccd480
337 bb ccd480
337 bc ccd480
337 bd ccd480
337 be ccd480
337 bf ccd480
337 c0 cdf400
337 c1 cdf400
337 c2 cdf400
337 c3 cdf400
337 c4 cdf400
337 c5 cdf400
337 c6 cdf400
337 c7 cdf400
337 c8 cdf400
337 c9 cdf400
337 ca cdf400
337 cb cdf400
337 cc cdf400
337 cd cdf400
337 ce cdf400
337 cf cdf400
337 d0 cdf400
337 d1 cdf400
337 d2 cdf400
337 d3 cdf400
337 d4 cdf400
337 d5 cdf400
337 d6 cdf400
337 d7 cdf400
337 d8 cdf400
337 d9 cdf400
337 da cdf400
337 db cdf400
337 dc cdf400
337 dd cdf400
337 de cdf400
337 df cdf400
337 e0 ccd480
337 e1 ccd480
337 e2 ccd480
337 e3 ccd480
337 e4 ccd480
337 e5 ccd480
337 e6 ccd480
337 e7 ccd480
337 e8 ccd480
337 e9 ccd480
337 ea ccd480
337 eb ccd480
337 ec ccd480
337 ed ccd480
337 ee ccd480
337 ef ccd480
337 f0 ccd480
337 f1 ccd480
337 f2 ccd480
337 f3 ccd480
337 f4 ccd480
337 f5 ccd480
337 f6 ccd480
337 f7 ccd480
337 f8 ccd480
337 f9 ccd480
337 fa ccd480
337 fb ccd480
337 fc ccd480
337 fd ccd480
337 fe ccd480
337 ff ccd480
335 00 cd7800
335 01 cd7800
335 02 cd7800
335 03 cd7800
335 04 cd7800
335 05 cd7800
335 06 cd7800
335 07 cd7800
335 08 cd7800
335 09 cd7800
335 0a cd7800
335 0b cd7800
335 0c cd7800
335 0d cd7800
335 0e cd7800
335 0f cd7800
335 10 cd7800
335 11 cd7800
335 12 cd7800
335 13 cd7800
335 14 cd7800
335 15 cd7800
335 16 cd7800
335 17 cd7800
335 18 cd7800
335 19 cd7800
335 1a cd7800
335 1b cd7800
335 1c cd7800
335 1d cd7800
335 1e cd7800
335 1f cd7800
335 20 cd4880
335 21 cd4880
335 22 cd4880
335 23 cd4880
335 24 cd4880
335 25 cd4880
335 26 cd4880
335 27 cd4880
335 28 cd4880
335 29 cd4880
335 2a cd4880
335 2b cd4880
335 2c cd4880
335 2d cd4880
335 2e cd4880
335 2f cd4880
335 30 cd4880
335 31 cd4880
335 32 cd4880
335 33 cd4880
335 34 cd4880
335 35 cd4880
335 36 cd4880
335 37 cd4880
335 38 cd4880
335 39 cd4880
335 3a cd4880
335 3b cd4880
335 3c cd4880
335 3d cd4880
335 3e cd4880
335 3f cd4880
335 40 cd7800
335 41 cd7800
335 42 cd7800
335 43 cd7800
335 44 cd7800
335 45 cd7800
335 46 cd7800
335 47 cd7800
335 48 cd7800
335 49 cd7800
335 4a cd7800
335 4b cd7800
335 4c cd7800
335 4d cd7800
335 4e cd7800
335 4f cd7800
335 50 cd7800
335 51 cd7800
335 52 cd7800
335 53 cd7800
335 54 cd7800
335 55 cd7800
335 56 cd7800
335 57 cd7800
335 58 cd7800
335 59 cd7800
335 5a cd7800
335 5b cd7800
335 5c cd7800
335 5d cd7800
335 5e cd7800
335 5f cd7800
335 60 cd4880
335 61 cd4880
335 62 cd4880
335 63 cd4880
335 64 cd4880
335 65 cd4880
335 66 cd4880
335 67 cd4880
335 68 cd4880
335 69 cd4880
335 6a cd4880
335 6b cd4880
335 6c cd4880
335 6d cd4880
335 6e cd4880
335 6f cd4880
335 70 cd4880
335 71 cd4880
335 72 cd4880
335 73 cd4880
335 74 cd4880
335 75 cd4880
335 76 cd4880
335 77 cd4880
335 78 cd4880
335 79 cd4880
335 7a cd4880
335 7b cd4880
335 7c cd4880
335 7d cd4880
335 7e cd4880
335 7f cd4880
335 80 cd7800
335 81 cd7800
335 82 cd7800
335 83 cd7800
335 84 cd7800
335 85 cd7800
335 86 cd7800
335 87 cd7800
335 88 cd7800
335 89 cd7800
335 8a cd7800
335 8b cd7800
335 8c cd7800
335 8d cd7800
335 8e cd7800
335 8f cd7800
335 90 cd7800
335 91 cd7800
335 92 cd7800
335 93 cd7800
335 94 cd7800
335 95 cd7800
335 96 cd7800
335 97 cd7800
335 98 cd7800
335 99 cd7800
335 9a cd7800
335 9b cd7800
335 9c cd7800
335 9d cd7800
335 9e cd7800
335 9f cd7800
335 a0 cd4880
335 a1 cd4880
335 a2 cd4880
335 a3 cd4880
335 a4 cd4880
335 a5 cd4880
335 a6 cd4880
335 a7 cd4880
335 a8 cd4880
335 a9 cd4880
335 aa cd4880
335 ab cd4880
335 ac cd4880
335 ad cd4880
335 ae cd4880
335 af cd4880
335 b0 cd4880
335 b1 cd4880
335 b2 cd4880
335 b3 cd4880
335 b4 cd4880
335 b5 cd4880
335 b6 cd4880
335 b7 cd4880
335 b8 cd4880
335 b9 cd4880
335 ba cd4880
335 bb cd4880
335 bc cd4880
335 bd cd4880
335 be cd4880
335 bf cd4880
335 c0 cd7800
335 c1 cd7800
335 c2 cd7800
335 c3 cd7800
335 c4 cd7800
335 c5 cd7800
335 c6 cd7800
335 c7 cd7800
335 c8 cd7800
335 c9 cd7800
335 ca cd7800
335 cb cd7800
335 cc cd7800
335 cd cd7800
335 ce cd7800
335 cf cd7800
335 d0 cd7800
335 d1 cd7800
335 d2 cd7800
335 d3 cd7800
335 d4 cd7800
335 d5 cd7800
335 d6 cd7800
335 d7 cd7800
335 d8 cd7800
335 d9 cd7800
335 da cd7800
335 db cd7800
335 dc cd7800
335 dd cd7800
335 de cd7800
335 df cd7800
335 e0 cd4880
335 e1 cd4880
335 e2 cd4880
335 e3 cd4880
335 e4 cd4880
335 e5 cd4880
335 e6 cd4880
335 e7 cd4880
335 e8 cd4880
335 e9 cd4880
335 ea cd4880
335 eb cd4880
335 ec cd4880
335 ed cd4880
335 ee cd4880
335 ef cd4880
335 f0 cd4880
335 f1 cd4880
335 f2 cd4880
335 f3 cd4880
335 f4 cd4880
335 f5 cd4880
335 f6 cd4880
335 f7 cd4880
335 f8 cd4880
335 f9 cd4880
335 fa cd4880
335 fb cd4880
335 fc cd4880
335 fd cd4880
335 fe cd4880
335 ff cd4880
310 00 c43000
310 01 c43000
310 02 c43000
310 03 c43000
310 04 c43000
310 05 c43000
310 06 c43000
310 07 c43000
310 08 c43000
310 09 c43000
310 0a c43000
310 0b c43000
310 0c c43000
310 0d c43000
310 0e c43000
310 0f c43000
310 10 c40042
310 11 c40042
310 12 c40042
310 13 c40042
310 14 c40042
310 15 c40042
310 16 c40042
310 17 c40042
310 18 c40042
310 19 c40042
310 1a c40042
310 1b c40042
310 1c c40042
310 1d c40042
310 1e c40042
310 1f c40042
310 20 c43000
310 21 c43000
310 22 c43000
310 23 c43000
310 24 c43000
310 25 c43000
310 26 c43000
310 27 c43000
310 28 c43000
310 29 c43000
310 2a c43000
310 2b c43000
310 2c c43000
310 2d c43000
310 2e c43000
310 2f c43000
310 30 c40042
310 31 c40042
310 32 c40042
310 33 c40042
310 34 c40042
310 35 c40042
310 36 c40042
310 37 c40042
310 38 c40042
310 39 c40042
310 3a c40042
310 3b c40042
310 3c c40042
310 3d c40042
310 3e c40042
310 3f c40042
310 40 c43000
310 41 c43000
310 42 c43000
310 43 c43000
310 44 c43000
310 45 c43000
310 46 c43000
310 47 c43000
310 48 c43000
310 49 c43000
310 4a c43000
310 4b c43000
310 4c c43000
310 4d c43000
310 4e c43000
310 4f c43000
310 50 c40042
310 51 c40042
310 52 c40042
310 53 c40042
310 54 c40042
310 55 c40042
310 56 c40042
310 57 c40042
310 58 c40042
310 59 c40042
310 5a c40042
310 5b c40042
310 5c c40042
310 5d c40042
310 5e c40042
310 5f c40042
310 60 c43000
310 61 c43000
310 62 c43000
310 63 c43000
310 64 c43000
310 65 c43000
310 66 c43000
310 67 c43000
310 68 c43000
310 69 c43000
310 6a c43000
310 6b c43000
310 6c c43000
310 6d c43000
310 6e c43000
310 6f c43000
310 70 c40042
310 71 c40042
310 72 c40042
310 73 c40042
310 74 c40042
310 75 c40042
310 76 c40042
310 77 c40042
310 78 c40042
310 79 c40042
310 7a c40042
310 7b c40042
310 7c c40042
310 7d c40042
310 7e c40042
310 7f c40042
310 80 c43000
310 81 c43000
310 82 c43000
310 83 c43000
310 84 c43000
310 85 c43000
310 86 c43000
310 87 c43000
310 88 c43000
310 89 c43000
310 8a c43000
310 8b c43000
310 8c c43000
310 8d c43000
310 8e c43000
310 8f c43000
310 90 c40042
310 91 c40042
310 92 c40042
310 93 c40042
310 94 c40042
310 95 c40042
310 96 c40042
310 97 c40042
310 98 c40042
310 99 c40042
310 9a c40042
310 9b c40042
310 9c c40042
310 9d c40042
310 9e c40042
310 9f c40042
310 a0 c43000
310 a1 c43000
310 a2 c43000
310 a3 c43000
310 a4 c43000
310 a5 c43000
310 a6 c43000
310 a7 c43000
310 a8 c43000
310 a9 c43000
310 aa c43000
310 ab c43000
310 ac c43000
310 ad c43000
310 ae c43000
310 af c43000
310 b0 c40042
310 b1 c40042
310 b2 c40042
310 b3 c40042
310 b4 c40042
310 b5 c40042
310 b6 c40042
310 b7 c40042
310 b8 c40042
310 b9 c40042
310 ba c40042
310 bb c40042
310 bc c40042
310 bd c40042
310 be c40042
310 bf c40042
310 c0 c43000
310 c1 c43000
310 c2 c43000
310 c3 c43000
310 c4 c43000
310 c5 c43000
310 c6 c43000
310 c7 c43000
310 c8 c43000
310 c9 c43000
310 ca c43000
310 cb c43000
310 cc c43000
310 cd c43000
310 ce c43000
310 cf c43000
310 d0 c40042
310 d1 c40042
310 d2 c40042
310 d3 c40042
310 d4 c40042
310 d5 c40042
310 d6 c40042
310 d7 c40042
310 d8 c40042
310 d9 c40042
310 da c40042
310 db c40042
310 dc c40042
310 dd c40042
310 de c40042
310 df c40042
310 e0 c43000
310 e1 c43000
310 e2 c43000
310 e3 c43000
310 e4 c43000
310 e5 c43000
310 e6 c43000
310 e7 c43000
310 e8 c43000
310 e9 c43000
310 ea c43000
310 eb c43000
310 ec c43000
310 ed c43000
310 ee c43000
310 ef c43000
310 f0 c40042
310 f1 c40042
310 f2 c40042
310 f3 c40042
310 f4 c40042
310 f5 c40042
310 f6 c40042
310 f7 c40042
310 f8 c40042
310 f9 c40042
310 fa c40042
310 fb c40042
310 fc c40042
310 fd c40042
310 fe c40042
310 ff c40042
313 00 c4f000
313 01 c4f000
313 02 c4f000
313 03 c4f000
313 04 c4f000
313 05 c4f000
313 06 c4f000
313 07 c4f000
313 08 c4f000
313 09 c4f000
313 0a c4f000
313 0b c4f000
313 0c c4f000
313 0d c4f000
313 0e c4f000
313 0f c4f000
313 10 c4f000
313 11 c4f000
313 12 c4f000
313 13 c4f000
313 14 c4f000
313 15 c4f000
313 16 c4f000
313 17 c4f000
313 18 c4f000
313 19 c4f000
313 1a c4f000
313 1b c4f000
313 1c c4f000
313 1d c4f000
313 1e c4f000
313 1f c4f000
313 20 c4c082
313 21 c4c082
313 22 c4c082
313 23 c4c082
313 24 c4c082
313 25 c4c082
313 26 c4c082
313 27 c4c082
313 28 c4c082
313 29 c4c082
313 2a c4c082
313 2b c4c082
313 2c c4c082
313 2d c4c082
313 2e c4c082
313 2f c4c082
313 30 c4c082
313 31 c4c082
313 32 c4c082
313 33 c4c082
313 34 c4c082
313 35 c4c082
313 36 c4c082
313 37 c4c082
313 38 c4c082
313 39 c4c082
313 3a c4c082
313 3b c4c082
313 3c c4c082
313 3d c4c082
313 3e c4c082
313 3f c4c082
313 40 c4f000
313 41 c4f000
313 42 c4f000
313 43 c4f000
313 44 c4f000
313 45 c4f000
313 46 c4f000
313 47 c4f000
313 48 c4f000
313 49 c4f000
313 4a c4f000
313 4b c4f000
313 4c c4f000
313 4d c4f000
313 4e c4f000
313 4f c4f000
313 50 c4f000
313 51 c4f000
313 52 c4f000
313 53 c4f000
313 54 c4f000
313 55 c4f000
313 56 c4f000
313 57 c4f000
313 58 c4f000
313 59 c4f000
313 5a c4f000
313 5b c4f000
313 5c c4f000
313 5d c4f000
313 5e c4f000
313 5f c4f000
313 60 c4c082
313 61 c4c082
313 62 c4c082
313 63 c4c082
313 64 c4c082
313 65 c4c082
313 66 c4c082
313 67 c4c082
313 68 c4c082
313 69 c4c082
313 6a c4c082
313 6b c4c082
313 6c c4c082
313 6d c4c082
313 6e c4c082
313 6f c4c082
313 70 c4c082
313 71 c4c082
313 72 c4c082
313 73 c4c082
313 74 c4c082
313 75 c4c082
313 76 c4c082
313 77 c4c082
313 78 c4c082
313 79 c4c082
313 7a c4c082
313 7b c4c082
313 7c c4c082
313 7d c4c082
313 7e c4c082
313 7f c4c082
313 80 c4f000
313 81 c4f000
313 82 c4f000
313 83 c4f000
313 84 c4f000
313 85 c4f000
313 86 c4f000
313 87 c4f000
313 88 c4f000
313 89 c4f000
313 8a c4f000
313 8b c4f000
313 8c c4f000
313 8d c4f000
313 8e c4f000
313 8f c4f000
313 90 c4f000
313 91 c4f000
313 92 c4f000
313 93 c4f000
313 94 c4f000
313 95 c4f000
313 96 c4f000
313 97 c4f000
313 98 c4f000
313 99 c4f000
313 9a c4f000
313 9b c4f000
313 9c c4f000
313 9d c4f000
313 9e c4f000
313 9f c4f000
313 a0 c4c082
313 a1 c4c082
313 a2 c4c082
313 a3 c4c082
313 a4 c4c082
313 a5 c4c082
313 a6 c4c082
313 a7 c4c082
313 a8 c4c082
313 a9 c4c082
313 aa c4c082
313 ab c4c082
313 ac c4c082
313 ad c4c082
313 ae c4c082
313 af c4c082
313 b0 c4c082
313 b1 c4c082
313 b2 c4c082
313 b3 c4c082
313 b4 c4c082
313 b5 c4c082
313 b6 c4c082
313 b7 c4c082
313 b8 c4c082
313 b9 c4c082
313 ba c4c082
313 bb c4c082
313 bc c4c082
313 bd c4c082
313 be c4c082
313 bf c4c082
313 c0 c4f000
313 c1 c4f000
313 c2 c4f000
313 c3 c4f000
313 c4 c4f000
313 c5 c4f000
313 c6 c4f000
313 c7 c4f000
313 c8 c4f000
313 c9 c4f000
313 ca c4f000
313 cb c4f000
313 cc c4f000
313 cd c4f000
313 ce c4f000
313 cf c4f000
313 d0 c4f000
313 d1 c4f000
313 d2 c4f000
313 d3 c4f000
313 d4 c4f000
313 d5 c4f000
313 d6 c4f000
313 d7 c4f000
313 d8 c4f000
313 d9 c4f000
313 da c4f000
313 db c4f000
313 dc c4f000
313 dd c4f000
313 de c4f000
313 df c4f000
313 e0 c4c082
313 e1 c4c082
313 e2 c4c082
313 e3 c4c082
313 e4 c4c082
313 e5 c4c082
313 e6 c4c082
313 e7 c4c082
313 e8 c4c082
313 e9 c4c082
313 ea c4c082
313 eb c4c082
313 ec c4c082
313 ed c4c082
313 ee c4c082
313 ef c4c082
313 f0 c4c082
313 f1 c4c082
313 f2 c4c082
313 f3 c4c082
313 f4 c4c082
313 f5 c4c082
313 f6 c4c082
313 f7 c4c082
313 f8 c4c082
313 f9 c4c082
313 fa c4c082
313 fb c4c082
313 fc c4c082
313 fd c4c082
313 fe c4c082
313 ff c4c082
311 00 c47400
311 01 c47400
311 02 c47400
311 03 c47400
311 04 c47400
311 05 c47400
311 06 c47400
311 07 c47400
311 08 c47400
311 09 c47400
311 0a c47400
311 0b c47400
311 0c c47400
311 0d c47400
311 0e c47400
311 0f c47400
311 10 c44440
311 11 c44440
311 12 c44440
311 13 c44440
311 14 c44440
311 15 c44440
311 16 c44440
311 17 c44440
311 18 c44440
311 19 c44440
311 1a c44440
311 1b c44440
311 1c c44440
311 1d c44440
311 1e c44440
311 1f c44440
311 20 c44480
311 21 c44480
311 22 c44480
311 23 c44480
311 24 c44480
311 25 c44480
311 26 c44480
311 27 c44480
311 28 c44480
311 29 c44480
311 2a c44480
311 2b c44480
311 2c c44480
311 2d c44480
311 2e c44480
311 2f c44480
311 30 c444c0
311 31 c444c0
311 32 c444c0
311 33 c444c0
311 34 c444c0
311 35 c444c0
311 36 c444c0
311 37 c444c0
311 38 c444c0
311 39 c444c0
311 3a c444c0
311 3b c444c0
311 3c c444c0
311 3d c444c0
311 3e c444c0
311 3f c444c0
311 40 c47400
311 41 c47400
311 42 c47400
311 43 c47400
311 44 c47400
311 45 c47400
311 46 c47400
311 47 c47400
311 48 c47400
311 49 c47400
311 4a c47400
311 4b c47400
311 4c c47400
311 4d c47400
311 4e c47400
311 4f c47400
311 50 c44440
311 51 c44440
311 52 c44440
311 53 c44440
311 54 c44440
311 55 c44440
311 56 c44440
311 57 c44440
311 58 c44440
311 59 c44440
311 5a c44440
311 5b c44440
311 5c c44440
311 5d c44440
311 5e c44440
311 5f c44440
311 60 c44480
311 61 c44480
311 62 c44480
311 63 c44480
311 64 c44480
311 65 c44480
311 66 c44480
311 67 c44480
311 68 c44480
311 69 c44480
311 6a c44480
311 6b c44480
311 6c c44480
311 6d c44480
311 6e c44480
311 6f c44480
311 70 c444c0
311 71 c444c0
311 72 c444c0
311 73 c444c0
311 74 c444c0
311 75 c444c0
311 76 c444c0
311 77 c444c0
311 78 c444c0
311 79 c444c0
311 7a c444c0
311 7b c444c0
311 7c c444c0
311 7d c444c0
311 7e c444c0
311 7f c444c0
311 80 c47400
311 81 c47400
311 82 c47400
311 83 c47400
311 84 c47400
311 85 c47400
311 86 c47400
311 87 c47400
311 88 c47400
311 89 c47400
311 8a c47400
311 8b c47400
311 8c c47400
311 8d c47400
311 8e c47400
311 8f c47400
311 90 c44440
311 91 c44440
311 92 c44440
311 93 c44440
311 94 c44440
311 95 c44440
311 96 c44440
311 97 c44440
311 98 c44440
311 99 c44440
311 9a c44440
311 9b c44440
311 9c c44440
311 9d c44440
311 9e c44440
311 9f c44440
311 a0 c44480
311 a1 c44480
311 a2 c44480
311 a3 c44480
311 a4 c44480
311 a5 c44480
311 a6 c44480
311 a7 c44480
311 a8 c44480
311 a9 c44480
311 aa c44480
311 ab c44480
311 ac c44480
311 ad c44480
311 ae c44480
311 af c44480
311 b0 c444c0
311 b1 c444c0
311 b2 c444c0
311 b3 c444c0
311 b4 c444c0
311 b5 c444c0
311 b6 c444c0
311 b7 c444c0
311 b8 c444c0
311 b9 c444c0
311 ba c444c0
311 bb c444c0
311 bc c444c0
311 bd c444c0
311 be c444c0
311 bf c444c0
311 c0 c47400
311 c1 c47400
311 c2 c47400
311 c3 c47400
311 c4 c47400
311 c5 c47400
311 c6 c47400
311 c7 c47400
311 c8 c47400
311 c9 c47400
311 ca c47400
311 cb c47400
311 cc c47400
311 cd c47400
311 ce c47400
311 cf c47400
311 d0 c44440
311 d1 c44440
311 d2 c44440
311 d3 c44440
311 d4 c44440
311 d5 c44440
311 d6 c44440
311 d7 c44440
311 d8 c44440
311 d9 c44440
311 da c44440
311 db c44440
311 dc c44440
311 dd c44440
311 de c44440
311 df c44440
311 e0 c44480
311 e1 c44480
311 e2 c44480
311 e3 c44480
311 e4 c44480
311 e5 c44480
311 e6 c44480
311 e7 c44480
311 e8 c44480
311 e9 c44480
311 ea c44480
311 eb c44480
311 ec c44480
311 ed c44480
311 ee c44480
311 ef c44480
311 f0 c444c0
311 f1 c444c0
311 f2 c444c0
311 f3 c444c0
311 f4 c444c0
311 f5 c444c0
311 f6 c444c0
311 f7 c444c0
311 f8 c444c0
311 f9 c444c0
311 fa c444c0
311 fb c444c0
311 fc c444c0
311 fd c444c0
311 fe c444c0
311 ff c444c0
31c 00 c73000
31c 01 c73000
31c 02 c73000
31c 03 c73000
31c 04 c73000
31c 05 c73000
31c 06 c73000
31c 07 c73000
31c 08 c73000
31c 09 c73000
31c 0a c73000
31c 0b c73000
31c 0c c73000
31c 0d c73000
31c 0e c73000
31c 0f c73000
31c 10 c73000
31c 11 c73000
31c 12 c73000
31c 13 c73000
31c 14 c73000
31c 15 c73000
31c 16 c73000
31c 17 c73000
31c 18 c73000
31c 19 c73000
31c 1a c73000
31c 1b c73000
31c 1c c73000
31c 1d c73000
31c 1e c73000
31c 1f c73000
31c 20 c70082
31c 21 c70082
31c 22 c70082
31c 23 c70082
31c 24 c70082
31c 25 c70082
31c 26 c70082
31c 27 c70082
31c 28 c70082
31c 29 c70082
31c 2a c70082
31c 2b c70082
31c 2c c70082
31c 2d c70082
31c 2e c70082
31c 2f c70082
31c 30 c70082
31c 31 c70082
31c 32 c70082
31c 33 c70082
31c 34 c70082
31c 35 c70082
31c 36 c70082
31c 37 c70082
31c 38 c70082
31c 39 c70082
31c 3a c70082
31c 3b c70082
31c 3c c70082
31c 3d c70082
31c 3e c70082
31c 3f c70082
31c 40 c73000
31c 41 c73000
31c 42 c73000
31c 43 c73000
31c 44 c73000
31c 45 c73000
31c 46 c73000
31c 47 c73000
31c 48 c73000
31c 49 c73000
31c 4a c73000
31c 4b c73000
31c 4c c73000
31c 4d c73000
31c 4e c73000
31c 4f c73000
31c 50 c73000
31c 51 c73000
31c 52 c73000
31c 53 c73000
31c 54 c73000
31c 55 c73000
31c 56 c73000
31c 57 c73000
31c 58 c73000
31c 59 c73000
31c 5a c73000
31c 5b c73000
31c 5c c73000
31c 5d c73000
31c 5e c73000
31c 5f c73000
31c 60 c70082
31c 61 c70082
31c 62 c70082
31c 63 c70082
31c 64 c70082
31c 65 c70082
31c 66 c70082
31c 67 c70082
31c 68 c70082
31c 69 c70082
31c 6a c70082
31c 6b c70082
31c 6c c70082
31c 6d c70082
31c 6e c70082
31c 6f c70082
31c 70 c70082
31c 71 c70082
31c 72 c70082
31c 73 c70082
31c 74 c70082
31c 75 c70082
31c 76 c70082
31c 77 c70082
31c 78 c70082
31c 79 c70082
31c 7a c70082
31c 7b c70082
31c 7c c70082
31c 7d c70082
31c 7e c70082
31c 7f c70082
31c 80 c73000
31c 81 c73000
31c 82 c73000
31c 83 c73000
31c 84 c73000
31c 85 c73000
31c 86 c73000
31c 87 c73000
31c 88 c73000
31c 89 c73000
31c 8a c73000
31c 8b c73000
31c 8c c73000
31c 8d c73000
31c 8e c73000
31c 8f c73000
31c 90 c73000
31c 91 c73000
31c 92 c73000
31c 93 c73000
31c 94 c73000
31c 95 c73000
31c 96 c73000
31c 97 c73000
31c 98 c73000
31c 99 c73000
31c 9a c73000
31c 9b c73000
31c 9c c73000
31c 9d c73000
31c 9e c73000
31c 9f c73000
31c a0 c70082
31c a1 c70082
31c a2 c70082
31c a3 c70082
31c a4 c70082
31c a5 c70082
31c a6 c70082
31c a7 c70082
31c a8 c70082
31c a9 c70082
31c aa c70082
31c ab c70082
31c ac c70082
31c ad c70082
31c ae c70082
31c af c70082
31c b0 c70082
31c b1 c70082
31c b2 c70082
31c b3 c70082
31c b4 c70082
31c b5 c70082
31c b6 c70082
31c b7 c70082
31c b8 c70082
31c b9 c70082
31c ba c70082
31c bb c70082
31c bc c70082
31c bd c70082
31c be c70082
31c bf c70082
31c c0 c73000
31c c1 c73000
31c c2 c73000
31c c3 c73000
31c c4 c73000
31c c5 c73000
31c c6 c73000
31c c7 c73000
31c c8 c73000
31c c9 c73000
31c ca c73000
31c cb c73000
31c cc c73000
31c cd c73000
31c ce c73000
31c cf c73000
31c d0 c73000
31c d1 c73000
31c d2 c73000
31c d3 c73000
31c d4 c73000
31c d5 c73000
31c d6 c73000
31c d7 c73000
31c d8 c73000
31c d9 c73000
31c da c73000
31c db c73000
31c dc c73000
31c dd c73000
31c de c73000
31c df c73000
31c e0 c70082
31c e1 c70082
31c e2 c70082
31c e3 c70082
31c e4 c70082
31c e5 c70082
31c e6 c70082
31c e7 c70082
31c e8 c70082
31c e9 c70082
31c ea c70082
31c eb c70082
31c ec c70082
31c ed c70082
31c ee c70082
31c ef c70082
31c f0 c70082
31c f1 c70082
31c f2 c70082
31c f3 c70082
31c f4 c70082
31c f5 c70082
31c f6 c70082
31c f7 c70082
31c f8 c70082
31c f9 c70082
31c fa c70082
31c fb c70082
31c fc c70082
31c fd c70082
31c fe c70082
31c ff c70082
31f 00 c7f000
31f 01 c7f000
31f 02 c7f000
31f 03 c7f000
31f 04 c7f000
31f 05 c7f000
31f 06 c7f000
31f 07 c7f000
31f 08 c7f000
31f 09 c7f000
31f 0a c7f000
31f 0b c7f000
31f 0c c7f000
31f 0d c7f000
31f 0e c7f000
31f 0f c7f000
31f 10 c7c042
31f 11 c7c042
31f 12 c7c042
31f 13 c7c042
31f 14 c7c042
31f 15 c7c042
31f 16 c7c042
31f 17 c7c042
31f 18 c7c042
31f 19 c7c042
31f 1a c7c042
31f 1b c7c042
31f 1c c7c042
31f 1d c7c042
31f 1e c7c042
31f 1f c7c042
31f 20 c7f000
31f 21 c7f000
31f 22 c7f000
31f 23 c7f000
31f 24 c7f000
31f 25 c7f000
31f 26 c7f000
31f 27 c7f000
31f 28 c7f000
31f 29 c7f000
31f 2a c7f000
31f 2b c7f000
31f 2c c7f000
31f 2d c7f000
31f 2e c7f000
31f 2f c7f000
31f 30 c7c042
31f 31 c7c042
31f 32 c7c042
31f 33 c7c042
31f 34 c7c042
31f 35 c7c042
31f 36 c7c042
31f 37 c7c042
31f 38 c7c042
31f 39 c7c042
31f 3a c7c042
31f 3b c7c042
31f 3c c7c042
31f 3d c7c042
31f 3e c7c042
31f 3f c7c042
31f 40 c7f000
31f 41 c7f000
31f 42 c7f000
31f 43 c7f000
31f 44 c7f000
31f 45 c7f000
31f 46 c7f000
31f 47 c7f000
31f 48 c7f000
31f 49 c7f000
31f 4a c7f000
31f 4b c7f000
31f 4c c7f000
31f 4d c7f000
31f 4e c7f000
31f 4f c7f000
31f 50 c7c042
31f 51 c7c042
31f 52 c7c042
31f 53 c7c042
31f 54 c7c042
31f 55 c7c042
31f 56 c7c042
31f 57 c7c042
31f 58 c7c042
31f 59 c7c042
31f 5a c7c042
31f 5b c7c042
31f 5c c7c042
31f 5d c7c042
31f 5e c7c042
31f 5f c7c042
31f 60 c7f000
31f 61 c7f000
31f 62 c7f000
31f 63 c7f000
31f 64 c7f000
31f 65 c7f000
31f 66 c7f000
31f 67 c7f000
31f 68 c7f000
31f 69 c7f000
31f 6a c7f000
31f 6b c7f000
31f 6c c7f000
31f 6d c7f000
31f 6e c7f000
31f 6f c7f000
31f 70 c7c042
31f 71 c7c042
31f 72 c7c042
31f 73 c7c042
31f 74 c7c042
31f 75 c7c042
31f 76 c7c042
31f 77 c7c042
31f 78 c7c042
31f 79 c7c042
31f 7a c7c042
31f 7b c7c042
31f 7c c7c042
31f 7d c7c042
31f 7e c7c042
31f 7f c7c042
31f 80 c7f000
31f 81 c7f000
31f 82 c7f000
31f 83 c7f000
31f 84 c7f000
31f 85 c7f000
31f 86 c7f000
31f 87 c7f000
31f 88 c7f000
31f 89 c7f000
31f 8a c7f000
31f 8b c7f000
31f 8c c7f000
31f 8d c7f000
31f 8e c7f000
31f 8f c7f000
31f 90 c7c042
31f 91 c7c042
31f 92 c7c042
31f 93 c7c042
31f 94 c7c042
31f 95 c7c042
31f 96 c7c042
31f 97 c7c042
31f 98 c7c042
31f 99 c7c042
31f 9a c7c042
31f 9b c7c042
31f 9c c7c042
31f 9d c7c042
31f 9e c7c042
31f 9f c7c042
31f a0 c7f000
31f a1 c7f000
31f a2 c7f000
31f a3 c7f000
31f a4 c7f000
31f a5 c7f000
31f a6 c7f000
31f a7 c7f000
31f a8 c7f000
31f a9 c7f000
31f aa c7f000
31f ab c7f000
31f ac c7f000
31f ad c7f000
31f ae c7f000
31f af c7f000
31f b0 c7c042
31f b1 c7c042
31f b2 c7c042
31f b3 c7c042
31f b4 c7c042
31f b5 c7c042
31f b6 c7c042
31f b7 c7c042
31f b8 c7c042
31f b9 c7c042
31f ba c7c042
31f bb c7c042
31f bc c7c042
31f bd c7c042
31f be c7c042
31f bf c7c042
31f c0 c7f000
31f c1 c7f000
31f c2 c7f000
31f c3 c7f000
31f c4 c7f000
31f c5 c7f000
31f c6 c7f000
31f c7 c7f000
31f c8 c7f000
31f c9 c7f000
31f ca c7f000
31f cb c7f000
31f cc c7f000
31f cd c7f000
31f ce c7f000
31f cf c7f000
31f d0 c7c042
31f d1 c7c042
31f d2 c7c042
31f d3 c7c042
31f d4 c7c042
31f d5 c7c042
31f d6 c7c042
31f d7 c7c042
31f d8 c7c042
31f d9 c7c042
31f da c7c042
31f db c7c042
31f dc c7c042
31f dd c7c042
31f de c7c042
31f df c7c042
31f e0 c7f000
31f e1 c7f000
31f e2 c7f000
31f e3 c7f000
31f e4 c7f000
31f e5 c7f000
31f e6 c7f000
31f e7 c7f000
31f e8 c7f000
31f e9 c7f000
31f ea c7f000
31f eb c7f000
31f ec c7f000
31f ed c7f000
31f ee c7f000
31f ef c7f000
31f f0 c7c042
31f f1 c7c042
31f f2 c7c042
31f f3 c7c042
31f f4 c7c042
31f f5 c7c042
31f f6 c7c042
31f f7 c7c042
31f f8 c7c042
31f f9 c7c042
31f fa c7c042
31f fb c7c042
31f fc c7c042
31f fd c7c042
31f fe c7c042
31f ff c7c042
31d 00 c77400
31d 01 c77400
31d 02 c77400
31d 03 c77400
31d 04 c77400
31d 05 c77400
31d 06 c77400
31d 07 c77400
31d 08 c77400
31d 09 c77400
31d 0a c77400
31d 0b c77400
31d 0c c77400
31d 0d c77400
31d 0e c77400
31d 0f c77400
31d 10 c74440
31d 11 c74440
31d 12 c74440
31d 13 c74440
31d 14 c74440
31d 15 c74440
31d 16 c74440
31d 17 c74440
31d 18 c74440
31d 19 c74440
31d 1a c74440
31d 1b c74440
31d 1c c74440
31d 1d c74440
31d 1e c74440
31d 1f c74440
31d 20 c74480
31d 21 c74480
31d 22 c74480
31d 23 c74480
31d 24 c74480
31d 25 c74480
31d 26 c74480
31d 27 c74480
31d 28 c74480
31d 29 c74480
31d 2a c74480
31d 2b c74480
31d 2c c74480
31d 2d c74480
31d 2e c74480
31d 2f c74480
31d 30 c744c0
31d 31 c744c0
31d 32 c744c0
31d 33 c744c0
31d 34 c744c0
31d 35 c744c0
31d 36 c744c0
31d 37 c744c0
31d 38 c744c0
31d 39 c744c0
31d 3a c744c0
31d 3b c744c0
31d 3c c744c0
31d 3d c744c0
31d 3e c744c0
31d 3f c744c0
31d 40 c77400
31d 41 c77400
31d 42 c77400
31d 43 c77400
31d 44 c77400
31d 45 c77400
31d 46 c77400
31d 47 c77400
31d 48 c77400
31d 49 c77400
31d 4a c77400
31d 4b c77400
31d 4c c77400
31d 4d c77400
31d 4e c77400
31d 4f c77400
31d 50 c74440
31d 51 c74440
31d 52 c74440
31d 53 c74440
31d 54 c74440
31d 55 c74440
31d 56 c74440
31d 57 c74440
31d 58 c74440
31d 59 c74440
31d 5a c74440
31d 5b c74440
31d 5c c74440
31d 5d c74440
31d 5e c74440
31d 5f c74440
31d 60 c74480
31d 61 c74480
31d 62 c74480
31d 63 c74480
31d 64 c74480
31d 65 c74480
31d 66 c74480
31d 67 c74480
31d 68 c74480
31d 69 c74480
31d 6a c74480
31d 6b c74480
31d 6c c74480
31d 6d c74480
31d 6e c74480
31d 6f c74480
31d 70 c744c0
31d 71 c744c0
31d 72 c744c0
31d 73 c744c0
31d 74 c744c0
31d 75 c744c0
31d 76 c744c0
31d 77 c744c0
31d 78 c744c0
31d 79 c744c0
31d 7a c744c0
31d 7b c744c0
31d 7c c744c0
31d 7d c744c0
31d 7e c744c0
31d 7f c744c0
31d 80 c77400
31d 81 c77400
31d 82 c77400
31d 83 c77400
31d 84 c77400
31d 85 c77400
31d 86 c77400
31d 87 c77400
31d 88 c77400
31d 89 c77400
31d 8a c77400
31d 8b c77400
31d 8c c77400
31d 8d c77400
31d 8e c77400
31d 8f c77400
31d 90 c74440
31d 91 c74440
31d 92 c74440
31d 93 c74440
31d 94 c74440
31d 95 c74440
31d 96 c74440
31d 97 c74440
31d 98 c74440
31d 99 c74440
31d 9a c74440
31d 9b c74440
31d 9c c74440
31d 9d c74440
31d 9e c74440
31d 9f c74440
31d a0 c74480
31d a1 c74480
31d a2 c74480
31d a3 c74480
31d a4 c74480
31d a5 c74480
31d a6 c74480
31d a7 c74480
31d a8 c74480
31d a9 c74480
31d aa c74480
31d ab c74480
31d ac c74480
31d ad c74480
31d ae c74480
31d af c74480
31d b0 c744c0
31d b1 c744c0
31d b2 c744c0
31d b3 c744c0
31d b4 c744c0
31d b5 c744c0
31d b6 c744c0
31d b7 c744c0
31d b8 c744c0
31d b9 c744c0
31d ba c744c0
31d bb c744c0
31d bc c744c0
31d bd c744c0
31d be c744c0
31d bf c744c0
31d c0 c77400
31d c1 c77400
31d c2 c77400
31d c3 c77400
31d c4 c77400
31d c5 c77400
31d c6 c77400
31d c7 c77400
31d c8 c77400
31d c9 c77400
31d ca c77400
31d cb c77400
31d cc c77400
31d cd c77400
31d ce c77400
31d cf c77400
31d d0 c74440
31d d1 c74440
31d d2 c74440
31d d3 c74440
31d d4 c74440
31d d5 c74440
31d d6 c74440
31d d7 c74440
31d d8 c74440
31d d9 c74440
31d da c74440
31d db c74440
31d dc c74440
31d dd c74440
31d de c74440
31d df c74440
31d e0 c74480
31d e1 c74480
31d e2 c74480
31d e3 c74480
31d e4 c74480
31d e5 c74480
31d e6 c74480
31d e7 c74480
31d e8 c74480
31d e9 c74480
31d ea c74480
31d eb c74480
31d ec c74480
31d ed c74480
31d ee c74480
31d ef c74480
31d f0 c744c0
31d f1 c744c0
31d f2 c744c0
31d f3 c744c0
31d f4 c744c0
31d f5 c744c0
31d f6 c744c0
31d f7 c744c0
31d f8 c744c0
31d f9 c744c0
31d fa c744c0
31d fb c744c0
31d fc c744c0
31d fd c744c0
31d fe c744c0
31d ff c744c0
314 00 c53400
314 01 c53400
314 02 c53400
314 03 c53400
314 04 c53400
314 05 c53400
314 06 c53400
314 07 c53400
314 08 c53400
314 09 c53400
314 0a c53400
314 0b c53400
314 0c c53400
314 0d c53400
314 0e c53400
314 0f c53400
314 10 c50440
314 11 c50440
314 12 c50440
314 13 c50440
314 14 c50440
314 15 c50440
314 16 c50440
314 17 c50440
314 18 c50440
314 19 c50440
314 1a c50440
314 1b c50440
314 1c c50440
314 1d c50440
314 1e c50440
314 1f c50440
314 20 c50480
314 21 c50480
314 22 c50480
314 23 c50480
314 24 c50480
314 25 c50480
314 26 c50480
314 27 c50480
314 28 c50480
314 29 c50480
314 2a c50480
314 2b c50480
314 2c c50480
314 2d c50480
314 2e c50480
314 2f c50480
314 30 c504c0
314 31 c504c0
314 32 c504c0
314 33 c504c0
314 34 c504c0
314 35 c504c0
314 36 c504c0
314 37 c504c0
314 38 c504c0
314 39 c504c0
314 3a c504c0
314 3b c504c0
314 3c c504c0
314 3d c504c0
314 3e c504c0
314 3f c504c0
314 40 c53400
314 41 c53400
314 42 c53400
314 43 c53400
314 44 c53400
314 45 c53400
314 46 c53400
314 47 c53400
314 48 c53400
314 49 c53400
314 4a c53400
314 4b c53400
314 4c c53400
314 4d c53400
314 4e c53400
314 4f c53400
314 50 c50440
314 51 c50440
314 52 c50440
314 53 c50440
314 54 c50440
314 55 c50440
314 56 c50440
314 57 c50440
314 58 c50440
314 59 c50440
314 5a c50440
314 5b c50440
314 5c c50440
314 5d c50440
314 5e c50440
314 5f c50440
314 60 c50480
314 61 c50480
314 62 c50480
314 63 c50480
314 64 c50480
314 65 c50480
314 66 c50480
314 67 c50480
314 68 c50480
314 69 c50480
314 6a c50480
314 6b c50480
314 6c c50480
314 6d c50480
314 6e c50480
314 6f c50480
314 70 c504c0
314 71 c504c0
314 72 c504c0
314 73 c504c0
314 74 c504c0
314 75 c504c0
314 76 c504c0
314 77 c504c0
314 78 c504c0
314 79 c504c0
314 7a c504c0
314 7b c504c0
314 7c c504c0
314 7d c504c0
314 7e c504c0
314 7f c504c0
314 80 c53400
314 81 c53400
314 82 c53400
314 83 c53400
314 84 c53400
314 85 c53400
314 86 c53400
314 87 c53400
314 88 c53400
314 89 c53400
314 8a c53400
314 8b c53400
314 8c c53400
314 8d c53400
314 8e c53400
314 8f c53400
314 90 c50440
314 91 c50440
314 92 c50440
314 93 c50440
314 94 c50440
314 95 c50440
314 96 c50440
314 97 c50440
314 98 c50440
314 99 c50440
314 9a c50440
314 9b c50440
314 9c c50440
314 9d c50440
314 9e c50440
314 9f c50440
314 a0 c50480
314 a1 c50480
314 a2 c50480
314 a3 c50480
314 a4 c50480
314 a5 c50480
314 a6 c50480
314 a7 c50480
314 a8 c50480
314 a9 c50480
314 aa c50480
314 ab c50480
314 ac c50480
314 ad c50480
314 ae c50480
314 af c50480
314 b0 c504c0
314 b1 c504c0
314 b2 c504c0
314 b3 c504c0
314 b4 c504c0
314 b5 c504c0
314 b6 c504c0
314 b7 c504c0
314 b8 c504c0
314 b9 c504c0
314 ba c504c0
314 bb c504c0
314 bc c504c0
314 bd c504c0
314 be c504c0
314 bf c504c0
314 c0 c53400
314 c1 c53400
314 c2 c53400
314 c3 c53400
314 c4 c53400
314 c5 c53400
314 c6 c53400
314 c7 c53400
314 c8 c53400
314 c9 c53400
314 ca c53400
314 cb c53400
314 cc c53400
314 cd c53400
314 ce c53400
314 cf c53400
314 d0 c50440
314 d1 c50440
314 d2 c50440
314 d3 c50440
314 d4 c50440
314 d5 c50440
314 d6 c50440
314 d7 c50440
314 d8 c50440
314 d9 c50440
314 da c50440
314 db c50440
314 dc c50440
314 dd c50440
314 de c50440
314 df c50440
314 e0 c50480
314 e1 c50480
314 e2 c50480
314 e3 c50480
314 e4 c50480
314 e5 c50480
314 e6 c50480
314 e7 c50480
314 e8 c50480
314 e9 c50480
314 ea c50480
314 eb c50480
314 ec c50480
314 ed c50480
314 ee c50480
314 ef c50480
314 f0 c504c0
314 f1 c504c0
314 f2 c504c0
314 f3 c504c0
314 f4 c504c0
314 f5 c504c0
314 f6 c504c0
314 f7 c504c0
314 f8 c504c0
314 f9 c504c0
314 fa c504c0
314 fb c504c0
314 fc c504c0
314 fd c504c0
314 fe c504c0
314 ff c504c0
317 00 c5f400
317 01 c5f400
317 02 c5f400
317 03 c5f400
317 04 c5f400
317 05 c5f400
317 06 c5f400
317 07 c5f400
317 08 c5f400
317 09 c5f400
317 0a c5f400
317 0b c5f400
317 0c c5f400
317 0d c5f400
317 0e c5f400
317 0f c5f400
317 10 c5c440
317 11 c5c440
317 12 c5c440
317 13 c5c440
317 14 c5c440
317 15 c5c440
317 16 c5c440
317 17 c5c440
317 18 c5c440
317 19 c5c440
317 1a c5c440
317 1b c5c440
317 1c c5c440
317 1d c5c440
317 1e c5c440
317 1f c5c440
317 20 c5c480
317 21 c5c480
317 22 c5c480
317 23 c5c480
317 24 c5c480
317 25 c5c480
317 26 c5c480
317 27 c5c480
317 28 c5c480
317 29 c5c480
317 2a c5c480
317 2b c5c480
317 2c c5c480
317 2d c5c480
317 2e c5c480
317 2f c5c480
317 30 c5c4c0
317 31 c5c4c0
317 32 c5c4c0
317 33 c5c4c0
317 34 c5c4c0
317 35 c5c4c0
317 36 c5c4c0
317 37 c5c4c0
317 38 c5c4c0
317 39 c5c4c0
317 3a c5c4c0
317 3b c5c4c0
317 3c c5c4c0
317 3d c5c4c0
317 3e c5c4c0
317 3f c5c4c0
317 40 c5f400
317 41 c5f400
317 42 c5f400
317 43 c5f400
317 44 c5f400
317 45 c5f400
317 46 c5f400
317 47 c5f400
317 48 c5f400
317 49 c5f400
317 4a c5f400
317 4b c5f400
317 4c c5f400
317 4d c5f400
317 4e c5f400
317 4f c5f400
317 50 c5c440
317 51 c5c440
317 52 c5c440
317 53 c5c440
317 54 c5c440
317 55 c5c440
317 56 c5c440
317 57 c5c440
317 58 c5c440
317 59 c5c440
317 5a c5c440
317 5b c5c440
317 5c c5c440
317 5d c5c440
317 5e c5c440
317 5f c5c440
317 60 c5c480
317 61 c5c480
317 62 c5c480
317 63 c5c480
317 64 c5c480
317 65 c5c480
317 66 c5c480
317 67 c5c480
317 68 c5c480
317 69 c5c480
317 6a c5c480
317 6b c5c480
317 6c c5c480
317 6d c5c480
317 6e c5c480
317 6f c5c480
317 70 c5c4c0
317 71 c5c4c0
317 72 c5c4c0
317 73 c5c4c0
317 74 c5c4c0
317 75 c5c4c0
317 76 c5c4c0
317 77 c5c4c0
317 78 c5c4c0
317 79 c5c4c0
317 7a c5c4c0
317 7b c5c4c0
317 7c c5c4c0
317 7d c5c4c0
317 7e c5c4c0
317 7f c5c4c0
317 80 c5f400
317 81 c5f400
317 82 c5f400
317 83 c5f400
317 84 c5f400
317 85 c5f400
317 86 c5f400
317 87 c5f400
317 88 c5f400
317 89 c5f400
317 8a c5f400
317 8b c5f400
317 8c c5f400
317 8d c5f400
317 8e c5f400
317 8f c5f400
317 90 c5c440
317 91 c5c440
317 92 c5c440
317 93 c5c440
317 94 c5c440
317 95 c5c440
317 96 c5c440
317 97 c5c440
317 98 c5c440
317 99 c5c440
317 9a c5c440
317 9b c5c440
317 9c c5c440
317 9d c5c440
317 9e c5c440
317 9f c5c440
317 a0 c5c480
317 a1 c5c480
317 a2 c5c480
317 a3 c5c480
317 a4 c5c480
317 a5 c5c480
317 a6 c5c480
317 a7 c5c480
317 a8 c5c480
317 a9 c5c480
317 aa c5c480
317 ab c5c480
317 ac c5c480
317 ad c5c480
317 ae c5c480
317 af c5c480
317 b0 c5c4c0
317 b1 c5c4c0
317 b2 c5c4c0
317 b3 c5c4c0
317 b4 c5c4c0
317 b5 c5c4c0
317 b6 c5c4c0
317 b7 c5c4c0
317 b8 c5c4c0
317 b9 c5c4c0
317 ba c5c4c0
317 bb c5c4c0
317 bc c5c4c0
317 bd c5c4c0
317 be c5c4c0
317 bf c5c4c0
317 c0 c5f400
317 c1 c5f400
317 c2 c5f400
317 c3 c5f400
317 c4 c5f400
317 c5 c5f400
317 c6 c5f400
317 c7 c5f400
317 c8 c5f400
317 c9 c5f400
317 ca c5f400
317 cb c5f400
317 cc c5f400
317 cd c5f400
317 ce c5f400
317 cf c5f400
317 d0 c5c440
317 d1 c5c440
317 d2 c5c440
317 d3 c5c440
317 d4 c5c440
317 d5 c5c440
317 d6 c5c440
317 d7 c5c440
317 d8 c5c440
317 d9 c5c440
317 da c5c440
317 db c5c440
317 dc c5c440
317 dd c5c440
317 de c5c440
317 df c5c440
317 e0 c5c480
317 e1 c5c480
317 e2 c5c480
317 e3 c5c480
317 e4 c5c480
317 e5 c5c480
317 e6 c5c480
317 e7 c5c480
317 e8 c5c480
317 e9 c5c480
317 ea c5c480
317 eb c5c480
317 ec c5c480
317 ed c5c480
317 ee c5c480
317 ef c5c480
317 f0 c5c4c0
317 f1 c5c4c0
317 f2 c5c4c0
317 f3 c5c4c0
317 f4 c5c4c0
317 f5 c5c4c0
317 f6 c5c4c0
317 f7 c5c4c0
317 f8 c5c4c0
317 f9 c5c4c0
317 fa c5c4c0
317 fb c5c4c0
317 fc c5c4c0
317 fd c5c4c0
317 fe c5c4c0
317 ff c5c4c0
315 00 c57800
315 01 c57800
315 02 c57800
315 03 c57800
315 04 c57800
315 05 c57800
315 06 c57800
315 07 c57800
315 08 c57800
315 09 c57800
315 0a c57800
315 0b c57800
315 0c c57800
315 0d c57800
315 0e c57800
315 0f c57800
315 10 c54840
315 11 c54840
315 12 c54840
315 13 c54840
315 14 c54840
315 15 c54840
315 16 c54840
315 17 c54840
315 18 c54840
315 19 c54840
315 1a c54840
315 1b c54840
315 1c c54840
315 1d c54840
315 1e c54840
315 1f c54840
315 20 c54880
315 21 c54880
315 22 c54880
315 23 c54880
315 24 c54880
315 25 c54880
315 26 c54880
315 27 c54880
315 28 c54880
315 29 c54880
315 2a c54880
315 2b c54880
315 2c c54880
315 2d c54880
315 2e c54880
315 2f c54880
315 30 c548c0
315 31 c548c0
315 32 c548c0
315 33 c548c0
315 34 c548c0
315 35 c548c0
315 36 c548c0
315 37 c548c0
315 38 c548c0
315 39 c548c0
315 3a c548c0
315 3b c548c0
315 3c c548c0
315 3d c548c0
315 3e c548c0
315 3f c548c0
315 40 c57800
315 41 c57800
315 42 c57800
315 43 c57800
315 44 c57800
315 45 c57800
315 46 c57800
315 47 c57800
315 48 c57800
315 49 c57800
315 4a c57800
315 4b c57800
315 4c c57800
315 4d c57800
315 4e c57800
315 4f c57800
315 50 c54840
315 51 c54840
315 52 c54840
315 53 c54840
315 54 c54840
315 55 c54840
315 56 c54840
315 57 c54840
315 58 c54840
315 59 c54840
315 5a c54840
315 5b c54840
315 5c c54840
315 5d c54840
315 5e c54840
315 5f c54840
315 60 c54880
315 61 c54880
315 62 c54880
315 63 c54880
315 64 c54880
315 65 c54880
315 66 c54880
315 67 c54880
315 68 c54880
315 69 c54880
315 6a c54880
315 6b c54880
315 6c c54880
315 6d c54880
315 6e c54880
315 6f c54880
315 70 c548c0
315 71 c548c0
315 72 c548c0
315 73 c548c0
315 74 c548c0
315 75 c548c0
315 76 c548c0
315 77 c548c0
315 78 c548c0
315 79 c548c0
315 7a c548c0
315 7b c548c0
315 7c c548c0
315 7d c548c0
315 7e c548c0
315 7f c548c0
315 80 c57800
315 81 c57800
315 82 c57800
315 83 c57800
315 84 c57800
315 85 c57800
315 86 c57800
315 87 c57800
315 88 c57800
315 89 c57800
315 8a c57800
315 8b c57800
315 8c c57800
315 8d c57800
315 8e c57800
315 8f c57800
315 90 c54840
315 91 c54840
315 92 c54840
315 93 c54840
315 94 c54840
315 95 c54840
315 96 c54840
315 97 c54840
315 98 c54840
315 99 c54840
315 9a c54840
315 9b c54840
315 9c c54840
315 9d c54840
315 9e c54840
315 9f c54840
315 a0 c54880
315 a1 c54880
315 a2 c54880
315 a3 c54880
315 a4 c54880
315 a5 c54880
315 a6 c54880
315 a7 c54880
315 a8 c54880
315 a9 c54880
315 aa c54880
315 ab c54880
315 ac c54880
315 ad c54880
315 ae c54880
315 af c54880
315 b0 c548c0
315 b1 c548c0
315 b2 c548c0
315 b3 c548c0
315 b4 c548c0
315 b5 c548c0
315 b6 c548c0
315 b7 c548c0
315 b8 c548c0
315 b9 c548c0
315 ba c548c0
315 bb c548c0
315 bc c548c0
315 bd c548c0
315 be c548c0
315 bf c548c0
315 c0 c57800
315 c1 c57800
315 c2 c57800
315 c3 c57800
315 c4 c57800
315 c5 c57800
315 c6 c57800
315 c7 c57800
315 c8 c57800
315 c9 c57800
315 ca c57800
315 cb c57800
315 cc c57800
315 cd c57800
315 ce c57800
315 cf c57800
315 d0 c54840
315 d1 c54840
315 d2 c54840
315 d3 c54840
315 d4 c54840
315 d5 c54840
315 d6 c54840
315 d7 c54840
315 d8 c54840
315 d9 c54840
315 da c54840
315 db c54840
315 dc c54840
315 dd c54840
315 de c54840
315 df c54840
315 e0 c54880
315 e1 c54880
315 e2 c54880
315 e3 c54880
315 e4 c54880
315 e5 c54880
315 e6 c54880
315 e7 c54880
315 e8 c54880
315 e9 c54880
315 ea c54880
315 eb c54880
315 ec c54880
315 ed c54880
315 ee c54880
315 ef c54880
315 f0 c548c0
315 f1 c548c0
315 f2 c548c0
315 f3 c548c0
315 f4 c548c0
315 f5 c548c0
315 f6 c548c0
315 f7 c548c0
315 f8 c548c0
315 f9 c548c0
315 fa c548c0
315 fb c548c0
315 fc c548c0
315 fd c548c0
315 fe c548c0
315 ff c548c0
3c0 00 f03000
3c0 01 f03000
3c0 02 f03000
3c0 03 f03000
3c0 04 f03000
3c0 05 f03000
3c0 06 f03000
3c0 07 f03000
3c0 08 f03000
3c0 09 f03000
3c0 0a f03000
3c0 0b f03000
3c0 0c f03000
3c0 0d f03000
3c0 0e f03000
3c0 0f f03000
3c0 10 f03000
3c0 11 f03000
3c0 12 f03000
3c0 13 f03000
3c0 14 f03000
3c0 15 f03000
3c0 16 f03000
3c0 17 f03000
3c0 18 f03000
3c0 19 f03000
3c0 1a f03000
3c0 1b f03000
3c0 1c f03000
3c0 1d f03000
3c0 1e f03000
3c0 1f f03000
3c0 20 f03000
3c0 21 f03000
3c0 22 f03000
3c0 23 f03000
3c0 24 f03000
3c0 25 f03000
3c0 26 f03000
3c0 27 f03000
3c0 28 f03000
3c0 29 f03000
3c0 2a f03000
3c0 2b f03000
3c0 2c f03000
3c0 2d f03000
3c0 2e f03000
3c0 2f f03000
3c0 30 f03000
3c0 31 f03000
3c0 32 f03000
3c0 33 f03000
3c0 34 f03000
3c0 35 f03000
3c0 36 f03000
3c0 37 f03000
3c0 38 f03000
3c0 39 f03000
3c0 3a f03000
3c0 3b f03000
3c0 3c f03000
3c0 3d f03000
3c0 3e f03000
3c0 3f f03000
3c0 40 f03000
3c0 41 f03000
3c0 42 f03000
3c0 43 f03000
3c0 44 f03000
3c0 45 f03000
3c0 46 f03000
3c0 47 f03000
3c0 48 f03000
3c0 49 f03000
3c0 4a f03000
3c0 4b f03000
3c0 4c f03000
3c0 4d f03000
3c0 4e f03000
3c0 4f f03000
3c0 50 f03000
3c0 51 f03000
3c0 52 f03000
3c0 53 f03000
3c0 54 f03000
3c0 55 f03000
3c0 56 f03000
3c0 57 f03000
3c0 58 f03000
3c0 59 f03000
3c0 5a f03000
3c0 5b f03000
3c0 5c f03000
3c0 5d f03000
3c0 5e f03000
3c0 5f f03000
3c0 60 f03000
3c0 61 f03000
3c0 62 f03000
3c0 63 f03000
3c0 64 f03000
3c0 65 f03000
3c0 66 f03000
3c0 67 f03000
3c0 68 f03000
3c0 69 f03000
3c0 6a f03000
3c0 6b f03000
3c0 6c f03000
3c0 6d f03000
3c0 6e f03000
3c0 6f f03000
3c0 70 f03000
3c0 71 f03000
3c0 72 f03000
3c0 73 f03000
3c0 74 f03000
3c0 75 f03000
3c0 76 f03000
3c0 77 f03000
3c0 78 f03000
3c0 79 f03000
3c0 7a f03000
3c0 7b f03000
3c0 7c f03000
3c0 7d f03000
3c0 7e f03000
3c0 7f f03000
3c0 80 f03000
3c0 81 f03000
3c0 82 f03000
3c0 83 f03000
3c0 84 f03000
3c0 85 f03000
3c0 86 f03000
3c0 87 f03000
3c0 88 f03000
3c0 89 f03000
3c0 8a f03000
3c0 8b f03000
3c0 8c f03000
3c0 8d f03000
3c0 8e f03000
3c0 8f f03000
3c0 90 f03000
3c0 91 f03000
3c0 92 f03000
3c0 93 f03000
3c0 94 f03000
3c0 95 f03000
3c0 96 f03000
3c0 97 f03000
3c0 98 f03000
3c0 99 f03000
3c0 9a f03000
3c0 9b f03000
3c0 9c f03000
3c0 9d f03000
3c0 9e f03000
3c0 9f f03000
3c0 a0 f03000
3c0 a1 f03000
3c0 a2 f03000
3c0 a3 f03000
3c0 a4 f03000
3c0 a5 f03000
3c0 a6 f03000
3c0 a7 f03000
3c0 a8 f03000
3c0 a9 f03000
3c0 aa f03000
3c0 ab f03000
3c0 ac f03000
3c0 ad f03000
3c0 ae f03000
3c0 af f03000
3c0 b0 f03000
3c0 b1 f03000
3c0 b2 f03000
3c0 b3 f03000
3c0 b4 f03000
3c0 b5 f03000
3c0 b6 f03000
3c0 b7 f03000
3c0 b8 f03000
3c0 b9 f03000
3c0 ba f03000
3c0 bb f03000
3c0 bc f03000
3c0 bd f03000
3c0 be f03000
3c0 bf f03000
3c0 c0 f03000
3c0 c1 f03000
3c0 c2 f03000
3c0 c3 f03000
3c0 c4 f03000
3c0 c5 f03000
3c0 c6 f03000
3c0 c7 f03000
3c0 c8 f03000
3c0 c9 f03000
3c0 ca f03000
3c0 cb f03000
3c0 cc f03000
3c0 cd f03000
3c0 ce f03000
3c0 cf f03000
3c0 d0 f03000
3c0 d1 f03000
3c0 d2 f03000
3c0 d3 f03000
3c0 d4 f03000
3c0 d5 f03000
3c0 d6 f03000
3c0 d7 f03000
3c0 d8 f03000
3c0 d9 f03000
3c0 da f03000
3c0 db f03000
3c0 dc f03000
3c0 dd f03000
3c0 de f03000
3c0 df f03000
3c0 e0 f03000
3c0 e1 f03000
3c0 e2 f03000
3c0 e3 f03000
3c0 e4 f03000
3c0 e5 f03000
3c0 e6 f03000
3c0 e7 f03000
3c0 e8 f03000
3c0 e9 f03000
3c0 ea f03000
3c0 eb f03000
3c0 ec f03000
3c0 ed f03000
3c0 ee f03000
3c0 ef f03000
3c0 f0 f03000
3c0 f1 f03000
3c0 f2 f03000
3c0 f3 f03000
3c0 f4 f03000
3c0 f5 f03000
3c0 f6 f03000
3c0 f7 f03000
3c0 f8 f03000
3c0 f9 f03000
3c0 fa f03000
3c0 fb f03000
3c0 fc f03000
3c0 fd f03000
3c0 fe f03000
3c0 ff f03000
3c3 00 f0f000
3c3 01 f0f000
3c3 02 f0f000
3c3 03 f0f000
3c3 04 f0f000
3c3 05 f0f000
3c3 06 f0f000
3c3 07 f0f000
3c3 08 f0f000
3c3 09 f0f000
3c3 0a f0f000
3c3 0b f0f000
3c3 0c f0f000
3c3 0d f0f000
3c3 0e f0f000
3c3 0f f0f000
3c3 10 f0f000
3c3 11 f0f000
3c3 12 f0f000
3c3 13 f0f000
3c3 14 f0f000
3c3 15 f0f000
3c3 16 f0f000
3c3 17 f0f000
3c3 18 f0f000
3c3 19 f0f000
3c3 1a f0f000
3c3 1b f0f000
3c3 1c f0f000
3c3 1d f0f000
3c3 1e f0f000
3c3 1f f0f000
3c3 20 f0f000
3c3 21 f0f000
3c3 22 f0f000
3c3 23 f0f000
3c3 24 f0f000
3c3 25 f0f000
3c3 26 f0f000
3c3 27 f0f000
3c3 28 f0f000
3c3 29 f0f000
3c3 2a f0f000
3c3 2b f0f000
3c3 2c f0f000
3c3 2d f0f000
3c3 2e f0f000
3c3 2f f0f000
3c3 30 f0f000
3c3 31 f0f000
3c3 32 f0f000
3c3 33 f0f000
3c3 34 f0f000
3c3 35 f0f000
3c3 36 f0f000
3c3 37 f0f000
3c3 38 f0f000
3c3 39 f0f000
3c3 3a f0f000
3c3 3b f0f000
3c3 3c f0f000
3c3 3d f0f000
3c3 3e f0f000
3c3 3f f0f000
3c3 40 f0e100
3c3 41 f0e100
3c3 42 f0e100
3c3 43 f0e100
3c3 44 f0e100
3c3 45 f0e100
3c3 46 f0e100
3c3 47 f0e100
3c3 48 f0e100
3c3 49 f0e100
3c3 4a f0e100
3c3 4b f0e100
3c3 4c f0e100
3c3 4d f0e100
3c3 4e f0e100
3c3 4f f0e100
3c3 50 f0e100
3c3 51 f0e100
3c3 52 f0e100
3c3 53 f0e100
3c3 54 f0e100
3c3 55 f0e100
3c3 56 f0e100
3c3 57 f0e100
3c3 58 f0e100
3c3 59 f0e100
3c3 5a f0e100
3c3 5b f0e100
3c3 5c f0e100
3c3 5d f0e100
3c3 5e f0e100
3c3 5f f0e100
3c3 60 f0e100
3c3 61 f0e100
3c3 62 f0e100
3c3 63 f0e100
3c3 64 f0e100
3c3 65 f0e100
3c3 66 f0e100
3c3 67 f0e100
3c3 68 f0e100
3c3 69 f0e100
3c3 6a f0e100
3c3 6b f0e100
3c3 6c f0e100
3c3 6d f0e100
3c3 6e f0e100
3c3 6f f0e100
3c3 70 f0e100
3c3 71 f0e100
3c3 72 f0e100
3c3 73 f0e100
3c3 74 f0e100
3c3 75 f0e100
3c3 76 f0e100
3c3 77 f0e100
3c3 78 f0e100
3c3 79 f0e100
3c3 7a f0e100
3c3 7b f0e100
3c3 7c f0e100
3c3 7d f0e100
3c3 7e f0e100
3c3 7f f0e100
3c3 80 f0f000
3c3 81 f0f000
3c3 82 f0f000
3c3 83 f0f000
3c3 84 f0f000
3c3 85 f0f000
3c3 86 f0f000
3c3 87 f0f000
3c3 88 f0f000
3c3 89 f0f000
3c3 8a f0f000
3c3 8b f0f000
3c3 8c f0f000
3c3 8d f0f000
3c3 8e f0f000
3c3 8f f0f000
3c3 90 f0f000
3c3 91 f0f000
3c3 92 f0f000
3c3 93 f0f000
3c3 94 f0f000
3c3 95 f0f000
3c3 96 f0f000
3c3 97 f0f000
3c3 98 f0f000
3c3 99 f0f000
3c3 9a f0f000
3c3 9b f0f000
3c3 9c f0f000
3c3 9d f0f000
3c3 9e f0f000
3c3 9f f0f000
3c3 a0 f0f000
3c3 a1 f0f000
3c3 a2 f0f000
3c3 a3 f0f000
3c3 a4 f0f000
3c3 a5 f0f000
3c3 a6 f0f000
3c3 a7 f0f000
3c3 a8 f0f000
3c3 a9 f0f000
3c3 aa f0f000
3c3 ab f0f000
3c3 ac f0f000
3c3 ad f0f000
3c3 ae f0f000
3c3 af f0f000
3c3 b0 f0f000
3c3 b1 f0f000
3c3 b2 f0f000
3c3 b3 f0f000
3c3 b4 f0f000
3c3 b5 f0f000
3c3 b6 f0f000
3c3 b7 f0f000
3c3 b8 f0f000
3c3 b9 f0f000
3c3 ba f0f000
3c3 bb f0f000
3c3 bc f0f000
3c3 bd f0f000
3c3 be f0f000
3c3 bf f0f000
3c3 c0 f0e100
3c3 c1 f0e100
3c3 c2 f0e100
3c3 c3 f0e100
3c3 c4 f0e100
3c3 c5 f0e100
3c3 c6 f0e100
3c3 c7 f0e100
3c3 c8 f0e100
3c3 c9 f0e100
3c3 ca f0e100
3c3 cb f0e100
3c3 cc f0e100
3c3 cd f0e100
3c3 ce f0e100
3c3 cf f0e100
3c3 d0 f0e100
3c3 d1 f0e100
3c3 d2 f0e100
3c3 d3 f0e100
3c3 d4 f0e100
3c3 d5 f0e100
3c3 d6 f0e100
3c3 d7 f0e100
3c3 d8 f0e100
3c3 d9 f0e100
3c3 da f0e100
3c3 db f0e100
3c3 dc f0e100
3c3 dd f0e100
3c3 de f0e100
3c3 df f0e100
3c3 e0 f0e100
3c3 e1 f0e100
3c3 e2 f0e100
3c3 e3 f0e100
3c3 e4 f0e100
3c3 e5 f0e100
3c3 e6 f0e100
3c3 e7 f0e100
3c3 e8 f0e100
3c3 e9 f0e100
3c3 ea f0e100
3c3 eb f0e100
3c3 ec f0e100
3c3 ed f0e100
3c3 ee f0e100
3c3 ef f0e100
3c3 f0 f0e100
3c3 f1 f0e100
3c3 f2 f0e100
3c3 f3 f0e100
3c3 f4 f0e100
3c3 f5 f0e100
3c3 f6 f0e100
3c3 f7 f0e100
3c3 f8 f0e100
3c3 f9 f0e100
3c3 fa f0e100
3c3 fb f0e100
3c3 fc f0e100
3c3 fd f0e100
3c3 fe f0e100
3c3 ff f0e100
3c1 00 f07400
3c1 01 f07400
3c1 02 f07400
3c1 03 f07400
3c1 04 f07400
3c1 05 f07400
3c1 06 f07400
3c1 07 f07400
3c1 08 f07400
3c1 09 f07400
3c1 0a f07400
3c1 0b f07400
3c1 0c f07400
3c1 0d f07400
3c1 0e f07400
3c1 0f f07400
3c1 10 f07400
3c1 11 f07400
3c1 12 f07400
3c1 13 f07400
3c1 14 f07400
3c1 15 f07400
3c1 16 f07400
3c1 17 f07400
3c1 18 f07400
3c1 19 f07400
3c1 1a f07400
3c1 1b f07400
3c1 1c f07400
3c1 1d f07400
3c1 1e f07400
3c1 1f f07400
3c1 20 f07400
3c1 21 f07400
3c1 22 f07400
3c1 23 f07400
3c1 24 f07400
3c1 25 f07400
3c1 26 f07400
3c1 27 f07400
3c1 28 f07400
3c1 29 f07400
3c1 2a f07400
3c1 2b f07400
3c1 2c f07400
3c1 2d f07400
3c1 2e f07400
3c1 2f f07400
3c1 30 f07400
3c1 31 f07400
3c1 32 f07400
3c1 33 f07400
3c1 34 f07400
3c1 35 f07400
3c1 36 f07400
3c1 37 f07400
3c1 38 f07400
3c1 39 f07400
3c1 3a f07400
3c1 3b f07400
3c1 3c f07400
3c1 3d f07400
3c1 3e f07400
3c1 3f f07400
3c1 40 f0d500
3c1 41 f0d500
3c1 42 f0d500
3c1 43 f0d500
3c1 44 f0d500
3c1 45 f0d500
3c1 46 f0d500
3c1 47 f0d500
3c1 48 f0d500
3c1 49 f0d500
3c1 4a f0d500
3c1 4b f0d500
3c1 4c f0d500
3c1 4d f0d500
3c1 4e f0d500
3c1 4f f0d500
3c1 50 f0d500
3c1 51 f0d500
3c1 52 f0d500
3c1 53 f0d500
3c1 54 f0d500
3c1 55 f0d500
3c1 56 f0d500
3c1 57 f0d500
3c1 58 f0d500
3c1 59 f0d500
3c1 5a f0d500
3c1 5b f0d500
3c1 5c f0d500
3c1 5d f0d500
3c1 5e f0d500
3c1 5f f0d500
3c1 60 f0d500
3c1 61 f0d500
3c1 62 f0d500
3c1 63 f0d500
3c1 64 f0d500
3c1 65 f0d500
3c1 66 f0d500
3c1 67 f0d500
3c1 68 f0d500
3c1 69 f0d500
3c1 6a f0d500
3c1 6b f0d500
3c1 6c f0d500
3c1 6d f0d500
3c1 6e f0d500
3c1 6f f0d500
3c1 70 f0d500
3c1 71 f0d500
3c1 72 f0d500
3c1 73 f0d500
3c1 74 f0d500
3c1 75 f0d500
3c1 76 f0d500
3c1 77 f0d500
3c1 78 f0d500
3c1 79 f0d500
3c1 7a f0d500
3c1 7b f0d500
3c1 7c f0d500
3c1 7d f0d500
3c1 7e f0d500
3c1 7f f0d500
3c1 80 f07400
3c1 81 f07400
3c1 82 f07400
3c1 83 f07400
3c1 84 f07400
3c1 85 f07400
3c1 86 f07400
3c1 87 f07400
3c1 88 f07400
3c1 89 f07400
3c1 8a f07400
3c1 8b f07400
3c1 8c f07400
3c1 8d f07400
3c1 8e f07400
3c1 8f f07400
3c1 90 f07400
3c1 91 f07400
3c1 92 f07400
3c1 93 f07400
3c1 94 f07400
3c1 95 f07400
3c1 96 f07400
3c1 97 f07400
3c1 98 f07400
3c1 99 f07400
3c1 9a f07400
3c1 9b f07400
3c1 9c f07400
3c1 9d f07400
3c1 9e f07400
3c1 9f f07400
3c1 a0 f07400
3c1 a1 f07400
3c1 a2 f07400
3c1 a3 f07400
3c1 a4 f07400
3c1 a5 f07400
3c1 a6 f07400
3c1 a7 f07400
3c1 a8 f07400
3c1 a9 f07400
3c1 aa f07400
3c1 ab f07400
3c1 ac f07400
3c1 ad f07400
3c1 ae f07400
3c1 af f07400
3c1 b0 f07400
3c1 b1 f07400
3c1 b2 f07400
3c1 b3 f07400
3c1 b4 f07400
3c1 b5 f07400
3c1 b6 f07400
3c1 b7 f07400
3c1 b8 f07400
3c1 b9 f07400
3c1 ba f07400
3c1 bb f07400
3c1 bc f07400
3c1 bd f07400
3c1 be f07400
3c1 bf f07400
3c1 c0 f0d500
3c1 c1 f0d500
3c1 c2 f0d500
3c1 c3 f0d500
3c1 c4 f0d500
3c1 c5 f0d500
3c1 c6 f0d500
3c1 c7 f0d500
3c1 c8 f0d500
3c1 c9 f0d500
3c1 ca f0d500
3c1 cb f0d500
3c1 cc f0d500
3c1 cd f0d500
3c1 ce f0d500
3c1 cf f0d500
3c1 d0 f0d500
3c1 d1 f0d500
3c1 d2 f0d500
3c1 d3 f0d500
3c1 d4 f0d500
3c1 d5 f0d500
3c1 d6 f0d500
3c1 d7 f0d500
3c1 d8 f0d500
3c1 d9 f0d500
3c1 da f0d500
3c1 db f0d500
3c1 dc f0d500
3c1 dd f0d500
3c1 de f0d500
3c1 df f0d500
3c1 e0 f0d500
3c1 e1 f0d500
3c1 e2 f0d500
3c1 e3 f0d500
3c1 e4 f0d500
3c1 e5 f0d500
3c1 e6 f0d500
3c1 e7 f0d500
3c1 e8 f0d500
3c1 e9 f0d500
3c1 ea f0d500
3c1 eb f0d500
3c1 ec f0d500
3c1 ed f0d500
3c1 ee f0d500
3c1 ef f0d500
3c1 f0 f0d500
3c1 f1 f0d500
3c1 f2 f0d500
3c1 f3 f0d500
3c1 f4 f0d500
3c1 f5 f0d500
3c1 f6 f0d500
3c1 f7 f0d500
3c1 f8 f0d500
3c1 f9 f0d500
3c1 fa f0d500
3c1 fb f0d500
3c1 fc f0d500
3c1 fd f0d500
3c1 fe f0d500
3c1 ff f0d500
3cc 00 f33000
3cc 01 f33000
3cc 02 f33000
3cc 03 f33000
3cc 04 f33000
3cc 05 f33000
3cc 06 f33000
3cc 07 f33000
3cc 08 f33000
3cc 09 f33000
3cc 0a f33000
3cc 0b f33000
3cc 0c f33000
3cc 0d f33000
3cc 0e f33000
3cc 0f f33000
3cc 10 f33000
3cc 11 f33000
3cc 12 f33000
3cc 13 f33000
3cc 14 f33000
3cc 15 f33000
3cc 16 f33000
3cc 17 f33000
3cc 18 f33000
3cc 19 f33000
3cc 1a f33000
3cc 1b f33000
3cc 1c f33000
3cc 1d f33000
3cc 1e f33000
3cc 1f f33000
3cc 20 f33000
3cc 21 f33000
3cc 22 f33000
3cc 23 f33000
3cc 24 f33000
3cc 25 f33000
3cc 26 f33000
3cc 27 f33000
3cc 28 f33000
3cc 29 f33000
3cc 2a f33000
3cc 2b f33000
3cc 2c f33000
3cc 2d f33000
3cc 2e f33000
3cc 2f f33000
3cc 30 f33000
3cc 31 f33000
3cc 32 f33000
3cc 33 f33000
3cc 34 f33000
3cc 35 f33000
3cc 36 f33000
3cc 37 f33000
3cc 38 f33000
3cc 39 f33000
3cc 3a f33000
3cc 3b f33000
3cc 3c f33000
3cc 3d f33000
3cc 3e f33000
3cc 3f f33000
3cc 40 f32101
3cc 41 f32101
3cc 42 f32101
3cc 43 f32101
3cc 44 f32101
3cc 45 f32101
3cc 46 f32101
3cc 47 f32101
3cc 48 f32101
3cc 49 f32101
3cc 4a f32101
3cc 4b f32101
3cc 4c f32101
3cc 4d f32101
3cc 4e f32101
3cc 4f f32101
3cc 50 f32101
3cc 51 f32101
3cc 52 f32101
3cc 53 f32101
3cc 54 f32101
3cc 55 f32101
3cc 56 f32101
3cc 57 f32101
3cc 58 f32101
3cc 59 f32101
3cc 5a f32101
3cc 5b f32101
3cc 5c f32101
3cc 5d f32101
3cc 5e f32101
3cc 5f f32101
3cc 60 f32101
3cc 61 f32101
3cc 62 f32101
3cc 63 f32101
3cc 64 f32101
3cc 65 f32101
3cc 66 f32101
3cc 67 f32101
3cc 68 f32101
3cc 69 f32101
3cc 6a f32101
3cc 6b f32101
3cc 6c f32101
3cc 6d f32101
3cc 6e f32101
3cc 6f f32101
3cc 70 f32101
3cc 71 f32101
3cc 72 f32101
3cc 73 f32101
3cc 74 f32101
3cc 75 f32101
3cc 76 f32101
3cc 77 f32101
3cc 78 f32101
3cc 79 f32101
3cc 7a f32101
3cc 7b f32101
3cc 7c f32101
3cc 7d f32101
3cc 7e f32101
3cc 7f f32101
3cc 80 f33000
3cc 81 f33000
3cc 82 f33000
3cc 83 f33000
3cc 84 f33000
3cc 85 f33000
3cc 86 f33000
3cc 87 f33000
3cc 88 f33000
3cc 89 f33000
3cc 8a f33000
3cc 8b f33000
3cc 8c f33000
3cc 8d f33000
3cc 8e f33000
3cc 8f f33000
3cc 90 f33000
3cc 91 f33000
3cc 92 f33000
3cc 93 f33000
3cc 94 f33000
3cc 95 f33000
3cc 96 f33000
3cc 97 f33000
3cc 98 f33000
3cc 99 f33000
3cc 9a f33000
3cc 9b f33000
3cc 9c f33000
3cc 9d f33000
3cc 9e f33000
3cc 9f f33000
3cc a0 f33000
3cc a1 f33000
3cc a2 f33000
3cc a3 f33000
3cc a4 f33000
3cc a5 f33000
3cc a6 f33000
3cc a7 f33000
3cc a8 f33000
3cc a9 f33000
3cc aa f33000
3cc ab f33000
3cc ac f33000
3cc ad f33000
3cc ae f33000
3cc af f33000
3cc b0 f33000
3cc b1 f33000
3cc b2 f33000
3cc b3 f33000
3cc b4 f33000
3cc b5 f33000
3cc b6 f33000
3cc b7 f33000
3cc b8 f33000
3cc b9 f33000
3cc ba f33000
3cc bb f33000
3cc bc f33000
3cc bd f33000
3cc be f33000
3cc bf f33000
3cc c0 f32101
3cc c1 f32101
3cc c2 f32101
3cc c3 f32101
3cc c4 f32101
3cc c5 f32101
3cc c6 f32101
3cc c7 f32101
3cc c8 f32101
3cc c9 f32101
3cc ca f32101
3cc cb f32101
3cc cc f32101
3cc cd f32101
3cc ce f32101
3cc cf f32101
3cc d0 f32101
3cc d1 f32101
3cc d2 f32101
3cc d3 f32101
3cc d4 f32101
3cc d5 f32101
3cc d6 f32101
3cc d7 f32101
3cc d8 f32101
3cc d9 f32101
3cc da f32101
3cc db f32101
3cc dc f32101
3cc dd f32101
3cc de f32101
3cc df f32101
3cc e0 f32101
3cc e1 f32101
3cc e2 f32101
3cc e3 f32101
3cc e4 f32101
3cc e5 f32101
3cc e6 f32101
3cc e7 f32101
3cc e8 f32101
3cc e9 f32101
3cc ea f32101
3cc eb f32101
3cc ec f32101
3cc ed f32101
3cc ee f32101
3cc ef f32101
3cc f0 f32101
3cc f1 f32101
3cc f2 f32101
3cc f3 f32101
3cc f4 f32101
3cc f5 f32101
3cc f6 f32101
3cc f7 f32101
3cc f8 f32101
3cc f9 f32101
3cc fa f32101
3cc fb f32101
3cc fc f32101
3cc fd f32101
3cc fe f32101
3cc ff f32101
3cf 00 f3f000
3cf 01 f3f000
3cf 02 f3f000
3cf 03 f3f000
3cf 04 f3f000
3cf 05 f3f000
3cf 06 f3f000
3cf 07 f3f000
3cf 08 f3f000
3cf 09 f3f000
3cf 0a f3f000
3cf 0b f3f000
3cf 0c f3f000
3cf 0d f3f000
3cf 0e f3f000
3cf 0f f3f000
3cf 10 f3f000
3cf 11 f3f000
3cf 12 f3f000
3cf 13 f3f000
3cf 14 f3f000
3cf 15 f3f000
3cf 16 f3f000
3cf 17 f3f000
3cf 18 f3f000
3cf 19 f3f000
3cf 1a f3f000
3cf 1b f3f000
3cf 1c f3f000
3cf 1d f3f000
3cf 1e f3f000
3cf 1f f3f000
3cf 20 f3f000
3cf 21 f3f000
3cf 22 f3f000
3cf 23 f3f000
3cf 24 f3f000
3cf 25 f3f000
3cf 26 f3f000
3cf 27 f3f000
3cf 28 f3f000
3cf 29 f3f000
3cf 2a f3f000
3cf 2b f3f000
3cf 2c f3f000
3cf 2d f3f000
3cf 2e f3f000
3cf 2f f3f000
3cf 30 f3f000
3cf 31 f3f000
3cf 32 f3f000
3cf 33 f3f000
3cf 34 f3f000
3cf 35 f3f000
3cf 36 f3f000
3cf 37 f3f000
3cf 38 f3f000
3cf 39 f3f000
3cf 3a f3f000
3cf 3b f3f000
3cf 3c f3f000
3cf 3d f3f000
3cf 3e f3f000
3cf 3f f3f000
3cf 40 f3f000
3cf 41 f3f000
3cf 42 f3f000
3cf 43 f3f000
3cf 44 f3f000
3cf 45 f3f000
3cf 46 f3f000
3cf 47 f3f000
3cf 48 f3f000
3cf 49 f3f000
3cf 4a f3f000
3cf 4b f3f000
3cf 4c f3f000
3cf 4d f3f000
3cf 4e f3f000
3cf 4f f3f000
3cf 50 f3f000
3cf 51 f3f000
3cf 52 f3f000
3cf 53 f3f000
3cf 54 f3f000
3cf 55 f3f000
3cf 56 f3f000
3cf 57 f3f000
3cf 58 f3f000
3cf 59 f3f000
3cf 5a f3f000
3cf 5b f3f000
3cf 5c f3f000
3cf 5d f3f000
3cf 5e f3f000
3cf 5f f3f000
3cf 60 f3f000
3cf 61 f3f000
3cf 62 f3f000
3cf 63 f3f000
3cf 64 f3f000
3cf 65 f3f000
3cf 66 f3f000
3cf 67 f3f000
3cf 68 f3f000
3cf 69 f3f000
3cf 6a f3f000
3cf 6b f3f000
3cf 6c f3f000
3cf 6d f3f000
3cf 6e f3f000
3cf 6f f3f000
3cf 70 f3f000
3cf 71 f3f000
3cf 72 f3f000
3cf 73 f3f000
3cf 74 f3f000
3cf 75 f3f000
3cf 76 f3f000
3cf 77 f3f000
3cf 78 f3f000
3cf 79 f3f000
3cf 7a f3f000
3cf 7b f3f000
3cf 7c f3f000
3cf 7d f3f000
3cf 7e f3f000
3cf 7f f3f000
3cf 80 f3f000
3cf 81 f3f000
3cf 82 f3f000
3cf 83 f3f000
3cf 84 f3f000
3cf 85 f3f000
3cf 86 f3f000
3cf 87 f3f000
3cf 88 f3f000
3cf 89 f3f000
3cf 8a f3f000
3cf 8b f3f000
3cf 8c f3f000
3cf 8d f3f000
3cf 8e f3f000
3cf 8f f3f000
3cf 90 f3f000
3cf 91 f3f000
3cf 92 f3f000
3cf 93 f3f000
3cf 94 f3f000
3cf 95 f3f000
3cf 96 f3f000
3cf 97 f3f000
3cf 98 f3f000
3cf 99 f3f000
3cf 9a f3f000
3cf 9b f3f000
3cf 9c f3f000
3cf 9d f3f000
3cf 9e f3f000
3cf 9f f3f000
3cf a0 f3f000
3cf a1 f3f000
3cf a2 f3f000
3cf a3 f3f000
3cf a4 f3f000
3cf a5 f3f000
3cf a6 f3f000
3cf a7 f3f000
3cf a8 f3f000
3cf a9 f3f000
3cf aa f3f000
3cf ab f3f000
3cf ac f3f000
3cf ad f3f000
3cf ae f3f000
3cf af f3f000
3cf b0 f3f000
3cf b1 f3f000
3cf b2 f3f000
3cf b3 f3f000
3cf b4 f3f000
3cf b5 f3f000
3cf b6 f3f000
3cf b7 f3f000
3cf b8 f3f000
3cf b9 f3f000
3cf ba f3f000
3cf bb f3f000
3cf bc f3f000
3cf bd f3f000
3cf be f3f000
3cf bf f3f000
3cf c0 f3f000
3cf c1 f3f000
3cf c2 f3f000
3cf c3 f3f000
3cf c4 f3f000
3cf c5 f3f000
3cf c6 f3f000
3cf c7 f3f000
3cf c8 f3f000
3cf c9 f3f000
3cf ca f3f000
3cf cb f3f000
3cf cc f3f000
3cf cd f3f000
3cf ce f3f000
3cf cf f3f000
3cf d0 f3f000
3cf d1 f3f000
3cf d2 f3f000
3cf d3 f3f000
3cf d4 f3f000
3cf d5 f3f000
3cf d6 f3f000
3cf d7 f3f000
3cf d8 f3f000
3cf d9 f3f000
3cf da f3f000
3cf db f3f000
3cf dc f3f000
3cf dd f3f000
3cf de f3f000
3cf df f3f000
3cf e0 f3f000
3cf e1 f3f000
3cf e2 f3f000
3cf e3 f3f000
3cf e4 f3f000
3cf e5 f3f000
3cf e6 f3f000
3cf e7 f3f000
3cf e8 f3f000
3cf e9 f3f000
3cf ea f3f000
3cf eb f3f000
3cf ec f3f000
3cf ed f3f000
3cf ee f3f000
3cf ef f3f000
3cf f0 f3f000
3cf f1 f3f000
3cf f2 f3f000
3cf f3 f3f000
3cf f4 f3f000
3cf f5 f3f000
3cf f6 f3f000
3cf f7 f3f000
3cf f8 f3f000
3cf f9 f3f000
3cf fa f3f000
3cf fb f3f000
3cf fc f3f000
3cf fd f3f000
3cf fe f3f000
3cf ff f3f000
3cd 00 f37400
3cd 01 f37400
3cd 02 f37400
3cd 03 f37400
3cd 04 f37400
3cd 05 f37400
3cd 06 f37400
3cd 07 f37400
3cd 08 f37400
3cd 09 f37400
3cd 0a f37400
3cd 0b f37400
3cd 0c f37400
3cd 0d f37400
3cd 0e f37400
3cd 0f f37400
3cd 10 f37400
3cd 11 f37400
3cd 12 f37400
3cd 13 f37400
3cd 14 f37400
3cd 15 f37400
3cd 16 f37400
3cd 17 f37400
3cd 18 f37400
3cd 19 f37400
3cd 1a f37400
3cd 1b f37400
3cd 1c f37400
3cd 1d f37400
3cd 1e f37400
3cd 1f f37400
3cd 20 f37400
3cd 21 f37400
3cd 22 f37400
3cd 23 f37400
3cd 24 f37400
3cd 25 f37400
3cd 26 f37400
3cd 27 f37400
3cd 28 f37400
3cd 29 f37400
3cd 2a f37400
3cd 2b f37400
3cd 2c f37400
3cd 2d f37400
3cd 2e f37400
3cd 2f f37400
3cd 30 f37400
3cd 31 f37400
3cd 32 f37400
3cd 33 f37400
3cd 34 f37400
3cd 35 f37400
3cd 36 f37400
3cd 37 f37400
3cd 38 f37400
3cd 39 f37400
3cd 3a f37400
3cd 3b f37400
3cd 3c f37400
3cd 3d f37400
3cd 3e f37400
3cd 3f f37400
3cd 40 f31500
3cd 41 f31500
3cd 42 f31500
3cd 43 f31500
3cd 44 f31500
3cd 45 f31500
3cd 46 f31500
3cd 47 f31500
3cd 48 f31500
3cd 49 f31500
3cd 4a f31500
3cd 4b f31500
3cd 4c f31500
3cd 4d f31500
3cd 4e f31500
3cd 4f f31500
3cd 50 f31500
3cd 51 f31500
3cd 52 f31500
3cd 53 f31500
3cd 54 f31500
3cd 55 f31500
3cd 56 f31500
3cd 57 f31500
3cd 58 f31500
3cd 59 f31500
3cd 5a f31500
3cd 5b f31500
3cd 5c f31500
3cd 5d f31500
3cd 5e f31500
3cd 5f f31500
3cd 60 f31500
3cd 61 f31500
3cd 62 f31500
3cd 63 f31500
3cd 64 f31500
3cd 65 f31500
3cd 66 f31500
3cd 67 f31500
3cd 68 f31500
3cd 69 f31500
3cd 6a f31500
3cd 6b f31500
3cd 6c f31500
3cd 6d f31500
3cd 6e f31500
3cd 6f f31500
3cd 70 f31500
3cd 71 f31500
3cd 72 f31500
3cd 73 f31500
3cd 74 f31500
3cd 75 f31500
3cd 76 f31500
3cd 77 f31500
3cd 78 f31500
3cd 79 f31500
3cd 7a f31500
3cd 7b f31500
3cd 7c f31500
3cd 7d f31500
3cd 7e f31500
3cd 7f f31500
3cd 80 f37400
3cd 81 f37400
3cd 82 f37400
3cd 83 f37400
3cd 84 f37400
3cd 85 f37400
3cd 86 f37400
3cd 87 f37400
3cd 88 f37400
3cd 89 f37400
3cd 8a f37400
3cd 8b f37400
3cd 8c f37400
3cd 8d f37400
3cd 8e f37400
3cd 8f f37400
3cd 90 f37400
3cd 91 f37400
3cd 92 f37400
3cd 93 f37400
3cd 94 f37400
3cd 95 f37400
3cd 96 f37400
3cd 97 f37400
3cd 98 f37400
3cd 99 f37400
3cd 9a f37400
3cd 9b f37400
3cd 9c f37400
3cd 9d f37400
3cd 9e f37400
3cd 9f f37400
3cd a0 f37400
3cd a1 f37400
3cd a2 f37400
3cd a3 f37400
3cd a4 f37400
3cd a5 f37400
3cd a6 f37400
3cd a7 f37400
3cd a8 f37400
3cd a9 f37400
3cd aa f37400
3cd ab f37400
3cd ac f37400
3cd ad f37400
3cd ae f37400
3cd af f37400
3cd b0 f37400
3cd b1 f37400
3cd b2 f37400
3cd b3 f37400
3cd b4 f37400
3cd b5 f37400
3cd b6 f37400
3cd b7 f37400
3cd b8 f37400
3cd b9 f37400
3cd ba f37400
3cd bb f37400
3cd bc f37400
3cd bd f37400
3cd be f37400
3cd bf f37400
3cd c0 f31500
3cd c1 f31500
3cd c2 f31500
3cd c3 f31500
3cd c4 f31500
3cd c5 f31500
3cd c6 f31500
3cd c7 f31500
3cd c8 f31500
3cd c9 f31500
3cd ca f31500
3cd cb f31500
3cd cc f31500
3cd cd f31500
3cd ce f31500
3cd cf f31500
3cd d0 f31500
3cd d1 f31500
3cd d2 f31500
3cd d3 f31500
3cd d4 f31500
3cd d5 f31500
3cd d6 f31500
3cd d7 f31500
3cd d8 f31500
3cd d9 f31500
3cd da f31500
3cd db f31500
3cd dc f31500
3cd dd f31500
3cd de f31500
3cd df f31500
3cd e0 f31500
3cd e1 f31500
3cd e2 f31500
3cd e3 f31500
3cd e4 f31500
3cd e5 f31500
3cd e6 f31500
3cd e7 f31500
3cd e8 f31500
3cd e9 f31500
3cd ea f31500
3cd eb f31500
3cd ec f31500
3cd ed f31500
3cd ee f31500
3cd ef f31500
3cd f0 f31500
3cd f1 f31500
3cd f2 f31500
3cd f3 f31500
3cd f4 f31500
3cd f5 f31500
3cd f6 f31500
3cd f7 f31500
3cd f8 f31500
3cd f9 f31500
3cd fa f31500
3cd fb f31500
3cd fc f31500
3cd fd f31500
3cd fe f31500
3cd ff f31500
3c4 00 f13400
3c4 01 f13400
3c4 02 f13400
3c4 03 f13400
3c4 04 f13400
3c4 05 f13400
3c4 06 f13400
3c4 07 f13400
3c4 08 f13400
3c4 09 f13400
3c4 0a f13400
3c4 0b f13400
3c4 0c f13400
3c4 0d f13400
3c4 0e f13400
3c4 0f f13400
3c4 10 f13400
3c4 11 f13400
3c4 12 f13400
3c4 13 f13400
3c4 14 f13400
3c4 15 f13400
3c4 16 f13400
3c4 17 f13400
3c4 18 f13400
3c4 19 f13400
3c4 1a f13400
3c4 1b f13400
3c4 1c f13400
3c4 1d f13400
3c4 1e f13400
3c4 1f f13400
3c4 20 f13400
3c4 21 f13400
3c4 22 f13400
3c4 23 f13400
3c4 24 f13400
3c4 25 f13400
3c4 26 f13400
3c4 27 f13400
3c4 28 f13400
3c4 29 f13400
3c4 2a f13400
3c4 2b f13400
3c4 2c f13400
3c4 2d f13400
3c4 2e f13400
3c4 2f f13400
3c4 30 f13400
3c4 31 f13400
3c4 32 f13400
3c4 33 f13400
3c4 34 f13400
3c4 35 f13400
3c4 36 f13400
3c4 37 f13400
3c4 38 f13400
3c4 39 f13400
3c4 3a f13400
3c4 3b f13400
3c4 3c f13400
3c4 3d f13400
3c4 3e f13400
3c4 3f f13400
3c4 40 f31500
3c4 41 f31500
3c4 42 f31500
3c4 43 f31500
3c4 44 f31500
3c4 45 f31500
3c4 46 f31500
3c4 47 f31500
3c4 48 f31500
3c4 49 f31500
3c4 4a f31500
3c4 4b f31500
3c4 4c f31500
3c4 4d f31500
3c4 4e f31500
3c4 4f f31500
3c4 50 f31500
3c4 51 f31500
3c4 52 f31500
3c4 53 f31500
3c4 54 f31500
3c4 55 f31500
3c4 56 f31500
3c4 57 f31500
3c4 58 f31500
3c4 59 f31500
3c4 5a f31500
3c4 5b f31500
3c4 5c f31500
3c4 5d f31500
3c4 5e f31500
3c4 5f f31500
3c4 60 f31500
3c4 61 f31500
3c4 62 f31500
3c4 63 f31500
3c4 64 f31500
3c4 65 f31500
3c4 66 f31500
3c4 67 f31500
3c4 68 f31500
3c4 69 f31500
3c4 6a f31500
3c4 6b f31500
3c4 6c f31500
3c4 6d f31500
3c4 6e f31500
3c4 6f f31500
3c4 70 f31500
3c4 71 f31500
3c4 72 f31500
3c4 73 f31500
3c4 74 f31500
3c4 75 f31500
3c4 76 f31500
3c4 77 f31500
3c4 78 f31500
3c4 79 f31500
3c4 7a f31500
3c4 7b f31500
3c4 7c f31500
3c4 7d f31500
3c4 7e f31500
3c4 7f f31500
3c4 80 f13400
3c4 81 f13400
3c4 82 f13400
3c4 83 f13400
3c4 84 f13400
3c4 85 f13400
3c4 86 f13400
3c4 87 f13400
3c4 88 f13400
3c4 89 f13400
3c4 8a f13400
3c4 8b f13400
3c4 8c f13400
3c4 8d f13400
3c4 8e f13400
3c4 8f f13400
3c4 90 f13400
3c4 91 f13400
3c4 92 f13400
3c4 93 f13400
3c4 94 f13400
3c4 95 f13400
3c4 96 f13400
3c4 97 f13400
3c4 98 f13400
3c4 99 f13400
3c4 9a f13400
3c4 9b f13400
3c4 9c f13400
3c4 9d f13400
3c4 9e f13400
3c4 9f f13400
3c4 a0 f13400
3c4 a1 f13400
3c4 a2 f13400
3c4 a3 f13400
3c4 a4 f13400
3c4 a5 f13400
3c4 a6 f13400
3c4 a7 f13400
3c4 a8 f13400
3c4 a9 f13400
3c4 aa f13400
3c4 ab f13400
3c4 ac f13400
3c4 ad f13400
3c4 ae f13400
3c4 af f13400
3c4 b0 f13400
3c4 b1 f13400
3c4 b2 f13400
3c4 b3 f13400
3c4 b4 f13400
3c4 b5 f13400
3c4 b6 f13400
3c4 b7 f13400
3c4 b8 f13400
3c4 b9 f13400
3c4 ba f13400
3c4 bb f13400
3c4 bc f13400
3c4 bd f13400
3c4 be f13400
3c4 bf f13400
3c4 c0 f31500
3c4 c1 f31500
3c4 c2 f31500
3c4 c3 f31500
3c4 c4 f31500
3c4 c5 f31500
3c4 c6 f31500
3c4 c7 f31500
3c4 c8 f31500
3c4 c9 f31500
3c4 ca f31500
3c4 cb f31500
3c4 cc f31500
3c4 cd f31500
3c4 ce f31500
3c4 cf f31500
3c4 d0 f31500
3c4 d1 f31500
3c4 d2 f31500
3c4 d3 f31500
3c4 d4 f31500
3c4 d5 f31500
3c4 d6 f31500
3c4 d7 f31500
3c4 d8 f31500
3c4 d9 f31500
3c4 da f31500
3c4 db f31500
3c4 dc f31500
3c4 dd f31500
3c4 de f31500
3c4 df f31500
3c4 e0 f31500
3c4 e1 f31500
3c4 e2 f31500
3c4 e3 f31500
3c4 e4 f31500
3c4 e5 f31500
3c4 e6 f31500
3c4 e7 f31500
3c4 e8 f31500
3c4 e9 f31500
3c4 ea f31500
3c4 eb f31500
3c4 ec f31500
3c4 ed f31500
3c4 ee f31500
3c4 ef f31500
3c4 f0 f31500
3c4 f1 f31500
3c4 f2 f31500
3c4 f3 f31500
3c4 f4 f31500
3c4 f5 f31500
3c4 f6 f31500
3c4 f7 f31500
3c4 f8 f31500
3c4 f9 f31500
3c4 fa f31500
3c4 fb f31500
3c4 fc f31500
3c4 fd f31500
3c4 fe f31500
3c4 ff f31500
3c7 00 f1f400
3c7 01 f1f400
3c7 02 f1f400
3c7 03 f1f400
3c7 04 f1f400
3c7 05 f1f400
3c7 06 f1f400
3c7 07 f1f400
3c7 08 f1f400
3c7 09 f1f400
3c7 0a f1f400
3c7 0b f1f400
3c7 0c f1f400
3c7 0d f1f400
3c7 0e f1f400
3c7 0f f1f400
3c7 10 f1f400
3c7 11 f1f400
3c7 12 f1f400
3c7 13 f1f400
3c7 14 f1f400
3c7 15 f1f400
3c7 16 f1f400
3c7 17 f1f400
3c7 18 f1f400
3c7 19 f1f400
3c7 1a f1f400
3c7 1b f1f400
3c7 1c f1f400
3c7 1d f1f400
3c7 1e f1f400
3c7 1f f1f400
3c7 20 f1f400
3c7 21 f1f400
3c7 22 f1f400
3c7 23 f1f400
3c7 24 f1f400
3c7 25 f1f400
3c7 26 f1f400
3c7 27 f1f400
3c7 28 f1f400
3c7 29 f1f400
3c7 2a f1f400
3c7 2b f1f400
3c7 2c f1f400
3c7 2d f1f400
3c7 2e f1f400
3c7 2f f1f400
3c7 30 f1f400
3c7 31 f1f400
3c7 32 f1f400
3c7 33 f1f400
3c7 34 f1f400
3c7 35 f1f400
3c7 36 f1f400
3c7 37 f1f400
3c7 38 f1f400
3c7 39 f1f400
3c7 3a f1f400
3c7 3b f1f400
3c7 3c f1f400
3c7 3d f1f400
3c7 3e f1f400
3c7 3f f1f400
3c7 40 f0d500
3c7 41 f0d500
3c7 42 f0d500
3c7 43 f0d500
3c7 44 f0d500
3c7 45 f0d500
3c7 46 f0d500
3c7 47 f0d500
3c7 48 f0d500
3c7 49 f0d500
3c7 4a f0d500
3c7 4b f0d500
3c7 4c f0d500
3c7 4d f0d500
3c7 4e f0d500
3c7 4f f0d500
3c7 50 f0d500
3c7 51 f0d500
3c7 52 f0d500
3c7 53 f0d500
3c7 54 f0d500
3c7 55 f0d500
3c7 56 f0d500
3c7 57 f0d500
3c7 58 f0d500
3c7 59 f0d500
3c7 5a f0d500
3c7 5b f0d500
3c7 5c f0d500
3c7 5d f0d500
3c7 5e f0d500
3c7 5f f0d500
3c7 60 f0d500
3c7 61 f0d500
3c7 62 f0d500
3c7 63 f0d500
3c7 64 f0d500
3c7 65 f0d500
3c7 66 f0d500
3c7 67 f0d500
3c7 68 f0d500
3c7 69 f0d500
3c7 6a f0d500
3c7 6b f0d500
3c7 6c f0d500
3c7 6d f0d500
3c7 6e f0d500
3c7 6f f0d500
3c7 70 f0d500
3c7 71 f0d500
3c7 72 f0d500
3c7 73 f0d500
3c7 74 f0d500
3c7 75 f0d500
3c7 76 f0d500
3c7 77 f0d500
3c7 78 f0d500
3c7 79 f0d500
3c7 7a f0d500
3c7 7b f0d500
3c7 7c f0d500
3c7 7d f0d500
3c7 7e f0d500
3c7 7f f0d500
3c7 80 f1f400
3c7 81 f1f400
3c7 82 f1f400
3c7 83 f1f400
3c7 84 f1f400
3c7 85 f1f400
3c7 86 f1f400
3c7 87 f1f400
3c7 88 f1f400
3c7 89 f1f400
3c7 8a f1f400
3c7 8b f1f400
3c7 8c f1f400
3c7 8d f1f400
3c7 8e f1f400
3c7 8f f1f400
3c7 90 f1f400
3c7 91 f1f400
3c7 92 f1f400
3c7 93 f1f400
3c7 94 f1f400
3c7 95 f1f400
3c7 96 f1f400
3c7 97 f1f400
3c7 98 f1f400
3c7 99 f1f400
3c7 9a f1f400
3c7 9b f1f400
3c7 9c f1f400
3c7 9d f1f400
3c7 9e f1f400
3c7 9f f1f400
3c7 a0 f1f400
3c7 a1 f1f400
3c7 a2 f1f400
3c7 a3 f1f400
3c7 a4 f1f400
3c7 a5 f1f400
3c7 a6 f1f400
3c7 a7 f1f400
3c7 a8 f1f400
3c7 a9 f1f400
3c7 aa f1f400
3c7 ab f1f400
3c7 ac f1f400
3c7 ad f1f400
3c7 ae f1f400
3c7 af f1f400
3c7 b0 f1f400
3c7 b1 f1f400
3c7 b2 f1f400
3c7 b3 f1f400
3c7 b4 f1f400
3c7 b5 f1f400
3c7 b6 f1f400
3c7 b7 f1f400
3c7 b8 f1f400
3c7 b9 f1f400
3c7 ba f1f400
3c7 bb f1f400
3c7 bc f1f400
3c7 bd f1f400
3c7 be f1f400
3c7 bf f1f400
3c7 c0 f0d500
3c7 c1 f0d500
3c7 c2 f0d500
3c7 c3 f0d500
3c7 c4 f0d500
3c7 c5 f0d500
3c7 c6 f0d500
3c7 c7 f0d500
3c7 c8 f0d500
3c7 c9 f0d500
3c7 ca f0d500
3c7 cb f0d500
3c7 cc f0d500
3c7 cd f0d500
3c7 ce f0d500
3c7 cf f0d500
3c7 d0 f0d500
3c7 d1 f0d500
3c7 d2 f0d500
3c7 d3 f0d500
3c7 d4 f0d500
3c7 d5 f0d500
3c7 d6 f0d500
3c7 d7 f0d500
3c7 d8 f0d500
3c7 d9 f0d500
3c7 da f0d500
3c7 db f0d500
3c7 dc f0d500
3c7 dd f0d500
3c7 de f0d500
3c7 df f0d500
3c7 e0 f0d500
3c7 e1 f0d500
3c7 e2 f0d500
3c7 e3 f0d500
3c7 e4 f0d500
3c7 e5 f0d500
3c7 e6 f0d500
3c7 e7 f0d500
3c7 e8 f0d500
3c7 e9 f0d500
3c7 ea f0d500
3c7 eb f0d500
3c7 ec f0d500
3c7 ed f0d500
3c7 ee f0d500
3c7 ef f0d500
3c7 f0 f0d500
3c7 f1 f0d500
3c7 f2 f0d500
3c7 f3 f0d500
3c7 f4 f0d500
3c7 f5 f0d500
3c7 f6 f0d500
3c7 f7 f0d500
3c7 f8 f0d500
3c7 f9 f0d500
3c7 fa f0d500
3c7 fb f0d500
3c7 fc f0d500
3c7 fd f0d500
3c7 fe f0d500
3c7 ff f0d500
3c5 00 f17800
3c5 01 f17800
3c5 02 f17800
3c5 03 f17800
3c5 04 f17800
3c5 05 f17800
3c5 06 f17800
3c5 07 f17800
3c5 08 f17800
3c5 09 f17800
3c5 0a f17800
3c5 0b f17800
3c5 0c f17800
3c5 0d f17800
3c5 0e f17800
3c5 0f f17800
3c5 10 f17800
3c5 11 f17800
3c5 12 f17800
3c5 13 f17800
3c5 14 f17800
3c5 15 f17800
3c5 16 f17800
3c5 17 f17800
3c5 18 f17800
3c5 19 f17800
3c5 1a f17800
3c5 1b f17800
3c5 1c f17800
3c5 1d f17800
3c5 1e f17800
3c5 1f f17800
3c5 20 f17800
3c5 21 f17800
3c5 22 f17800
3c5 23 f17800
3c5 24 f17800
3c5 25 f17800
3c5 26 f17800
3c5 27 f17800
3c5 28 f17800
3c5 29 f17800
3c5 2a f17800
3c5 2b f17800
3c5 2c f17800
3c5 2d f17800
3c5 2e f17800
3c5 2f f17800
3c5 30 f17800
3c5 31 f17800
3c5 32 f17800
3c5 33 f17800
3c5 34 f17800
3c5 35 f17800
3c5 36 f17800
3c5 37 f17800
3c5 38 f17800
3c5 39 f17800
3c5 3a f17800
3c5 3b f17800
3c5 3c f17800
3c5 3d f17800
3c5 3e f17800
3c5 3f f17800
3c5 40 f14900
3c5 41 f14900
3c5 42 f14900
3c5 43 f14900
3c5 44 f14900
3c5 45 f14900
3c5 46 f14900
3c5 47 f14900
3c5 48 f14900
3c5 49 f14900
3c5 4a f14900
3c5 4b f14900
3c5 4c f14900
3c5 4d f14900
3c5 4e f14900
3c5 4f f14900
3c5 50 f14900
3c5 51 f14900
3c5 52 f14900
3c5 53 f14900
3c5 54 f14900
3c5 55 f14900
3c5 56 f14900
3c5 57 f14900
3c5 58 f14900
3c5 59 f14900
3c5 5a f14900
3c5 5b f14900
3c5 5c f14900
3c5 5d f14900
3c5 5e f14900
3c5 5f f14900
3c5 60 f14900
3c5 61 f14900
3c5 62 f14900
3c5 63 f14900
3c5 64 f14900
3c5 65 f14900
3c5 66 f14900
3c5 67 f14900
3c5 68 f14900
3c5 69 f14900
3c5 6a f14900
3c5 6b f14900
3c5 6c f14900
3c5 6d f14900
3c5 6e f14900
3c5 6f f14900
3c5 70 f14900
3c5 71 f14900
3c5 72 f14900
3c5 73 f14900
3c5 74 f14900
3c5 75 f14900
3c5 76 f14900
3c5 77 f14900
3c5 78 f14900
3c5 79 f14900
3c5 7a f14900
3c5 7b f14900
3c5 7c f14900
3c5 7d f14900
3c5 7e f14900
3c5 7f f14900
3c5 80 f17800
3c5 81 f17800
3c5 82 f17800
3c5 83 f17800
3c5 84 f17800
3c5 85 f17800
3c5 86 f17800
3c5 87 f17800
3c5 88 f17800
3c5 89 f17800
3c5 8a f17800
3c5 8b f17800
3c5 8c f17800
3c5 8d f17800
3c5 8e f17800
3c5 8f f17800
3c5 90 f17800
3c5 91 f17800
3c5 92 f17800
3c5 93 f17800
3c5 94 f17800
3c5 95 f17800
3c5 96 f17800
3c5 97 f17800
3c5 98 f17800
3c5 99 f17800
3c5 9a f17800
3c5 9b f17800
3c5 9c f17800
3c5 9d f17800
3c5 9e f17800
3c5 9f f17800
3c5 a0 f17800
3c5 a1 f17800
3c5 a2 f17800
3c5 a3 f17800
3c5 a4 f17800
3c5 a5 f17800
3c5 a6 f17800
3c5 a7 f17800
3c5 a8 f17800
3c5 a9 f17800
3c5 aa f17800
3c5 ab f17800
3c5 ac f17800
3c5 ad f17800
3c5 ae f17800
3c5 af f17800
3c5 b0 f17800
3c5 b1 f17800
3c5 b2 f17800
3c5 b3 f17800
3c5 b4 f17800
3c5 b5 f17800
3c5 b6 f17800
3c5 b7 f17800
3c5 b8 f17800
3c5 b9 f17800
3c5 ba f17800
3c5 bb f17800
3c5 bc f17800
3c5 bd f17800
3c5 be f17800
3c5 bf f17800
3c5 c0 f14900
3c5 c1 f14900
3c5 c2 f14900
3c5 c3 f14900
3c5 c4 f14900
3c5 c5 f14900
3c5 c6 f14900
3c5 c7 f14900
3c5 c8 f14900
3c5 c9 f14900
3c5 ca f14900
3c5 cb f14900
3c5 cc f14900
3c5 cd f14900
3c5 ce f14900
3c5 cf f14900
3c5 d0 f14900
3c5 d1 f14900
3c5 d2 f14900
3c5 d3 f14900
3c5 d4 f14900
3c5 d5 f14900
3c5 d6 f14900
3c5 d7 f14900
3c5 d8 f14900
3c5 d9 f14900
3c5 da f14900
3c5 db f14900
3c5 dc f14900
3c5 dd f14900
3c5 de f14900
3c5 df f14900
3c5 e0 f14900
3c5 e1 f14900
3c5 e2 f14900
3c5 e3 f14900
3c5 e4 f14900
3c5 e5 f14900
3c5 e6 f14900
3c5 e7 f14900
3c5 e8 f14900
3c5 e9 f14900
3c5 ea f14900
3c5 eb f14900
3c5 ec f14900
3c5 ed f14900
3c5 ee f14900
3c5 ef f14900
3c5 f0 f14900
3c5 f1 f14900
3c5 f2 f14900
3c5 f3 f14900
3c5 f4 f14900
3c5 f5 f14900
3c5 f6 f14900
3c5 f7 f14900
3c5 f8 f14900
3c5 f9 f14900
3c5 fa f14900
3c5 fb f14900
3c5 fc f14900
3c5 fd f14900
3c5 fe f14900
3c5 ff f14900
3f0 00 fc3000
3f0 01 fc3000
3f0 02 fc3000
3f0 03 fc3000
3f0 04 fc3000
3f0 05 fc3000
3f0 06 fc3000
3f0 07 fc3000
3f0 08 fc3000
3f0 09 fc3000
3f0 0a fc3000
3f0 0b fc3000
3f0 0c fc3000
3f0 0d fc3000
3f0 0e fc3000
3f0 0f fc3000
3f0 10 fc3000
3f0 11 fc3000
3f0 12 fc3000
3f0 13 fc3000
3f0 14 fc3000
3f0 15 fc3000
3f0 16 fc3000
3f0 17 fc3000
3f0 18 fc3000
3f0 19 fc3000
3f0 1a fc3000
3f0 1b fc3000
3f0 1c fc3000
3f0 1d fc3000
3f0 1e fc3000
3f0 1f fc3000
3f0 20 fc3000
3f0 21 fc3000
3f0 22 fc3000
3f0 23 fc3000
3f0 24 fc3000
3f0 25 fc3000
3f0 26 fc3000
3f0 27 fc3000
3f0 28 fc3000
3f0 29 fc3000
3f0 2a fc3000
3f0 2b fc3000
3f0 2c fc3000
3f0 2d fc3000
3f0 2e fc3000
3f0 2f fc3000
3f0 30 fc3000
3f0 31 fc3000
3f0 32 fc3000
3f0 33 fc3000
3f0 34 fc3000
3f0 35 fc3000
3f0 36 fc3000
3f0 37 fc3000
3f0 38 fc3000
3f0 39 fc3000
3f0 3a fc3000
3f0 3b fc3000
3f0 3c fc3000
3f0 3d fc3000
3f0 3e fc3000
3f0 3f fc3000
3f0 40 fc3000
3f0 41 fc3000
3f0 42 fc3000
3f0 43 fc3000
3f0 44 fc3000
3f0 45 fc3000
3f0 46 fc3000
3f0 47 fc3000
3f0 48 fc3000
3f0 49 fc3000
3f0 4a fc3000
3f0 4b fc3000
3f0 4c fc3000
3f0 4d fc3000
3f0 4e fc3000
3f0 4f fc3000
3f0 50 fc3000
3f0 51 fc3000
3f0 52 fc3000
3f0 53 fc3000
3f0 54 fc3000
3f0 55 fc3000
3f0 56 fc3000
3f0 57 fc3000
3f0 58 fc3000
3f0 59 fc3000
3f0 5a fc3000
3f0 5b fc3000
3f0 5c fc3000
3f0 5d fc3000
3f0 5e fc3000
3f0 5f fc3000
3f0 60 fc3000
3f0 61 fc3000
3f0 62 fc3000
3f0 63 fc3000
3f0 64 fc3000
3f0 65 fc3000
3f0 66 fc3000
3f0 67 fc3000
3f0 68 fc3000
3f0 69 fc3000
3f0 6a fc3000
3f0 6b fc3000
3f0 6c fc3000
3f0 6d fc3000
3f0 6e fc3000
3f0 6f fc3000
3f0 70 fc3000
3f0 71 fc3000
3f0 72 fc3000
3f0 73 fc3000
3f0 74 fc3000
3f0 75 fc3000
3f0 76 fc3000
3f0 77 fc3000
3f0 78 fc3000
3f0 79 fc3000
3f0 7a fc3000
3f0 7b fc3000
3f0 7c fc3000
3f0 7d fc3000
3f0 7e fc3000
3f0 7f fc3000
3f0 80 fc3000
3f0 81 fc3000
3f0 82 fc3000
3f0 83 fc3000
3f0 84 fc3000
3f0 85 fc3000
3f0 86 fc3000
3f0 87 fc3000
3f0 88 fc3000
3f0 89 fc3000
3f0 8a fc3000
3f0 8b fc3000
3f0 8c fc3000
3f0 8d fc3000
3f0 8e fc3000
3f0 8f fc3000
3f0 90 fc3000
3f0 91 fc3000
3f0 92 fc3000
3f0 93 fc3000
3f0 94 fc3000
3f0 95 fc3000
3f0 96 fc3000
3f0 97 fc3000
3f0 98 fc3000
3f0 99 fc3000
3f0 9a fc3000
3f0 9b fc3000
3f0 9c fc3000
3f0 9d fc3000
3f0 9e fc3000
3f0 9f fc3000
3f0 a0 fc3000
3f0 a1 fc3000
3f0 a2 fc3000
3f0 a3 fc3000
3f0 a4 fc3000
3f0 a5 fc3000
3f0 a6 fc3000
3f0 a7 fc3000
3f0 a8 fc3000
3f0 a9 fc3000
3f0 aa fc3000
3f0 ab fc3000
3f0 ac fc3000
3f0 ad fc3000
3f0 ae fc3000
3f0 af fc3000
3f0 b0 fc3000
3f0 b1 fc3000
3f0 b2 fc3000
3f0 b3 fc3000
3f0 b4 fc3000
3f0 b5 fc3000
3f0 b6 fc3000
3f0 b7 fc3000
3f0 b8 fc3000
3f0 b9 fc3000
3f0 ba fc3000
3f0 bb fc3000
3f0 bc fc3000
3f0 bd fc3000
3f0 be fc3000
3f0 bf fc3000
3f0 c0 fc3000
3f0 c1 fc3000
3f0 c2 fc3000
3f0 c3 fc3000
3f0 c4 fc3000
3f0 c5 fc3000
3f0 c6 fc3000
3f0 c7 fc3000
3f0 c8 fc3000
3f0 c9 fc3000
3f0 ca fc3000
3f0 cb fc3000
3f0 cc fc3000
3f0 cd fc3000
3f0 ce fc3000
3f0 cf fc3000
3f0 d0 fc3000
3f0 d1 fc3000
3f0 d2 fc3000
3f0 d3 fc3000
3f0 d4 fc3000
3f0 d5 fc3000
3f0 d6 fc3000
3f0 d7 fc3000
3f0 d8 fc3000
3f0 d9 fc3000
3f0 da fc3000
3f0 db fc3000
3f0 dc fc3000
3f0 dd fc3000
3f0 de fc3000
3f0 df fc3000
3f0 e0 fc3000
3f0 e1 fc3000
3f0 e2 fc3000
3f0 e3 fc3000
3f0 e4 fc3000
3f0 e5 fc3000
3f0 e6 fc3000
3f0 e7 fc3000
3f0 e8 fc3000
3f0 e9 fc3000
3f0 ea fc3000
3f0 eb fc3000
3f0 ec fc3000
3f0 ed fc3000
3f0 ee fc3000
3f0 ef fc3000
3f0 f0 fc3000
3f0 f1 fc3000
3f0 f2 fc3000
3f0 f3 fc3000
3f0 f4 fc3000
3f0 f5 fc3000
3f0 f6 fc3000
3f0 f7 fc3000
3f0 f8 fc3000
3f0 f9 fc3000
3f0 fa fc3000
3f0 fb fc3000
3f0 fc fc3000
3f0 fd fc3000
3f0 fe fc3000
3f0 ff fc3000
3f3 00 fcf000
3f3 01 fcf000
3f3 02 fcf000
3f3 03 fcf000
3f3 04 fcf000
3f3 05 fcf000
3f3 06 fcf000
3f3 07 fcf000
3f3 08 fcf000
3f3 09 fcf000
3f3 0a fcf000
3f3 0b fcf000
3f3 0c fcf000
3f3 0d fcf000
3f3 0e fcf000
3f3 0f fcf000
3f3 10 fcf000
3f3 11 fcf000
3f3 12 fcf000
3f3 13 fcf000
3f3 14 fcf000
3f3 15 fcf000
3f3 16 fcf000
3f3 17 fcf000
3f3 18 fcf000
3f3 19 fcf000
3f3 1a fcf000
3f3 1b fcf000
3f3 1c fcf000
3f3 1d fcf000
3f3 1e fcf000
3f3 1f fcf000
3f3 20 fcf000
3f3 21 fcf000
3f3 22 fcf000
3f3 23 fcf000
3f3 24 fcf000
3f3 25 fcf000
3f3 26 fcf000
3f3 27 fcf000
3f3 28 fcf000
3f3 29 fcf000
3f3 2a fcf000
3f3 2b fcf000
3f3 2c fcf000
3f3 2d fcf000
3f3 2e fcf000
3f3 2f fcf000
3f3 30 fcf000
3f3 31 fcf000
3f3 32 fcf000
3f3 33 fcf000
3f3 34 fcf000
3f3 35 fcf000
3f3 36 fcf000
3f3 37 fcf000
3f3 38 fcf000
3f3 39 fcf000
3f3 3a fcf000
3f3 3b fcf000
3f3 3c fcf000
3f3 3d fcf000
3f3 3e fcf000
3f3 3f fcf000
3f3 40 fcf000
3f3 41 fcf000
3f3 42 fcf000
3f3 43 fcf000
3f3 44 fcf000
3f3 45 fcf000
3f3 46 fcf000
3f3 47 fcf000
3f3 48 fcf000
3f3 49 fcf000
3f3 4a fcf000
3f3 4b fcf000
3f3 4c fcf000
3f3 4d fcf000
3f3 4e fcf000
3f3 4f fcf000
3f3 50 fcf000
3f3 51 fcf000
3f3 52 fcf000
3f3 53 fcf000
3f3 54 fcf000
3f3 55 fcf000
3f3 56 fcf000
3f3 57 fcf000
3f3 58 fcf000
3f3 59 fcf000
3f3 5a fcf000
3f3 5b fcf000
3f3 5c fcf000
3f3 5d fcf000
3f3 5e fcf000
3f3 5f fcf000
3f3 60 fcf000
3f3 61 fcf000
3f3 62 fcf000
3f3 63 fcf000
3f3 64 fcf000
3f3 65 fcf000
3f3 66 fcf000
3f3 67 fcf000
3f3 68 fcf000
3f3 69 fcf000
3f3 6a fcf000
3f3 6b fcf000
3f3 6c fcf000
3f3 6d fcf000
3f3 6e fcf000
3f3 6f fcf000
3f3 70 fcf000
3f3 71 fcf000
3f3 72 fcf000
3f3 73 fcf000
3f3 74 fcf000
3f3 75 fcf000
3f3 76 fcf000
3f3 77 fcf000
3f3 78 fcf000
3f3 79 fcf000
3f3 7a fcf000
3f3 7b fcf000
3f3 7c fcf000
3f3 7d fcf000
3f3 7e fcf000
3f3 7f fcf000
3f3 80 fce200
3f3 81 fce200
3f3 82 fce200
3f3 83 fce200
3f3 84 fce200
3f3 85 fce200
3f3 86 fce200
3f3 87 fce200
3f3 88 fce200
3f3 89 fce200
3f3 8a fce200
3f3 8b fce200
3f3 8c fce200
3f3 8d fce200
3f3 8e fce200
3f3 8f fce200
3f3 90 fce200
3f3 91 fce200
3f3 92 fce200
3f3 93 fce200
3f3 94 fce200
3f3 95 fce200
3f3 96 fce200
3f3 97 fce200
3f3 98 fce200
3f3 99 fce200
3f3 9a fce200
3f3 9b fce200
3f3 9c fce200
3f3 9d fce200
3f3 9e fce200
3f3 9f fce200
3f3 a0 fce200
3f3 a1 fce200
3f3 a2 fce200
3f3 a3 fce200
3f3 a4 fce200
3f3 a5 fce200
3f3 a6 fce200
3f3 a7 fce200
3f3 a8 fce200
3f3 a9 fce200
3f3 aa fce200
3f3 ab fce200
3f3 ac fce200
3f3 ad fce200
3f3 ae fce200
3f3 af fce200
3f3 b0 fce200
3f3 b1 fce200
3f3 b2 fce200
3f3 b3 fce200
3f3 b4 fce200
3f3 b5 fce200
3f3 b6 fce200
3f3 b7 fce200
3f3 b8 fce200
3f3 b9 fce200
3f3 ba fce200
3f3 bb fce200
3f3 bc fce200
3f3 bd fce200
3f3 be fce200
3f3 bf fce200
3f3 c0 fce200
3f3 c1 fce200
3f3 c2 fce200
3f3 c3 fce200
3f3 c4 fce200
3f3 c5 fce200
3f3 c6 fce200
3f3 c7 fce200
3f3 c8 fce200
3f3 c9 fce200
3f3 ca fce200
3f3 cb fce200
3f3 cc fce200
3f3 cd fce200
3f3 ce fce200
3f3 cf fce200
3f3 d0 fce200
3f3 d1 fce200
3f3 d2 fce200
3f3 d3 fce200
3f3 d4 fce200
3f3 d5 fce200
3f3 d6 fce200
3f3 d7 fce200
3f3 d8 fce200
3f3 d9 fce200
3f3 da fce200
3f3 db fce200
3f3 dc fce200
3f3 dd fce200
3f3 de fce200
3f3 df fce200
3f3 e0 fce200
3f3 e1 fce200
3f3 e2 fce200
3f3 e3 fce200
3f3 e4 fce200
3f3 e5 fce200
3f3 e6 fce200
3f3 e7 fce200
3f3 e8 fce200
3f3 e9 fce200
3f3 ea fce200
3f3 eb fce200
3f3 ec fce200
3f3 ed fce200
3f3 ee fce200
3f3 ef fce200
3f3 f0 fce200
3f3 f1 fce200
3f3 f2 fce200
3f3 f3 fce200
3f3 f4 fce200
3f3 f5 fce200
3f3 f6 fce200
3f3 f7 fce200
3f3 f8 fce200
3f3 f9 fce200
3f3 fa fce200
3f3 fb fce200
3f3 fc fce200
3f3 fd fce200
3f3 fe fce200
3f3 ff fce200
3f1 00 fc7400
3f1 01 fc7400
3f1 02 fc7400
3f1 03 fc7400
3f1 04 fc7400
3f1 05 fc7400
3f1 06 fc7400
3f1 07 fc7400
3f1 08 fc7400
3f1 09 fc7400
3f1 0a fc7400
3f1 0b fc7400
3f1 0c fc7400
3f1 0d fc7400
3f1 0e fc7400
3f1 0f fc7400
3f1 10 fc7400
3f1 11 fc7400
3f1 12 fc7400
3f1 13 fc7400
3f1 14 fc7400
3f1 15 fc7400
3f1 16 fc7400
3f1 17 fc7400
3f1 18 fc7400
3f1 19 fc7400
3f1 1a fc7400
3f1 1b fc7400
3f1 1c fc7400
3f1 1d fc7400
3f1 1e fc7400
3f1 1f fc7400
3f1 20 fc7400
3f1 21 fc7400
3f1 22 fc7400
3f1 23 fc7400
3f1 24 fc7400
3f1 25 fc7400
3f1 26 fc7400
3f1 27 fc7400
3f1 28 fc7400
3f1 29 fc7400
3f1 2a fc7400
3f1 2b fc7400
3f1 2c fc7400
3f1 2d fc7400
3f1 2e fc7400
3f1 2f fc7400
3f1 30 fc7400
3f1 31 fc7400
3f1 32 fc7400
3f1 33 fc7400
3f1 34 fc7400
3f1 35 fc7400
3f1 36 fc7400
3f1 37 fc7400
3f1 38 fc7400
3f1 39 fc7400
3f1 3a fc7400
3f1 3b fc7400
3f1 3c fc7400
3f1 3d fc7400
3f1 3e fc7400
3f1 3f fc7400
3f1 40 fc7400
3f1 41 fc7400
3f1 42 fc7400
3f1 43 fc7400
3f1 44 fc7400
3f1 45 fc7400
3f1 46 fc7400
3f1 47 fc7400
3f1 48 fc7400
3f1 49 fc7400
3f1 4a fc7400
3f1 4b fc7400
3f1 4c fc7400
3f1 4d fc7400
3f1 4e fc7400
3f1 4f fc7400
3f1 50 fc7400
3f1 51 fc7400
3f1 52 fc7400
3f1 53 fc7400
3f1 54 fc7400
3f1 55 fc7400
3f1 56 fc7400
3f1 57 fc7400
3f1 58 fc7400
3f1 59 fc7400
3f1 5a fc7400
3f1 5b fc7400
3f1 5c fc7400
3f1 5d fc7400
3f1 5e fc7400
3f1 5f fc7400
3f1 60 fc7400
3f1 61 fc7400
3f1 62 fc7400
3f1 63 fc7400
3f1 64 fc7400
3f1 65 fc7400
3f1 66 fc7400
3f1 67 fc7400
3f1 68 fc7400
3f1 69 fc7400
3f1 6a fc7400
3f1 6b fc7400
3f1 6c fc7400
3f1 6d fc7400
3f1 6e fc7400
3f1 6f fc7400
3f1 70 fc7400
3f1 71 fc7400
3f1 72 fc7400
3f1 73 fc7400
3f1 74 fc7400
3f1 75 fc7400
3f1 76 fc7400
3f1 77 fc7400
3f1 78 fc7400
3f1 79 fc7400
3f1 7a fc7400
3f1 7b fc7400
3f1 7c fc7400
3f1 7d fc7400
3f1 7e fc7400
3f1 7f fc7400
3f1 80 fcd600
3f1 81 fcd600
3f1 82 fcd600
3f1 83 fcd600
3f1 84 fcd600
3f1 85 fcd600
3f1 86 fcd600
3f1 87 fcd600
3f1 88 fcd600
3f1 89 fcd600
3f1 8a fcd600
3f1 8b fcd600
3f1 8c fcd600
3f1 8d fcd600
3f1 8e fcd600
3f1 8f fcd600
3f1 90 fcd600
3f1 91 fcd600
3f1 92 fcd600
3f1 93 fcd600
3f1 94 fcd600
3f1 95 fcd600
3f1 96 fcd600
3f1 97 fcd600
3f1 98 fcd600
3f1 99 fcd600
3f1 9a fcd600
3f1 9b fcd600
3f1 9c fcd600
3f1 9d fcd600
3f1 9e fcd600
3f1 9f fcd600
3f1 a0 fcd600
3f1 a1 fcd600
3f1 a2 fcd600
3f1 a3 fcd600
3f1 a4 fcd600
3f1 a5 fcd600
3f1 a6 fcd600
3f1 a7 fcd600
3f1 a8 fcd600
3f1 a9 fcd600
3f1 aa fcd600
3f1 ab fcd600
3f1 ac fcd600
3f1 ad fcd600
3f1 ae fcd600
3f1 af fcd600
3f1 b0 fcd600
3f1 b1 fcd600
3f1 b2 fcd600
3f1 b3 fcd600
3f1 b4 fcd600
3f1 b5 fcd600
3f1 b6 fcd600
3f1 b7 fcd600
3f1 b8 fcd600
3f1 b9 fcd600
3f1 ba fcd600
3f1 bb fcd600
3f1 bc fcd600
3f1 bd fcd600
3f1 be fcd600
3f1 bf fcd600
3f1 c0 fcd600
3f1 c1 fcd600
3f1 c2 fcd600
3f1 c3 fcd600
3f1 c4 fcd600
3f1 c5 fcd600
3f1 c6 fcd600
3f1 c7 fcd600
3f1 c8 fcd600
3f1 c9 fcd600
3f1 ca fcd600
3f1 cb fcd600
3f1 cc fcd600
3f1 cd fcd600
3f1 ce fcd600
3f1 cf fcd600
3f1 d0 fcd600
3f1 d1 fcd600
3f1 d2 fcd600
3f1 d3 fcd600
3f1 d4 fcd600
3f1 d5 fcd600
3f1 d6 fcd600
3f1 d7 fcd600
3f1 d8 fcd600
3f1 d9 fcd600
3f1 da fcd600
3f1 db fcd600
3f1 dc fcd600
3f1 dd fcd600
3f1 de fcd600
3f1 df fcd600
3f1 e0 fcd600
3f1 e1 fcd600
3f1 e2 fcd600
3f1 e3 fcd600
3f1 e4 fcd600
3f1 e5 fcd600
3f1 e6 fcd600
3f1 e7 fcd600
3f1 e8 fcd600
3f1 e9 fcd600
3f1 ea fcd600
3f1 eb fcd600
3f1 ec fcd600
3f1 ed fcd600
3f1 ee fcd600
3f1 ef fcd600
3f1 f0 fcd600
3f1 f1 fcd600
3f1 f2 fcd600
3f1 f3 fcd600
3f1 f4 fcd600
3f1 f5 fcd600
3f1 f6 fcd600
3f1 f7 fcd600
3f1 f8 fcd600
3f1 f9 fcd600
3f1 fa fcd600
3f1 fb fcd600
3f1 fc fcd600
3f1 fd fcd600
3f1 fe fcd600
3f1 ff fcd600
3fc 00 ff3000
3fc 01 ff3000
3fc 02 ff3000
3fc 03 ff3000
3fc 04 ff3000
3fc 05 ff3000
3fc 06 ff3000
3fc 07 ff3000
3fc 08 ff3000
3fc 09 ff3000
3fc 0a ff3000
3fc 0b ff3000
3fc 0c ff3000
3fc 0d ff3000
3fc 0e ff3000
3fc 0f ff3000
3fc 10 ff3000
3fc 11 ff3000
3fc 12 ff3000
3fc 13 ff3000
3fc 14 ff3000
3fc 15 ff3000
3fc 16 ff3000
3fc 17 ff3000
3fc 18 ff3000
3fc 19 ff3000
3fc 1a ff3000
3fc 1b ff3000
3fc 1c ff3000
3fc 1d ff3000
3fc 1e ff3000
3fc 1f ff3000
3fc 20 ff3000
3fc 21 ff3000
3fc 22 ff3000
3fc 23 ff3000
3fc 24 ff3000
3fc 25 ff3000
3fc 26 ff3000
3fc 27 ff3000
3fc 28 ff3000
3fc 29 ff3000
3fc 2a ff3000
3fc 2b ff3000
3fc 2c ff3000
3fc 2d ff3000
3fc 2e ff3000
3fc 2f ff3000
3fc 30 ff3000
3fc 31 ff3000
3fc 32 ff3000
3fc 33 ff3000
3fc 34 ff3000
3fc 35 ff3000
3fc 36 ff3000
3fc 37 ff3000
3fc 38 ff3000
3fc 39 ff3000
3fc 3a ff3000
3fc 3b ff3000
3fc 3c ff3000
3fc 3d ff3000
3fc 3e ff3000
3fc 3f ff3000
3fc 40 ff3000
3fc 41 ff3000
3fc 42 ff3000
3fc 43 ff3000
3fc 44 ff3000
3fc 45 ff3000
3fc 46 ff3000
3fc 47 ff3000
3fc 48 ff3000
3fc 49 ff3000
3fc 4a ff3000
3fc 4b ff3000
3fc 4c ff3000
3fc 4d ff3000
3fc 4e ff3000
3fc 4f ff3000
3fc 50 ff3000
3fc 51 ff3000
3fc 52 ff3000
3fc 53 ff3000
3fc 54 ff3000
3fc 55 ff3000
3fc 56 ff3000
3fc 57 ff3000
3fc 58 ff3000
3fc 59 ff3000
3fc 5a ff3000
3fc 5b ff3000
3fc 5c ff3000
3fc 5d ff3000
3fc 5e ff3000
3fc 5f ff3000
3fc 60 ff3000
3fc 61 ff3000
3fc 62 ff3000
3fc 63 ff3000
3fc 64 ff3000
3fc 65 ff3000
3fc 66 ff3000
3fc 67 ff3000
3fc 68 ff3000
3fc 69 ff3000
3fc 6a ff3000
3fc 6b ff3000
3fc 6c ff3000
3fc 6d ff3000
3fc 6e ff3000
3fc 6f ff3000
3fc 70 ff3000
3fc 71 ff3000
3fc 72 ff3000
3fc 73 ff3000
3fc 74 ff3000
3fc 75 ff3000
3fc 76 ff3000
3fc 77 ff3000
3fc 78 ff3000
3fc 79 ff3000
3fc 7a ff3000
3fc 7b ff3000
3fc 7c ff3000
3fc 7d ff3000
3fc 7e ff3000
3fc 7f ff3000
3fc 80 ff2201
3fc 81 ff2201
3fc 82 ff2201
3fc 83 ff2201
3fc 84 ff2201
3fc 85 ff2201
3fc 86 ff2201
3fc 87 ff2201
3fc 88 ff2201
3fc 89 ff2201
3fc 8a ff2201
3fc 8b ff2201
3fc 8c ff2201
3fc 8d ff2201
3fc 8e ff2201
3fc 8f ff2201
3fc 90 ff2201
3fc 91 ff2201
3fc 92 ff2201
3fc 93 ff2201
3fc 94 ff2201
3fc 95 ff2201
3fc 96 ff2201
3fc 97 ff2201
3fc 98 ff2201
3fc 99 ff2201
3fc 9a ff2201
3fc 9b ff2201
3fc 9c ff2201
3fc 9d ff2201
3fc 9e ff2201
3fc 9f ff2201
3fc a0 ff2201
3fc a1 ff2201
3fc a2 ff2201
3fc a3 ff2201
3fc a4 ff2201
3fc a5 ff2201
3fc a6 ff2201
3fc a7 ff2201
3fc a8 ff2201
3fc a9 ff2201
3fc aa ff2201
3fc ab ff2201
3fc ac ff2201
3fc ad ff2201
3fc ae ff2201
3fc af ff2201
3fc b0 ff2201
3fc b1 ff2201
3fc b2 ff2201
3fc b3 ff2201
3fc b4 ff2201
3fc b5 ff2201
3fc b6 ff2201
3fc b7 ff2201
3fc b8 ff2201
3fc b9 ff2201
3fc ba ff2201
3fc bb ff2201
3fc bc ff2201
3fc bd ff2201
3fc be ff2201
3fc bf ff2201
3fc c0 ff2201
3fc c1 ff2201
3fc c2 ff2201
3fc c3 ff2201
3fc c4 ff2201
3fc c5 ff2201
3fc c6 ff2201
3fc c7 ff2201
3fc c8 ff2201
3fc c9 ff2201
3fc ca ff2201
3fc cb ff2201
3fc cc ff2201
3fc cd ff2201
3fc ce ff2201
3fc cf ff2201
3fc d0 ff2201
3fc d1 ff2201
3fc d2 ff2201
3fc d3 ff2201
3fc d4 ff2201
3fc d5 ff2201
3fc d6 ff2201
3fc d7 ff2201
3fc d8 ff2201
3fc d9 ff2201
3fc da ff2201
3fc db ff2201
3fc dc ff2201
3fc dd ff2201
3fc de ff2201
3fc df ff2201
3fc e0 ff2201
3fc e1 ff2201
3fc e2 ff2201
3fc e3 ff2201
3fc e4 ff2201
3fc e5 ff2201
3fc e6 ff2201
3fc e7 ff2201
3fc e8 ff2201
3fc e9 ff2201
3fc ea ff2201
3fc eb ff2201
3fc ec ff2201
3fc ed ff2201
3fc ee ff2201
3fc ef ff2201
3fc f0 ff2201
3fc f1 ff2201
3fc f2 ff2201
3fc f3 ff2201
3fc f4 ff2201
3fc f5 ff2201
3fc f6 ff2201
3fc f7 ff2201
3fc f8 ff2201
3fc f9 ff2201
3fc fa ff2201
3fc fb ff2201
3fc fc ff2201
3fc fd ff2201
3fc fe ff2201
3fc ff ff2201
3ff 00 fff000
3ff 01 fff000
3ff 02 fff000
3ff 03 fff000
3ff 04 fff000
3ff 05 fff000
3ff 06 fff000
3ff 07 fff000
3ff 08 fff000
3ff 09 fff000
3ff 0a fff000
3ff 0b fff000
3ff 0c fff000
3ff 0d fff000
3ff 0e fff000
3ff 0f fff000
3ff 10 fff000
3ff 11 fff000
3ff 12 fff000
3ff 13 fff000
3ff 14 fff000
3ff 15 fff000
3ff 16 fff000
3ff 17 fff000
3ff 18 fff000
3ff 19 fff000
3ff 1a fff000
3ff 1b fff000
3ff 1c fff000
3ff 1d fff000
3ff 1e fff000
3ff 1f fff000
3ff 20 fff000
3ff 21 fff000
3ff 22 fff000
3ff 23 fff000
3ff 24 fff000
3ff 25 fff000
3ff 26 fff000
3ff 27 fff000
3ff 28 fff000
3ff 29 fff000
3ff 2a fff000
3ff 2b fff000
3ff 2c fff000
3ff 2d fff000
3ff 2e fff000
3ff 2f fff000
3ff 30 fff000
3ff 31 fff000
3ff 32 fff000
3ff 33 fff000
3ff 34 fff000
3ff 35 fff000
3ff 36 fff000
3ff 37 fff000
3ff 38 fff000
3ff 39 fff000
3ff 3a fff000
3ff 3b fff000
3ff 3c fff000
3ff 3d fff000
3ff 3e fff000
3ff 3f fff000
3ff 40 fff000
3ff 41 fff000
3ff 42 fff000
3ff 43 fff000
3ff 44 fff000
3ff 45 fff000
3ff 46 fff000
3ff 47 fff000
3ff 48 fff000
3ff 49 fff000
3ff 4a fff000
3ff 4b fff000
3ff 4c fff000
3ff 4d fff000
3ff 4e fff000
3ff 4f fff000
3ff 50 fff000
3ff 51 fff000
3ff 52 fff000
3ff 53 fff000
3ff 54 fff000
3ff 55 fff000
3ff 56 fff000
3ff 57 fff000
3ff 58 fff000
3ff 59 fff000
3ff 5a fff000
3ff 5b fff000
3ff 5c fff000
3ff 5d fff000
3ff 5e fff000
3ff 5f fff000
3ff 60 fff000
3ff 61 fff000
3ff 62 fff000
3ff 63 fff000
3ff 64 fff000
3ff 65 fff000
3ff 66 fff000
3ff 67 fff000
3ff 68 fff000
3ff 69 fff000
3ff 6a fff000
3ff 6b fff000
3ff 6c fff000
3ff 6d fff000
3ff 6e fff000
3ff 6f fff000
3ff 70 fff000
3ff 71 fff000
3ff 72 fff000
3ff 73 fff000
3ff 74 fff000
3ff 75 fff000
3ff 76 fff000
3ff 77 fff000
3ff 78 fff000
3ff 79 fff000
3ff 7a fff000
3ff 7b fff000
3ff 7c fff000
3ff 7d fff000
3ff 7e fff000
3ff 7f fff000
3ff 80 fff000
3ff 81 fff000
3ff 82 fff000
3ff 83 fff000
3ff 84 fff000
3ff 85 fff000
3ff 86 fff000
3ff 87 fff000
3ff 88 fff000
3ff 89 fff000
3ff 8a fff000
3ff 8b fff000
3ff 8c fff000
3ff 8d fff000
3ff 8e fff000
3ff 8f fff000
3ff 90 fff000
3ff 91 fff000
3ff 92 fff000
3ff 93 fff000
3ff 94 fff000
3ff 95 fff000
3ff 96 fff000
3ff 97 fff000
3ff 98 fff000
3ff 99 fff000
3ff 9a fff000
3ff 9b fff000
3ff 9c fff000
3ff 9d fff000
3ff 9e fff000
3ff 9f fff000
3ff a0 fff000
3ff a1 fff000
3ff a2 fff000
3ff a3 fff000
3ff a4 fff000
3ff a5 fff000
3ff a6 fff000
3ff a7 fff000
3ff a8 fff000
3ff a9 fff000
3ff aa fff000
3ff ab fff000
3ff ac fff000
3ff ad fff000
3ff ae fff000
3ff af fff000
3ff b0 fff000
3ff b1 fff000
3ff b2 fff000
3ff b3 fff000
3ff b4 fff000
3ff b5 fff000
3ff b6 fff000
3ff b7 fff000
3ff b8 fff000
3ff b9 fff000
3ff ba fff000
3ff bb fff000
3ff bc fff000
3ff bd fff000
3ff be fff000
3ff bf fff000
3ff c0 fff000
3ff c1 fff000
3ff c2 fff000
3ff c3 fff000
3ff c4 fff000
3ff c5 fff000
3ff c6 fff000
3ff c7 fff000
3ff c8 fff000
3ff c9 fff000
3ff ca fff000
3ff cb fff000
3ff cc fff000
3ff cd fff000
3ff ce fff000
3ff cf fff000
3ff d0 fff000
3ff d1 fff000
3ff d2 fff000
3ff d3 fff000
3ff d4 fff000
3ff d5 fff000
3ff d6 fff000
3ff d7 fff000
3ff d8 fff000
3ff d9 fff000
3ff da fff000
3ff db fff000
3ff dc fff000
3ff dd fff000
3ff de fff000
3ff df fff000
3ff e0 fff000
3ff e1 fff000
3ff e2 fff000
3ff e3 fff000
3ff e4 fff000
3ff e5 fff000
3ff e6 fff000
3ff e7 fff000
3ff e8 fff000
3ff e9 fff000
3ff ea fff000
3ff eb fff000
3ff ec fff000
3ff ed fff000
3ff ee fff000
3ff ef fff000
3ff f0 fff000
3ff f1 fff000
3ff f2 fff000
3ff f3 fff000
3ff f4 fff000
3ff f5 fff000
3ff f6 fff000
3ff f7 fff000
3ff f8 fff000
3ff f9 fff000
3ff fa fff000
3ff fb fff000
3ff fc fff000
3ff fd fff000
3ff fe fff000
3ff ff fff000
3fd 00 ff7400
3fd 01 ff7400
3fd 02 ff7400
3fd 03 ff7400
3fd 04 ff7400
3fd 05 ff7400
3fd 06 ff7400
3fd 07 ff7400
3fd 08 ff7400
3fd 09 ff7400
3fd 0a ff7400
3fd 0b ff7400
3fd 0c ff7400
3fd 0d ff7400
3fd 0e ff7400
3fd 0f ff7400
3fd 10 ff7400
3fd 11 ff7400
3fd 12 ff7400
3fd 13 ff7400
3fd 14 ff7400
3fd 15 ff7400
3fd 16 ff7400
3fd 17 ff7400
3fd 18 ff7400
3fd 19 ff7400
3fd 1a ff7400
3fd 1b ff7400
3fd 1c ff7400
3fd 1d ff7400
3fd 1e ff7400
3fd 1f ff7400
3fd 20 ff7400
3fd 21 ff7400
3fd 22 ff7400
3fd 23 ff7400
3fd 24 ff7400
3fd 25 ff7400
3fd 26 ff7400
3fd 27 ff7400
3fd 28 ff7400
3fd 29 ff7400
3fd 2a ff7400
3fd 2b ff7400
3fd 2c ff7400
3fd 2d ff7400
3fd 2e ff7400
3fd 2f ff7400
3fd 30 ff7400
3fd 31 ff7400
3fd 32 ff7400
3fd 33 ff7400
3fd 34 ff7400
3fd 35 ff7400
3fd 36 ff7400
3fd 37 ff7400
3fd 38 ff7400
3fd 39 ff7400
3fd 3a ff7400
3fd 3b ff7400
3fd 3c ff7400
3fd 3d ff7400
3fd 3e ff7400
3fd 3f ff7400
3fd 40 ff7400
3fd 41 ff7400
3fd 42 ff7400
3fd 43 ff7400
3fd 44 ff7400
3fd 45 ff7400
3fd 46 ff7400
3fd 47 ff7400
3fd 48 ff7400
3fd 49 ff7400
3fd 4a ff7400
3fd 4b ff7400
3fd 4c ff7400
3fd 4d ff7400
3fd 4e ff7400
3fd 4f ff7400
3fd 50 ff7400
3fd 51 ff7400
3fd 52 ff7400
3fd 53 ff7400
3fd 54 ff7400
3fd 55 ff7400
3fd 56 ff7400
3fd 57 ff7400
3fd 58 ff7400
3fd 59 ff7400
3fd 5a ff7400
3fd 5b ff7400
3fd 5c ff7400
3fd 5d ff7400
3fd 5e ff7400
3fd 5f ff7400
3fd 60 ff7400
3fd 61 ff7400
3fd 62 ff7400
3fd 63 ff7400
3fd 64 ff7400
3fd 65 ff7400
3fd 66 ff7400
3fd 67 ff7400
3fd 68 ff7400
3fd 69 ff7400
3fd 6a ff7400
3fd 6b ff7400
3fd 6c ff7400
3fd 6d ff7400
3fd 6e ff7400
3fd 6f ff7400
3fd 70 ff7400
3fd 71 ff7400
3fd 72 ff7400
3fd 73 ff7400
3fd 74 ff7400
3fd 75 ff7400
3fd 76 ff7400
3fd 77 ff7400
3fd 78 ff7400
3fd 79 ff7400
3fd 7a ff7400
3fd 7b ff7400
3fd 7c ff7400
3fd 7d ff7400
3fd 7e ff7400
3fd 7f ff7400
3fd 80 ff1600
3fd 81 ff1600
3fd 82 ff1600
3fd 83 ff1600
3fd 84 ff1600
3fd 85 ff1600
3fd 86 ff1600
3fd 87 ff1600
3fd 88 ff1600
3fd 89 ff1600
3fd 8a ff1600
3fd 8b ff1600
3fd 8c ff1600
3fd 8d ff1600
3fd 8e ff1600
3fd 8f ff1600
3fd 90 ff1600
3fd 91 ff1600
3fd 92 ff1600
3fd 93 ff1600
3fd 94 ff1600
3fd 95 ff1600
3fd 96 ff1600
3fd 97 ff1600
3fd 98 ff1600
3fd 99 ff1600
3fd 9a ff1600
3fd 9b ff1600
3fd 9c ff1600
3fd 9d ff1600
3fd 9e ff1600
3fd 9f ff1600
3fd a0 ff1600
3fd a1 ff1600
3fd a2 ff1600
3fd a3 ff1600
3fd a4 ff1600
3fd a5 ff1600
3fd a6 ff1600
3fd a7 ff1600
3fd a8 ff1600
3fd a9 ff1600
3fd aa ff1600
3fd ab ff1600
3fd ac ff1600
3fd ad ff1600
3fd ae ff1600
3fd af ff1600
3fd b0 ff1600
3fd b1 ff1600
3fd b2 ff1600
3fd b3 ff1600
3fd b4 ff1600
3fd b5 ff1600
3fd b6 ff1600
3fd b7 ff1600
3fd b8 ff1600
3fd b9 ff1600
3fd ba ff1600
3fd bb ff1600
3fd bc ff1600
3fd bd ff1600
3fd be ff1600
3fd bf ff1600
3fd c0 ff1600
3fd c1 ff1600
3fd c2 ff1600
3fd c3 ff1600
3fd c4 ff1600
3fd c5 ff1600
3fd c6 ff1600
3fd c7 ff1600
3fd c8 ff1600
3fd c9 ff1600
3fd ca ff1600
3fd cb ff1600
3fd cc ff1600
3fd cd ff1600
3fd ce ff1600
3fd cf ff1600
3fd d0 ff1600
3fd d1 ff1600
3fd d2 ff1600
3fd d3 ff1600
3fd d4 ff1600
3fd d5 ff1600
3fd d6 ff1600
3fd d7 ff1600
3fd d8 ff1600
3fd d9 ff1600
3fd da ff1600
3fd db ff1600
3fd dc ff1600
3fd dd ff1600
3fd de ff1600
3fd df ff1600
3fd e0 ff1600
3fd e1 ff1600
3fd e2 ff1600
3fd e3 ff1600
3fd e4 ff1600
3fd e5 ff1600
3fd e6 ff1600
3fd e7 ff1600
3fd e8 ff1600
3fd e9 ff1600
3fd ea ff1600
3fd eb ff1600
3fd ec ff1600
3fd ed ff1600
3fd ee ff1600
3fd ef ff1600
3fd f0 ff1600
3fd f1 ff1600
3fd f2 ff1600
3fd f3 ff1600
3fd f4 ff1600
3fd f5 ff1600
3fd f6 ff1600
3fd f7 ff1600
3fd f8 ff1600
3fd f9 ff1600
3fd fa ff1600
3fd fb ff1600
3fd fc ff1600
3fd fd ff1600
3fd fe ff1600
3fd ff ff1600
3f4 00 fd3400
3f4 01 fd3400
3f4 02 fd3400
3f4 03 fd3400
3f4 04 fd3400
3f4 05 fd3400
3f4 06 fd3400
3f4 07 fd3400
3f4 08 fd3400
3f4 09 fd3400
3f4 0a fd3400
3f4 0b fd3400
3f4 0c fd3400
3f4 0d fd3400
3f4 0e fd3400
3f4 0f fd3400
3f4 10 fd3400
3f4 11 fd3400
3f4 12 fd3400
3f4 13 fd3400
3f4 14 fd3400
3f4 15 fd3400
3f4 16 fd3400
3f4 17 fd3400
3f4 18 fd3400
3f4 19 fd3400
3f4 1a fd3400
3f4 1b fd3400
3f4 1c fd3400
3f4 1d fd3400
3f4 1e fd3400
3f4 1f fd3400
3f4 20 fd3400
3f4 21 fd3400
3f4 22 fd3400
3f4 23 fd3400
3f4 24 fd3400
3f4 25 fd3400
3f4 26 fd3400
3f4 27 fd3400
3f4 28 fd3400
3f4 29 fd3400
3f4 2a fd3400
3f4 2b fd3400
3f4 2c fd3400
3f4 2d fd3400
3f4 2e fd3400
3f4 2f fd3400
3f4 30 fd3400
3f4 31 fd3400
3f4 32 fd3400
3f4 33 fd3400
3f4 34 fd3400
3f4 35 fd3400
3f4 36 fd3400
3f4 37 fd3400
3f4 38 fd3400
3f4 39 fd3400
3f4 3a fd3400
3f4 3b fd3400
3f4 3c fd3400
3f4 3d fd3400
3f4 3e fd3400
3f4 3f fd3400
3f4 40 fd3400
3f4 41 fd3400
3f4 42 fd3400
3f4 43 fd3400
3f4 44 fd3400
3f4 45 fd3400
3f4 46 fd3400
3f4 47 fd3400
3f4 48 fd3400
3f4 49 fd3400
3f4 4a fd3400
3f4 4b fd3400
3f4 4c fd3400
3f4 4d fd3400
3f4 4e fd3400
3f4 4f fd3400
3f4 50 fd3400
3f4 51 fd3400
3f4 52 fd3400
3f4 53 fd3400
3f4 54 fd3400
3f4 55 fd3400
3f4 56 fd3400
3f4 57 fd3400
3f4 58 fd3400
3f4 59 fd3400
3f4 5a fd3400
3f4 5b fd3400
3f4 5c fd3400
3f4 5d fd3400
3f4 5e fd3400
3f4 5f fd3400
3f4 60 fd3400
3f4 61 fd3400
3f4 62 fd3400
3f4 63 fd3400
3f4 64 fd3400
3f4 65 fd3400
3f4 66 fd3400
3f4 67 fd3400
3f4 68 fd3400
3f4 69 fd3400
3f4 6a fd3400
3f4 6b fd3400
3f4 6c fd3400
3f4 6d fd3400
3f4 6e fd3400
3f4 6f fd3400
3f4 70 fd3400
3f4 71 fd3400
3f4 72 fd3400
3f4 73 fd3400
3f4 74 fd3400
3f4 75 fd3400
3f4 76 fd3400
3f4 77 fd3400
3f4 78 fd3400
3f4 79 fd3400
3f4 7a fd3400
3f4 7b fd3400
3f4 7c fd3400
3f4 7d fd3400
3f4 7e fd3400
3f4 7f fd3400
3f4 80 ff1600
3f4 81 ff1600
3f4 82 ff1600
3f4 83 ff1600
3f4 84 ff1600
3f4 85 ff1600
3f4 86 ff1600
3f4 87 ff1600
3f4 88 ff1600
3f4 89 ff1600
3f4 8a ff1600
3f4 8b ff1600
3f4 8c ff1600
3f4 8d ff1600
3f4 8e ff1600
3f4 8f ff1600
3f4 90 ff1600
3f4 91 ff1600
3f4 92 ff1600
3f4 93 ff1600
3f4 94 ff1600
3f4 95 ff1600
3f4 96 ff1600
3f4 97 ff1600
3f4 98 ff1600
3f4 99 ff1600
3f4 9a ff1600
3f4 9b ff1600
3f4 9c ff1600
3f4 9d ff1600
3f4 9e ff1600
3f4 9f ff1600
3f4 a0 ff1600
3f4 a1 ff1600
3f4 a2 ff1600
3f4 a3 ff1600
3f4 a4 ff1600
3f4 a5 ff1600
3f4 a6 ff1600
3f4 a7 ff1600
3f4 a8 ff1600
3f4 a9 ff1600
3f4 aa ff1600
3f4 ab ff1600
3f4 ac ff1600
3f4 ad ff1600
3f4 ae ff1600
3f4 af ff1600
3f4 b0 ff1600
3f4 b1 ff1600
3f4 b2 ff1600
3f4 b3 ff1600
3f4 b4 ff1600
3f4 b5 ff1600
3f4 b6 ff1600
3f4 b7 ff1600
3f4 b8 ff1600
3f4 b9 ff1600
3f4 ba ff1600
3f4 bb ff1600
3f4 bc ff1600
3f4 bd ff1600
3f4 be ff1600
3f4 bf ff1600
3f4 c0 ff1600
3f4 c1 ff1600
3f4 c2 ff1600
3f4 c3 ff1600
3f4 c4 ff1600
3f4 c5 ff1600
3f4 c6 ff1600
3f4 c7 ff1600
3f4 c8 ff1600
3f4 c9 ff1600
3f4 ca ff1600
3f4 cb ff1600
3f4 cc ff1600
3f4 cd ff1600
3f4 ce ff1600
3f4 cf ff1600
3f4 d0 ff1600
3f4 d1 ff1600
3f4 d2 ff1600
3f4 d3 ff1600
3f4 d4 ff1600
3f4 d5 ff1600
3f4 d6 ff1600
3f4 d7 ff1600
3f4 d8 ff1600
3f4 d9 ff1600
3f4 da ff1600
3f4 db ff1600
3f4 dc ff1600
3f4 dd ff1600
3f4 de ff1600
3f4 df ff1600
3f4 e0 ff1600
3f4 e1 ff1600
3f4 e2 ff1600
3f4 e3 ff1600
3f4 e4 ff1600
3f4 e5 ff1600
3f4 e6 ff1600
3f4 e7 ff1600
3f4 e8 ff1600
3f4 e9 ff1600
3f4 ea ff1600
3f4 eb ff1600
3f4 ec ff1600
3f4 ed ff1600
3f4 ee ff1600
3f4 ef ff1600
3f4 f0 ff1600
3f4 f1 ff1600
3f4 f2 ff1600
3f4 f3 ff1600
3f4 f4 ff1600
3f4 f5 ff1600
3f4 f6 ff1600
3f4 f7 ff1600
3f4 f8 ff1600
3f4 f9 ff1600
3f4 fa ff1600
3f4 fb ff1600
3f4 fc ff1600
3f4 fd ff1600
3f4 fe ff1600
3f4 ff ff1600
3f7 00 fdf400
3f7 01 fdf400
3f7 02 fdf400
3f7 03 fdf400
3f7 04 fdf400
3f7 05 fdf400
3f7 06 fdf400
3f7 07 fdf400
3f7 08 fdf400
3f7 09 fdf400
3f7 0a fdf400
3f7 0b fdf400
3f7 0c fdf400
3f7 0d fdf400
3f7 0e fdf400
3f7 0f fdf400
3f7 10 fdf400
3f7 11 fdf400
3f7 12 fdf400
3f7 13 fdf400
3f7 14 fdf400
3f7 15 fdf400
3f7 16 fdf400
3f7 17 fdf400
3f7 18 fdf400
3f7 19 fdf400
3f7 1a fdf400
3f7 1b fdf400
3f7 1c fdf400
3f7 1d fdf400
3f7 1e fdf400
3f7 1f fdf400
3f7 20 fdf400
3f7 21 fdf400
3f7 22 fdf400
3f7 23 fdf400
3f7 24 fdf400
3f7 25 fdf400
3f7 26 fdf400
3f7 27 fdf400
3f7 28 fdf400
3f7 29 fdf400
3f7 2a fdf400
3f7 2b fdf400
3f7 2c fdf400
3f7 2d fdf400
3f7 2e fdf400
3f7 2f fdf400
3f7 30 fdf400
3f7 31 fdf400
3f7 32 fdf400
3f7 33 fdf400
3f7 34 fdf400
3f7 35 fdf400
3f7 36 fdf400
3f7 37 fdf400
3f7 38 fdf400
3f7 39 fdf400
3f7 3a fdf400
3f7 3b fdf400
3f7 3c fdf400
3f7 3d fdf400
3f7 3e fdf400
3f7 3f fdf400
3f7 40 fdf400
3f7 41 fdf400
3f7 42 fdf400
3f7 43 fdf400
3f7 44 fdf400
3f7 45 fdf400
3f7 46 fdf400
3f7 47 fdf400
3f7 48 fdf400
3f7 49 fdf400
3f7 4a fdf400
3f7 4b fdf400
3f7 4c fdf400
3f7 4d fdf400
3f7 4e fdf400
3f7 4f fdf400
3f7 50 fdf400
3f7 51 fdf400
3f7 52 fdf400
3f7 53 fdf400
3f7 54 fdf400
3f7 55 fdf400
3f7 56 fdf400
3f7 57 fdf400
3f7 58 fdf400
3f7 59 fdf400
3f7 5a fdf400
3f7 5b fdf400
3f7 5c fdf400
3f7 5d fdf400
3f7 5e fdf400
3f7 5f fdf400
3f7 60 fdf400
3f7 61 fdf400
3f7 62 fdf400
3f7 63 fdf400
3f7 64 fdf400
3f7 65 fdf400
3f7 66 fdf400
3f7 67 fdf400
3f7 68 fdf400
3f7 69 fdf400
3f7 6a fdf400
3f7 6b fdf400
3f7 6c fdf400
3f7 6d fdf400
3f7 6e fdf400
3f7 6f fdf400
3f7 70 fdf400
3f7 71 fdf400
3f7 72 fdf400
3f7 73 fdf400
3f7 74 fdf400
3f7 75 fdf400
3f7 76 fdf400
3f7 77 fdf400
3f7 78 fdf400
3f7 79 fdf400
3f7 7a fdf400
3f7 7b fdf400
3f7 7c fdf400
3f7 7d fdf400
3f7 7e fdf400
3f7 7f fdf400
3f7 80 fcd600
3f7 81 fcd600
3f7 82 fcd600
3f7 83 fcd600
3f7 84 fcd600
3f7 85 fcd600
3f7 86 fcd600
3f7 87 fcd600
3f7 88 fcd600
3f7 89 fcd600
3f7 8a fcd600
3f7 8b fcd600
3f7 8c fcd600
3f7 8d fcd600
3f7 8e fcd600
3f7 8f fcd600
3f7 90 fcd600
3f7 91 fcd600
3f7 92 fcd600
3f7 93 fcd600
3f7 94 fcd600
3f7 95 fcd600
3f7 96 fcd600
3f7 97 fcd600
3f7 98 fcd600
3f7 99 fcd600
3f7 9a fcd600
3f7 9b fcd600
3f7 9c fcd600
3f7 9d fcd600
3f7 9e fcd600
3f7 9f fcd600
3f7 a0 fcd600
3f7 a1 fcd600
3f7 a2 fcd600
3f7 a3 fcd600
3f7 a4 fcd600
3f7 a5 fcd600
3f7 a6 fcd600
3f7 a7 fcd600
3f7 a8 fcd600
3f7 a9 fcd600
3f7 aa fcd600
3f7 ab fcd600
3f7 ac fcd600
3f7 ad fcd600
3f7 ae fcd600
3f7 af fcd600
3f7 b0 fcd600
3f7 b1 fcd600
3f7 b2 fcd600
3f7 b3 fcd600
3f7 b4 fcd600
3f7 b5 fcd600
3f7 b6 fcd600
3f7 b7 fcd600
3f7 b8 fcd600
3f7 b9 fcd600
3f7 ba fcd600
3f7 bb fcd600
3f7 bc fcd600
3f7 bd fcd600
3f7 be fcd600
3f7 bf fcd600
3f7 c0 fcd600
3f7 c1 fcd600
3f7 c2 fcd600
3f7 c3 fcd600
3f7 c4 fcd600
3f7 c5 fcd600
3f7 c6 fcd600
3f7 c7 fcd600
3f7 c8 fcd600
3f7 c9 fcd600
3f7 ca fcd600
3f7 cb fcd600
3f7 cc fcd600
3f7 cd fcd600
3f7 ce fcd600
3f7 cf fcd600
3f7 d0 fcd600
3f7 d1 fcd600
3f7 d2 fcd600
3f7 d3 fcd600
3f7 d4 fcd600
3f7 d5 fcd600
3f7 d6 fcd600
3f7 d7 fcd600
3f7 d8 fcd600
3f7 d9 fcd600
3f7 da fcd600
3f7 db fcd600
3f7 dc fcd600
3f7 dd fcd600
3f7 de fcd600
3f7 df fcd600
3f7 e0 fcd600
3f7 e1 fcd600
3f7 e2 fcd600
3f7 e3 fcd600
3f7 e4 fcd600
3f7 e5 fcd600
3f7 e6 fcd600
3f7 e7 fcd600
3f7 e8 fcd600
3f7 e9 fcd600
3f7 ea fcd600
3f7 eb fcd600
3f7 ec fcd600
3f7 ed fcd600
3f7 ee fcd600
3f7 ef fcd600
3f7 f0 fcd600
3f7 f1 fcd600
3f7 f2 fcd600
3f7 f3 fcd600
3f7 f4 fcd600
3f7 f5 fcd600
3f7 f6 fcd600
3f7 f7 fcd600
3f7 f8 fcd600
3f7 f9 fcd600
3f7 fa fcd600
3f7 fb fcd600
3f7 fc fcd600
3f7 fd fcd600
3f7 fe fcd600
3f7 ff fcd600
3f5 00 fd7800
3f5 01 fd7800
3f5 02 fd7800
3f5 03 fd7800
3f5 04 fd7800
3f5 05 fd7800
3f5 06 fd7800
3f5 07 fd7800
3f5 08 fd7800
3f5 09 fd7800
3f5 0a fd7800
3f5 0b fd7800
3f5 0c fd7800
3f5 0d fd7800
3f5 0e fd7800
3f5 0f fd7800
3f5 10 fd7800
3f5 11 fd7800
3f5 12 fd7800
3f5 13 fd7800
3f5 14 fd7800
3f5 15 fd7800
3f5 16 fd7800
3f5 17 fd7800
3f5 18 fd7800
3f5 19 fd7800
3f5 1a fd7800
3f5 1b fd7800
3f5 1c fd7800
3f5 1d fd7800
3f5 1e fd7800
3f5 1f fd7800
3f5 20 fd7800
3f5 21 fd7800
3f5 22 fd7800
3f5 23 fd7800
3f5 24 fd7800
3f5 25 fd7800
3f5 26 fd7800
3f5 27 fd7800
3f5 28 fd7800
3f5 29 fd7800
3f5 2a fd7800
3f5 2b fd7800
3f5 2c fd7800
3f5 2d fd7800
3f5 2e fd7800
3f5 2f fd7800
3f5 30 fd7800
3f5 31 fd7800
3f5 32 fd7800
3f5 33 fd7800
3f5 34 fd7800
3f5 35 fd7800
3f5 36 fd7800
3f5 37 fd7800
3f5 38 fd7800
3f5 39 fd7800
3f5 3a fd7800
3f5 3b fd7800
3f5 3c fd7800
3f5 3d fd7800
3f5 3e fd7800
3f5 3f fd7800
3f5 40 fd7800
3f5 41 fd7800
3f5 42 fd7800
3f5 43 fd7800
3f5 44 fd7800
3f5 45 fd7800
3f5 46 fd7800
3f5 47 fd7800
3f5 48 fd7800
3f5 49 fd7800
3f5 4a fd7800
3f5 4b fd7800
3f5 4c fd7800
3f5 4d fd7800
3f5 4e fd7800
3f5 4f fd7800
3f5 50 fd7800
3f5 51 fd7800
3f5 52 fd7800
3f5 53 fd7800
3f5 54 fd7800
3f5 55 fd7800
3f5 56 fd7800
3f5 57 fd7800
3f5 58 fd7800
3f5 59 fd7800
3f5 5a fd7800
3f5 5b fd7800
3f5 5c fd7800
3f5 5d fd7800
3f5 5e fd7800
3f5 5f fd7800
3f5 60 fd7800
3f5 61 fd7800
3f5 62 fd7800
3f5 63 fd7800
3f5 64 fd7800
3f5 65 fd7800
3f5 66 fd7800
3f5 67 fd7800
3f5 68 fd7800
3f5 69 fd7800
3f5 6a fd7800
3f5 6b fd7800
3f5 6c fd7800
3f5 6d fd7800
3f5 6e fd7800
3f5 6f fd7800
3f5 70 fd7800
3f5 71 fd7800
3f5 72 fd7800
3f5 73 fd7800
3f5 74 fd7800
3f5 75 fd7800
3f5 76 fd7800
3f5 77 fd7800
3f5 78 fd7800
3f5 79 fd7800
3f5 7a fd7800
3f5 7b fd7800
3f5 7c fd7800
3f5 7d fd7800
3f5 7e fd7800
3f5 7f fd7800
3f5 80 fd4a00
3f5 81 fd4a00
3f5 82 fd4a00
3f5 83 fd4a00
3f5 84 fd4a00
3f5 85 fd4a00
3f5 86 fd4a00
3f5 87 fd4a00
3f5 88 fd4a00
3f5 89 fd4a00
3f5 8a fd4a00
3f5 8b fd4a00
3f5 8c fd4a00
3f5 8d fd4a00
3f5 8e fd4a00
3f5 8f fd4a00
3f5 90 fd4a00
3f5 91 fd4a00
3f5 92 fd4a00
3f5 93 fd4a00
3f5 94 fd4a00
3f5 95 fd4a00
3f5 96 fd4a00
3f5 97 fd4a00
3f5 98 fd4a00
3f5 99 fd4a00
3f5 9a fd4a00
3f5 9b fd4a00
3f5 9c fd4a00
3f5 9d fd4a00
3f5 9e fd4a00
3f5 9f fd4a00
3f5 a0 fd4a00
3f5 a1 fd4a00
3f5 a2 fd4a00
3f5 a3 fd4a00
3f5 a4 fd4a00
3f5 a5 fd4a00
3f5 a6 fd4a00
3f5 a7 fd4a00
3f5 a8 fd4a00
3f5 a9 fd4a00
3f5 aa fd4a00
3f5 ab fd4a00
3f5 ac fd4a00
3f5 ad fd4a00
3f5 ae fd4a00
3f5 af fd4a00
3f5 b0 fd4a00
3f5 b1 fd4a00
3f5 b2 fd4a00
3f5 b3 fd4a00
3f5 b4 fd4a00
3f5 b5 fd4a00
3f5 b6 fd4a00
3f5 b7 fd4a00
3f5 b8 fd4a00
3f5 b9 fd4a00
3f5 ba fd4a00
3f5 bb fd4a00
3f5 bc fd4a00
3f5 bd fd4a00
3f5 be fd4a00
3f5 bf fd4a00
3f5 c0 fd4a00
3f5 c1 fd4a00
3f5 c2 fd4a00
3f5 c3 fd4a00
3f5 c4 fd4a00
3f5 c5 fd4a00
3f5 c6 fd4a00
3f5 c7 fd4a00
3f5 c8 fd4a00
3f5 c9 fd4a00
3f5 ca fd4a00
3f5 cb fd4a00
3f5 cc fd4a00
3f5 cd fd4a00
3f5 ce fd4a00
3f5 cf fd4a00
3f5 d0 fd4a00
3f5 d1 fd4a00
3f5 d2 fd4a00
3f5 d3 fd4a00
3f5 d4 fd4a00
3f5 d5 fd4a00
3f5 d6 fd4a00
3f5 d7 fd4a00
3f5 d8 fd4a00
3f5 d9 fd4a00
3f5 da fd4a00
3f5 db fd4a00
3f5 dc fd4a00
3f5 dd fd4a00
3f5 de fd4a00
3f5 df fd4a00
3f5 e0 fd4a00
3f5 e1 fd4a00
3f5 e2 fd4a00
3f5 e3 fd4a00
3f5 e4 fd4a00
3f5 e5 fd4a00
3f5 e6 fd4a00
3f5 e7 fd4a00
3f5 e8 fd4a00
3f5 e9 fd4a00
3f5 ea fd4a00
3f5 eb fd4a00
3f5 ec fd4a00
3f5 ed fd4a00
3f5 ee fd4a00
3f5 ef fd4a00
3f5 f0 fd4a00
3f5 f1 fd4a00
3f5 f2 fd4a00
3f5 f3 fd4a00
3f5 f4 fd4a00
3f5 f5 fd4a00
3f5 f6 fd4a00
3f5 f7 fd4a00
3f5 f8 fd4a00
3f5 f9 fd4a00
3f5 fa fd4a00
3f5 fb fd4a00
3f5 fc fd4a00
3f5 fd fd4a00
3f5 fe fd4a00
3f5 ff fd4a00
3d0 00 f43000
3d0 01 f43000
3d0 02 f43000
3d0 03 f43000
3d0 04 f43000
3d0 05 f43000
3d0 06 f43000
3d0 07 f43000
3d0 08 f43000
3d0 09 f43000
3d0 0a f43000
3d0 0b f43000
3d0 0c f43000
3d0 0d f43000
3d0 0e f43000
3d0 0f f43000
3d0 10 f43000
3d0 11 f43000
3d0 12 f43000
3d0 13 f43000
3d0 14 f43000
3d0 15 f43000
3d0 16 f43000
3d0 17 f43000
3d0 18 f43000
3d0 19 f43000
3d0 1a f43000
3d0 1b f43000
3d0 1c f43000
3d0 1d f43000
3d0 1e f43000
3d0 1f f43000
3d0 20 f43000
3d0 21 f43000
3d0 22 f43000
3d0 23 f43000
3d0 24 f43000
3d0 25 f43000
3d0 26 f43000
3d0 27 f43000
3d0 28 f43000
3d0 29 f43000
3d0 2a f43000
3d0 2b f43000
3d0 2c f43000
3d0 2d f43000
3d0 2e f43000
3d0 2f f43000
3d0 30 f43000
3d0 31 f43000
3d0 32 f43000
3d0 33 f43000
3d0 34 f43000
3d0 35 f43000
3d0 36 f43000
3d0 37 f43000
3d0 38 f43000
3d0 39 f43000
3d0 3a f43000
3d0 3b f43000
3d0 3c f43000
3d0 3d f43000
3d0 3e f43000
3d0 3f f43000
3d0 40 f43000
3d0 41 f43000
3d0 42 f43000
3d0 43 f43000
3d0 44 f43000
3d0 45 f43000
3d0 46 f43000
3d0 47 f43000
3d0 48 f43000
3d0 49 f43000
3d0 4a f43000
3d0 4b f43000
3d0 4c f43000
3d0 4d f43000
3d0 4e f43000
3d0 4f f43000
3d0 50 f43000
3d0 51 f43000
3d0 52 f43000
3d0 53 f43000
3d0 54 f43000
3d0 55 f43000
3d0 56 f43000
3d0 57 f43000
3d0 58 f43000
3d0 59 f43000
3d0 5a f43000
3d0 5b f43000
3d0 5c f43000
3d0 5d f43000
3d0 5e f43000
3d0 5f f43000
3d0 60 f43000
3d0 61 f43000
3d0 62 f43000
3d0 63 f43000
3d0 64 f43000
3d0 65 f43000
3d0 66 f43000
3d0 67 f43000
3d0 68 f43000
3d0 69 f43000
3d0 6a f43000
3d0 6b f43000
3d0 6c f43000
3d0 6d f43000
3d0 6e f43000
3d0 6f f43000
3d0 70 f43000
3d0 71 f43000
3d0 72 f43000
3d0 73 f43000
3d0 74 f43000
3d0 75 f43000
3d0 76 f43000
3d0 77 f43000
3d0 78 f43000
3d0 79 f43000
3d0 7a f43000
3d0 7b f43000
3d0 7c f43000
3d0 7d f43000
3d0 7e f43000
3d0 7f f43000
3d0 80 f43000
3d0 81 f43000
3d0 82 f43000
3d0 83 f43000
3d0 84 f43000
3d0 85 f43000
3d0 86 f43000
3d0 87 f43000
3d0 88 f43000
3d0 89 f43000
3d0 8a f43000
3d0 8b f43000
3d0 8c f43000
3d0 8d f43000
3d0 8e f43000
3d0 8f f43000
3d0 90 f43000
3d0 91 f43000
3d0 92 f43000
3d0 93 f43000
3d0 94 f43000
3d0 95 f43000
3d0 96 f43000
3d0 97 f43000
3d0 98 f43000
3d0 99 f43000
3d0 9a f43000
3d0 9b f43000
3d0 9c f43000
3d0 9d f43000
3d0 9e f43000
3d0 9f f43000
3d0 a0 f43000
3d0 a1 f43000
3d0 a2 f43000
3d0 a3 f43000
3d0 a4 f43000
3d0 a5 f43000
3d0 a6 f43000
3d0 a7 f43000
3d0 a8 f43000
3d0 a9 f43000
3d0 aa f43000
3d0 ab f43000
3d0 ac f43000
3d0 ad f43000
3d0 ae f43000
3d0 af f43000
3d0 b0 f43000
3d0 b1 f43000
3d0 b2 f43000
3d0 b3 f43000
3d0 b4 f43000
3d0 b5 f43000
3d0 b6 f43000
3d0 b7 f43000
3d0 b8 f43000
3d0 b9 f43000
3d0 ba f43000
3d0 bb f43000
3d0 bc f43000
3d0 bd f43000
3d0 be f43000
3d0 bf f43000
3d0 c0 f43000
3d0 c1 f43000
3d0 c2 f43000
3d0 c3 f43000
3d0 c4 f43000
3d0 c5 f43000
3d0 c6 f43000
3d0 c7 f43000
3d0 c8 f43000
3d0 c9 f43000
3d0 ca f43000
3d0 cb f43000
3d0 cc f43000
3d0 cd f43000
3d0 ce f43000
3d0 cf f43000
3d0 d0 f43000
3d0 d1 f43000
3d0 d2 f43000
3d0 d3 f43000
3d0 d4 f43000
3d0 d5 f43000
3d0 d6 f43000
3d0 d7 f43000
3d0 d8 f43000
3d0 d9 f43000
3d0 da f43000
3d0 db f43000
3d0 dc f43000
3d0 dd f43000
3d0 de f43000
3d0 df f43000
3d0 e0 f43000
3d0 e1 f43000
3d0 e2 f43000
3d0 e3 f43000
3d0 e4 f43000
3d0 e5 f43000
3d0 e6 f43000
3d0 e7 f43000
3d0 e8 f43000
3d0 e9 f43000
3d0 ea f43000
3d0 eb f43000
3d0 ec f43000
3d0 ed f43000
3d0 ee f43000
3d0 ef f43000
3d0 f0 f43000
3d0 f1 f43000
3d0 f2 f43000
3d0 f3 f43000
3d0 f4 f43000
3d0 f5 f43000
3d0 f6 f43000
3d0 f7 f43000
3d0 f8 f43000
3d0 f9 f43000
3d0 fa f43000
3d0 fb f43000
3d0 fc f43000
3d0 fd f43000
3d0 fe f43000
3d0 ff f43000
3d3 00 f4f000
3d3 01 f4f000
3d3 02 f4f000
3d3 03 f4f000
3d3 04 f4f000
3d3 05 f4f000
3d3 06 f4f000
3d3 07 f4f000
3d3 08 f4f000
3d3 09 f4f000
3d3 0a f4f000
3d3 0b f4f000
3d3 0c f4f000
3d3 0d f4f000
3d3 0e f4f000
3d3 0f f4f000
3d3 10 f4f000
3d3 11 f4f000
3d3 12 f4f000
3d3 13 f4f000
3d3 14 f4f000
3d3 15 f4f000
3d3 16 f4f000
3d3 17 f4f000
3d3 18 f4f000
3d3 19 f4f000
3d3 1a f4f000
3d3 1b f4f000
3d3 1c f4f000
3d3 1d f4f000
3d3 1e f4f000
3d3 1f f4f000
3d3 20 f4f000
3d3 21 f4f000
3d3 22 f4f000
3d3 23 f4f000
3d3 24 f4f000
3d3 25 f4f000
3d3 26 f4f000
3d3 27 f4f000
3d3 28 f4f000
3d3 29 f4f000
3d3 2a f4f000
3d3 2b f4f000
3d3 2c f4f000
3d3 2d f4f000
3d3 2e f4f000
3d3 2f f4f000
3d3 30 f4f000
3d3 31 f4f000
3d3 32 f4f000
3d3 33 f4f000
3d3 34 f4f000
3d3 35 f4f000
3d3 36 f4f000
3d3 37 f4f000
3d3 38 f4f000
3d3 39 f4f000
3d3 3a f4f000
3d3 3b f4f000
3d3 3c f4f000
3d3 3d f4f000
3d3 3e f4f000
3d3 3f f4f000
3d3 40 f4e100
3d3 41 f4e100
3d3 42 f4e100
3d3 43 f4e100
3d3 44 f4e100
3d3 45 f4e100
3d3 46 f4e100
3d3 47 f4e100
3d3 48 f4e100
3d3 49 f4e100
3d3 4a f4e100
3d3 4b f4e100
3d3 4c f4e100
3d3 4d f4e100
3d3 4e f4e100
3d3 4f f4e100
3d3 50 f4e100
3d3 51 f4e100
3d3 52 f4e100
3d3 53 f4e100
3d3 54 f4e100
3d3 55 f4e100
3d3 56 f4e100
3d3 57 f4e100
3d3 58 f4e100
3d3 59 f4e100
3d3 5a f4e100
3d3 5b f4e100
3d3 5c f4e100
3d3 5d f4e100
3d3 5e f4e100
3d3 5f f4e100
3d3 60 f4e100
3d3 61 f4e100
3d3 62 f4e100
3d3 63 f4e100
3d3 64 f4e100
3d3 65 f4e100
3d3 66 f4e100
3d3 67 f4e100
3d3 68 f4e100
3d3 69 f4e100
3d3 6a f4e100
3d3 6b f4e100
3d3 6c f4e100
3d3 6d f4e100
3d3 6e f4e100
3d3 6f f4e100
3d3 70 f4e100
3d3 71 f4e100
3d3 72 f4e100
3d3 73 f4e100
3d3 74 f4e100
3d3 75 f4e100
3d3 76 f4e100
3d3 77 f4e100
3d3 78 f4e100
3d3 79 f4e100
3d3 7a f4e100
3d3 7b f4e100
3d3 7c f4e100
3d3 7d f4e100
3d3 7e f4e100
3d3 7f f4e100
3d3 80 f4e200
3d3 81 f4e200
3d3 82 f4e200
3d3 83 f4e200
3d3 84 f4e200
3d3 85 f4e200
3d3 86 f4e200
3d3 87 f4e200
3d3 88 f4e200
3d3 89 f4e200
3d3 8a f4e200
3d3 8b f4e200
3d3 8c f4e200
3d3 8d f4e200
3d3 8e f4e200
3d3 8f f4e200
3d3 90 f4e200
3d3 91 f4e200
3d3 92 f4e200
3d3 93 f4e200
3d3 94 f4e200
3d3 95 f4e200
3d3 96 f4e200
3d3 97 f4e200
3d3 98 f4e200
3d3 99 f4e200
3d3 9a f4e200
3d3 9b f4e200
3d3 9c f4e200
3d3 9d f4e200
3d3 9e f4e200
3d3 9f f4e200
3d3 a0 f4e200
3d3 a1 f4e200
3d3 a2 f4e200
3d3 a3 f4e200
3d3 a4 f4e200
3d3 a5 f4e200
3d3 a6 f4e200
3d3 a7 f4e200
3d3 a8 f4e200
3d3 a9 f4e200
3d3 aa f4e200
3d3 ab f4e200
3d3 ac f4e200
3d3 ad f4e200
3d3 ae f4e200
3d3 af f4e200
3d3 b0 f4e200
3d3 b1 f4e200
3d3 b2 f4e200
3d3 b3 f4e200
3d3 b4 f4e200
3d3 b5 f4e200
3d3 b6 f4e200
3d3 b7 f4e200
3d3 b8 f4e200
3d3 b9 f4e200
3d3 ba f4e200
3d3 bb f4e200
3d3 bc f4e200
3d3 bd f4e200
3d3 be f4e200
3d3 bf f4e200
3d3 c0 f4e300
3d3 c1 f4e300
3d3 c2 f4e300
3d3 c3 f4e300
3d3 c4 f4e300
3d3 c5 f4e300
3d3 c6 f4e300
3d3 c7 f4e300
3d3 c8 f4e300
3d3 c9 f4e300
3d3 ca f4e300
3d3 cb f4e300
3d3 cc f4e300
3d3 cd f4e300
3d3 ce f4e300
3d3 cf f4e300
3d3 d0 f4e300
3d3 d1 f4e300
3d3 d2 f4e300
3d3 d3 f4e300
3d3 d4 f4e300
3d3 d5 f4e300
3d3 d6 f4e300
3d3 d7 f4e300
3d3 d8 f4e300
3d3 d9 f4e300
3d3 da f4e300
3d3 db f4e300
3d3 dc f4e300
3d3 dd f4e300
3d3 de f4e300
3d3 df f4e300
3d3 e0 f4e300
3d3 e1 f4e300
3d3 e2 f4e300
3d3 e3 f4e300
3d3 e4 f4e300
3d3 e5 f4e300
3d3 e6 f4e300
3d3 e7 f4e300
3d3 e8 f4e300
3d3 e9 f4e300
3d3 ea f4e300
3d3 eb f4e300
3d3 ec f4e300
3d3 ed f4e300
3d3 ee f4e300
3d3 ef f4e300
3d3 f0 f4e300
3d3 f1 f4e300
3d3 f2 f4e300
3d3 f3 f4e300
3d3 f4 f4e300
3d3 f5 f4e300
3d3 f6 f4e300
3d3 f7 f4e300
3d3 f8 f4e300
3d3 f9 f4e300
3d3 fa f4e300
3d3 fb f4e300
3d3 fc f4e300
3d3 fd f4e300
3d3 fe f4e300
3d3 ff f4e300
3d1 00 f47400
3d1 01 f47400
3d1 02 f47400
3d1 03 f47400
3d1 04 f47400
3d1 05 f47400
3d1 06 f47400
3d1 07 f47400
3d1 08 f47400
3d1 09 f47400
3d1 0a f47400
3d1 0b f47400
3d1 0c f47400
3d1 0d f47400
3d1 0e f47400
3d1 0f f47400
3d1 10 f47400
3d1 11 f47400
3d1 12 f47400
3d1 13 f47400
3d1 14 f47400
3d1 15 f47400
3d1 16 f47400
3d1 17 f47400
3d1 18 f47400
3d1 19 f47400
3d1 1a f47400
3d1 1b f47400
3d1 1c f47400
3d1 1d f47400
3d1 1e f47400
3d1 1f f47400
3d1 20 f47400
3d1 21 f47400
3d1 22 f47400
3d1 23 f47400
3d1 24 f47400
3d1 25 f47400
3d1 26 f47400
3d1 27 f47400
3d1 28 f47400
3d1 29 f47400
3d1 2a f47400
3d1 2b f47400
3d1 2c f47400
3d1 2d f47400
3d1 2e f47400
3d1 2f f47400
3d1 30 f47400
3d1 31 f47400
3d1 32 f47400
3d1 33 f47400
3d1 34 f47400
3d1 35 f47400
3d1 36 f47400
3d1 37 f47400
3d1 38 f47400
3d1 39 f47400
3d1 3a f47400
3d1 3b f47400
3d1 3c f47400
3d1 3d f47400
3d1 3e f47400
3d1 3f f47400
3d1 40 f4d500
3d1 41 f4d500
3d1 42 f4d500
3d1 43 f4d500
3d1 44 f4d500
3d1 45 f4d500
3d1 46 f4d500
3d1 47 f4d500
3d1 48 f4d500
3d1 49 f4d500
3d1 4a f4d500
3d1 4b f4d500
3d1 4c f4d500
3d1 4d f4d500
3d1 4e f4d500
3d1 4f f4d500
3d1 50 f4d500
3d1 51 f4d500
3d1 52 f4d500
3d1 53 f4d500
3d1 54 f4d500
3d1 55 f4d500
3d1 56 f4d500
3d1 57 f4d500
3d1 58 f4d500
3d1 59 f4d500
3d1 5a f4d500
3d1 5b f4d500
3d1 5c f4d500
3d1 5d f4d500
3d1 5e f4d500
3d1 5f f4d500
3d1 60 f4d500
3d1 61 f4d500
3d1 62 f4d500
3d1 63 f4d500
3d1 64 f4d500
3d1 65 f4d500
3d1 66 f4d500
3d1 67 f4d500
3d1 68 f4d500
3d1 69 f4d500
3d1 6a f4d500
3d1 6b f4d500
3d1 6c f4d500
3d1 6d f4d500
3d1 6e f4d500
3d1 6f f4d500
3d1 70 f4d500
3d1 71 f4d500
3d1 72 f4d500
3d1 73 f4d500
3d1 74 f4d500
3d1 75 f4d500
3d1 76 f4d500
3d1 77 f4d500
3d1 78 f4d500
3d1 79 f4d500
3d1 7a f4d500
3d1 7b f4d500
3d1 7c f4d500
3d1 7d f4d500
3d1 7e f4d500
3d1 7f f4d500
3d1 80 f4d600
3d1 81 f4d600
3d1 82 f4d600
3d1 83 f4d600
3d1 84 f4d600
3d1 85 f4d600
3d1 86 f4d600
3d1 87 f4d600
3d1 88 f4d600
3d1 89 f4d600
3d1 8a f4d600
3d1 8b f4d600
3d1 8c f4d600
3d1 8d f4d600
3d1 8e f4d600
3d1 8f f4d600
3d1 90 f4d600
3d1 91 f4d600
3d1 92 f4d600
3d1 93 f4d600
3d1 94 f4d600
3d1 95 f4d600
3d1 96 f4d600
3d1 97 f4d600
3d1 98 f4d600
3d1 99 f4d600
3d1 9a f4d600
3d1 9b f4d600
3d1 9c f4d600
3d1 9d f4d600
3d1 9e f4d600
3d1 9f f4d600
3d1 a0 f4d600
3d1 a1 f4d600
3d1 a2 f4d600
3d1 a3 f4d600
3d1 a4 f4d600
3d1 a5 f4d600
3d1 a6 f4d600
3d1 a7 f4d600
3d1 a8 f4d600
3d1 a9 f4d600
3d1 aa f4d600
3d1 ab f4d600
3d1 ac f4d600
3d1 ad f4d600
3d1 ae f4d600
3d1 af f4d600
3d1 b0 f4d600
3d1 b1 f4d600
3d1 b2 f4d600
3d1 b3 f4d600
3d1 b4 f4d600
3d1 b5 f4d600
3d1 b6 f4d600
3d1 b7 f4d600
3d1 b8 f4d600
3d1 b9 f4d600
3d1 ba f4d600
3d1 bb f4d600
3d1 bc f4d600
3d1 bd f4d600
3d1 be f4d600
3d1 bf f4d600
3d1 c0 f4d700
3d1 c1 f4d700
3d1 c2 f4d700
3d1 c3 f4d700
3d1 c4 f4d700
3d1 c5 f4d700
3d1 c6 f4d700
3d1 c7 f4d700
3d1 c8 f4d700
3d1 c9 f4d700
3d1 ca f4d700
3d1 cb f4d700
3d1 cc f4d700
3d1 cd f4d700
3d1 ce f4d700
3d1 cf f4d700
3d1 d0 f4d700
3d1 d1 f4d700
3d1 d2 f4d700
3d1 d3 f4d700
3d1 d4 f4d700
3d1 d5 f4d700
3d1 d6 f4d700
3d1 d7 f4d700
3d1 d8 f4d700
3d1 d9 f4d700
3d1 da f4d700
3d1 db f4d700
3d1 dc f4d700
3d1 dd f4d700
3d1 de f4d700
3d1 df f4d700
3d1 e0 f4d700
3d1 e1 f4d700
3d1 e2 f4d700
3d1 e3 f4d700
3d1 e4 f4d700
3d1 e5 f4d700
3d1 e6 f4d700
3d1 e7 f4d700
3d1 e8 f4d700
3d1 e9 f4d700
3d1 ea f4d700
3d1 eb f4d700
3d1 ec f4d700
3d1 ed f4d700
3d1 ee f4d700
3d1 ef f4d700
3d1 f0 f4d700
3d1 f1 f4d700
3d1 f2 f4d700
3d1 f3 f4d700
3d1 f4 f4d700
3d1 f5 f4d700
3d1 f6 f4d700
3d1 f7 f4d700
3d1 f8 f4d700
3d1 f9 f4d700
3d1 fa f4d700
3d1 fb f4d700
3d1 fc f4d700
3d1 fd f4d700
3d1 fe f4d700
3d1 ff f4d700
3dc 00 f73000
3dc 01 f73000
3dc 02 f73000
3dc 03 f73000
3dc 04 f73000
3dc 05 f73000
3dc 06 f73000
3dc 07 f73000
3dc 08 f73000
3dc 09 f73000
3dc 0a f73000
3dc 0b f73000
3dc 0c f73000
3dc 0d f73000
3dc 0e f73000
3dc 0f f73000
3dc 10 f73000
3dc 11 f73000
3dc 12 f73000
3dc 13 f73000
3dc 14 f73000
3dc 15 f73000
3dc 16 f73000
3dc 17 f73000
3dc 18 f73000
3dc 19 f73000
3dc 1a f73000
3dc 1b f73000
3dc 1c f73000
3dc 1d f73000
3dc 1e f73000
3dc 1f f73000
3dc 20 f73000
3dc 21 f73000
3dc 22 f73000
3dc 23 f73000
3dc 24 f73000
3dc 25 f73000
3dc 26 f73000
3dc 27 f73000
3dc 28 f73000
3dc 29 f73000
3dc 2a f73000
3dc 2b f73000
3dc 2c f73000
3dc 2d f73000
3dc 2e f73000
3dc 2f f73000
3dc 30 f73000
3dc 31 f73000
3dc 32 f73000
3dc 33 f73000
3dc 34 f73000
3dc 35 f73000
3dc 36 f73000
3dc 37 f73000
3dc 38 f73000
3dc 39 f73000
3dc 3a f73000
3dc 3b f73000
3dc 3c f73000
3dc 3d f73000
3dc 3e f73000
3dc 3f f73000
3dc 40 f72101
3dc 41 f72101
3dc 42 f72101
3dc 43 f72101
3dc 44 f72101
3dc 45 f72101
3dc 46 f72101
3dc 47 f72101
3dc 48 f72101
3dc 49 f72101
3dc 4a f72101
3dc 4b f72101
3dc 4c f72101
3dc 4d f72101
3dc 4e f72101
3dc 4f f72101
3dc 50 f72101
3dc 51 f72101
3dc 52 f72101
3dc 53 f72101
3dc 54 f72101
3dc 55 f72101
3dc 56 f72101
3dc 57 f72101
3dc 58 f72101
3dc 59 f72101
3dc 5a f72101
3dc 5b f72101
3dc 5c f72101
3dc 5d f72101
3dc 5e f72101
3dc 5f f72101
3dc 60 f72101
3dc 61 f72101
3dc 62 f72101
3dc 63 f72101
3dc 64 f72101
3dc 65 f72101
3dc 66 f72101
3dc 67 f72101
3dc 68 f72101
3dc 69 f72101
3dc 6a f72101
3dc 6b f72101
3dc 6c f72101
3dc 6d f72101
3dc 6e f72101
3dc 6f f72101
3dc 70 f72101
3dc 71 f72101
3dc 72 f72101
3dc 73 f72101
3dc 74 f72101
3dc 75 f72101
3dc 76 f72101
3dc 77 f72101
3dc 78 f72101
3dc 79 f72101
3dc 7a f72101
3dc 7b f72101
3dc 7c f72101
3dc 7d f72101
3dc 7e f72101
3dc 7f f72101
3dc 80 f72201
3dc 81 f72201
3dc 82 f72201
3dc 83 f72201
3dc 84 f72201
3dc 85 f72201
3dc 86 f72201
3dc 87 f72201
3dc 88 f72201
3dc 89 f72201
3dc 8a f72201
3dc 8b f72201
3dc 8c f72201
3dc 8d f72201
3dc 8e f72201
3dc 8f f72201
3dc 90 f72201
3dc 91 f72201
3dc 92 f72201
3dc 93 f72201
3dc 94 f72201
3dc 95 f72201
3dc 96 f72201
3dc 97 f72201
3dc 98 f72201
3dc 99 f72201
3dc 9a f72201
3dc 9b f72201
3dc 9c f72201
3dc 9d f72201
3dc 9e f72201
3dc 9f f72201
3dc a0 f72201
3dc a1 f72201
3dc a2 f72201
3dc a3 f72201
3dc a4 f72201
3dc a5 f72201
3dc a6 f72201
3dc a7 f72201
3dc a8 f72201
3dc a9 f72201
3dc aa f72201
3dc ab f72201
3dc ac f72201
3dc ad f72201
3dc ae f72201
3dc af f72201
3dc b0 f72201
3dc b1 f72201
3dc b2 f72201
3dc b3 f72201
3dc b4 f72201
3dc b5 f72201
3dc b6 f72201
3dc b7 f72201
3dc b8 f72201
3dc b9 f72201
3dc ba f72201
3dc bb f72201
3dc bc f72201
3dc bd f72201
3dc be f72201
3dc bf f72201
3dc c0 f72301
3dc c1 f72301
3dc c2 f72301
3dc c3 f72301
3dc c4 f72301
3dc c5 f72301
3dc c6 f72301
3dc c7 f72301
3dc c8 f72301
3dc c9 f72301
3dc ca f72301
3dc cb f72301
3dc cc f72301
3dc cd f72301
3dc ce f72301
3dc cf f72301
3dc d0 f72301
3dc d1 f72301
3dc d2 f72301
3dc d3 f72301
3dc d4 f72301
3dc d5 f72301
3dc d6 f72301
3dc d7 f72301
3dc d8 f72301
3dc d9 f72301
3dc da f72301
3dc db f72301
3dc dc f72301
3dc dd f72301
3dc de f72301
3dc df f72301
3dc e0 f72301
3dc e1 f72301
3dc e2 f72301
3dc e3 f72301
3dc e4 f72301
3dc e5 f72301
3dc e6 f72301
3dc e7 f72301
3dc e8 f72301
3dc e9 f72301
3dc ea f72301
3dc eb f72301
3dc ec f72301
3dc ed f72301
3dc ee f72301
3dc ef f72301
3dc f0 f72301
3dc f1 f72301
3dc f2 f72301
3dc f3 f72301
3dc f4 f72301
3dc f5 f72301
3dc f6 f72301
3dc f7 f72301
3dc f8 f72301
3dc f9 f72301
3dc fa f72301
3dc fb f72301
3dc fc f72301
3dc fd f72301
3dc fe f72301
3dc ff f72301
3df 00 f7f000
3df 01 f7f000
3df 02 f7f000
3df 03 f7f000
3df 04 f7f000
3df 05 f7f000
3df 06 f7f000
3df 07 f7f000
3df 08 f7f000
3df 09 f7f000
3df 0a f7f000
3df 0b f7f000
3df 0c f7f000
3df 0d f7f000
3df 0e f7f000
3df 0f f7f000
3df 10 f7f000
3df 11 f7f000
3df 12 f7f000
3df 13 f7f000
3df 14 f7f000
3df 15 f7f000
3df 16 f7f000
3df 17 f7f000
3df 18 f7f000
3df 19 f7f000
3df 1a f7f000
3df 1b f7f000
3df 1c f7f000
3df 1d f7f000
3df 1e f7f000
3df 1f f7f000
3df 20 f7f000
3df 21 f7f000
3df 22 f7f000
3df 23 f7f000
3df 24 f7f000
3df 25 f7f000
3df 26 f7f000
3df 27 f7f000
3df 28 f7f000
3df 29 f7f000
3df 2a f7f000
3df 2b f7f000
3df 2c f7f000
3df 2d f7f000
3df 2e f7f000
3df 2f f7f000
3df 30 f7f000
3df 31 f7f000
3df 32 f7f000
3df 33 f7f000
3df 34 f7f000
3df 35 f7f000
3df 36 f7f000
3df 37 f7f000
3df 38 f7f000
3df 39 f7f000
3df 3a f7f000
3df 3b f7f000
3df 3c f7f000
3df 3d f7f000
3df 3e f7f000
3df 3f f7f000
3df 40 f7f000
3df 41 f7f000
3df 42 f7f000
3df 43 f7f000
3df 44 f7f000
3df 45 f7f000
3df 46 f7f000
3df 47 f7f000
3df 48 f7f000
3df 49 f7f000
3df 4a f7f000
3df 4b f7f000
3df 4c f7f000
3df 4d f7f000
3df 4e f7f000
3df 4f f7f000
3df 50 f7f000
3df 51 f7f000
3df 52 f7f000
3df 53 f7f000
3df 54 f7f000
3df 55 f7f000
3df 56 f7f000
3df 57 f7f000
3df 58 f7f000
3df 59 f7f000
3df 5a f7f000
3df 5b f7f000
3df 5c f7f000
3df 5d f7f000
3df 5e f7f000
3df 5f f7f000
3df 60 f7f000
3df 61 f7f000
3df 62 f7f000
3df 63 f7f000
3df 64 f7f000
3df 65 f7f000
3df 66 f7f000
3df 67 f7f000
3df 68 f7f000
3df 69 f7f000
3df 6a f7f000
3df 6b f7f000
3df 6c f7f000
3df 6d f7f000
3df 6e f7f000
3df 6f f7f000
3df 70 f7f000
3df 71 f7f000
3df 72 f7f000
3df 73 f7f000
3df 74 f7f000
3df 75 f7f000
3df 76 f7f000
3df 77 f7f000
3df 78 f7f000
3df 79 f7f000
3df 7a f7f000
3df 7b f7f000
3df 7c f7f000
3df 7d f7f000
3df 7e f7f000
3df 7f f7f000
3df 80 f7f000
3df 81 f7f000
3df 82 f7f000
3df 83 f7f000
3df 84 f7f000
3df 85 f7f000
3df 86 f7f000
3df 87 f7f000
3df 88 f7f000
3df 89 f7f000
3df 8a f7f000
3df 8b f7f000
3df 8c f7f000
3df 8d f7f000
3df 8e f7f000
3df 8f f7f000
3df 90 f7f000
3df 91 f7f000
3df 92 f7f000
3df 93 f7f000
3df 94 f7f000
3df 95 f7f000
3df 96 f7f000
3df 97 f7f000
3df 98 f7f000
3df 99 f7f000
3df 9a f7f000
3df 9b f7f000
3df 9c f7f000
3df 9d f7f000
3df 9e f7f000
3df 9f f7f000
3df a0 f7f000
3df a1 f7f000
3df a2 f7f000
3df a3 f7f000
3df a4 f7f000
3df a5 f7f000
3df a6 f7f000
3df a7 f7f000
3df a8 f7f000
3df a9 f7f000
3df aa f7f000
3df ab f7f000
3df ac f7f000
3df ad f7f000
3df ae f7f000
3df af f7f000
3df b0 f7f000
3df b1 f7f000
3df b2 f7f000
3df b3 f7f000
3df b4 f7f000
3df b5 f7f000
3df b6 f7f000
3df b7 f7f000
3df b8 f7f000
3df b9 f7f000
3df ba f7f000
3df bb f7f000
3df bc f7f000
3df bd f7f000
3df be f7f000
3df bf f7f000
3df c0 f7f000
3df c1 f7f000
3df c2 f7f000
3df c3 f7f000
3df c4 f7f000
3df c5 f7f000
3df c6 f7f000
3df c7 f7f000
3df c8 f7f000
3df c9 f7f000
3df ca f7f000
3df cb f7f000
3df cc f7f000
3df cd f7f000
3df ce f7f000
3df cf f7f000
3df d0 f7f000
3df d1 f7f000
3df d2 f7f000
3df d3 f7f000
3df d4 f7f000
3df d5 f7f000
3df d6 f7f000
3df d7 f7f000
3df d8 f7f000
3df d9 f7f000
3df da f7f000
3df db f7f000
3df dc f7f000
3df dd f7f000
3df de f7f000
3df df f7f000
3df e0 f7f000
3df e1 f7f000
3df e2 f7f000
3df e3 f7f000
3df e4 f7f000
3df e5 f7f000
3df e6 f7f000
3df e7 f7f000
3df e8 f7f000
3df e9 f7f000
3df ea f7f000
3df eb f7f000
3df ec f7f000
3df ed f7f000
3df ee f7f000
3df ef f7f000
3df f0 f7f000
3df f1 f7f000
3df f2 f7f000
3df f3 f7f000
3df f4 f7f000
3df f5 f7f000
3df f6 f7f000
3df f7 f7f000
3df f8 f7f000
3df f9 f7f000
3df fa f7f000
3df fb f7f000
3df fc f7f000
3df fd f7f000
3df fe f7f000
3df ff f7f000
3dd 00 f77400
3dd 01 f77400
3dd 02 f77400
3dd 03 f77400
3dd 04 f77400
3dd 05 f77400
3dd 06 f77400
3dd 07 f77400
3dd 08 f77400
3dd 09 f77400
3dd 0a f77400
3dd 0b f77400
3dd 0c f77400
3dd 0d f77400
3dd 0e f77400
3dd 0f f77400
3dd 10 f77400
3dd 11 f77400
3dd 12 f77400
3dd 13 f77400
3dd 14 f77400
3dd 15 f77400
3dd 16 f77400
3dd 17 f77400
3dd 18 f77400
3dd 19 f77400
3dd 1a f77400
3dd 1b f77400
3dd 1c f77400
3dd 1d f77400
3dd 1e f77400
3dd 1f f77400
3dd 20 f77400
3dd 21 f77400
3dd 22 f77400
3dd 23 f77400
3dd 24 f77400
3dd 25 f77400
3dd 26 f77400
3dd 27 f77400
3dd 28 f77400
3dd 29 f77400
3dd 2a f77400
3dd 2b f77400
3dd 2c f77400
3dd 2d f77400
3dd 2e f77400
3dd 2f f77400
3dd 30 f77400
3dd 31 f77400
3dd 32 f77400
3dd 33 f77400
3dd 34 f77400
3dd 35 f77400
3dd 36 f77400
3dd 37 f77400
3dd 38 f77400
3dd 39 f77400
3dd 3a f77400
3dd 3b f77400
3dd 3c f77400
3dd 3d f77400
3dd 3e f77400
3dd 3f f77400
3dd 40 f71500
3dd 41 f71500
3dd 42 f71500
3dd 43 f71500
3dd 44 f71500
3dd 45 f71500
3dd 46 f71500
3dd 47 f71500
3dd 48 f71500
3dd 49 f71500
3dd 4a f71500
3dd 4b f71500
3dd 4c f71500
3dd 4d f71500
3dd 4e f71500
3dd 4f f71500
3dd 50 f71500
3dd 51 f71500
3dd 52 f71500
3dd 53 f71500
3dd 54 f71500
3dd 55 f71500
3dd 56 f71500
3dd 57 f71500
3dd 58 f71500
3dd 59 f71500
3dd 5a f71500
3dd 5b f71500
3dd 5c f71500
3dd 5d f71500
3dd 5e f71500
3dd 5f f71500
3dd 60 f71500
3dd 61 f71500
3dd 62 f71500
3dd 63 f71500
3dd 64 f71500
3dd 65 f71500
3dd 66 f71500
3dd 67 f71500
3dd 68 f71500
3dd 69 f71500
3dd 6a f71500
3dd 6b f71500
3dd 6c f71500
3dd 6d f71500
3dd 6e f71500
3dd 6f f71500
3dd 70 f71500
3dd 71 f71500
3dd 72 f71500
3dd 73 f71500
3dd 74 f71500
3dd 75 f71500
3dd 76 f71500
3dd 77 f71500
3dd 78 f71500
3dd 79 f71500
3dd 7a f71500
3dd 7b f71500
3dd 7c f71500
3dd 7d f71500
3dd 7e f71500
3dd 7f f71500
3dd 80 f71600
3dd 81 f71600
3dd 82 f71600
3dd 83 f71600
3dd 84 f71600
3dd 85 f71600
3dd 86 f71600
3dd 87 f71600
3dd 88 f71600
3dd 89 f71600
3dd 8a f71600
3dd 8b f71600
3dd 8c f71600
3dd 8d f71600
3dd 8e f71600
3dd 8f f71600
3dd 90 f71600
3dd 91 f71600
3dd 92 f71600
3dd 93 f71600
3dd 94 f71600
3dd 95 f71600
3dd 96 f71600
3dd 97 f71600
3dd 98 f71600
3dd 99 f71600
3dd 9a f71600
3dd 9b f71600
3dd 9c f71600
3dd 9d f71600
3dd 9e f71600
3dd 9f f71600
3dd a0 f71600
3dd a1 f71600
3dd a2 f71600
3dd a3 f71600
3dd a4 f71600
3dd a5 f71600
3dd a6 f71600
3dd a7 f71600
3dd a8 f71600
3dd a9 f71600
3dd aa f71600
3dd ab f71600
3dd ac f71600
3dd ad f71600
3dd ae f71600
3dd af f71600
3dd b0 f71600
3dd b1 f71600
3dd b2 f71600
3dd b3 f71600
3dd b4 f71600
3dd b5 f71600
3dd b6 f71600
3dd b7 f71600
3dd b8 f71600
3dd b9 f71600
3dd ba f71600
3dd bb f71600
3dd bc f71600
3dd bd f71600
3dd be f71600
3dd bf f71600
3dd c0 f71700
3dd c1 f71700
3dd c2 f71700
3dd c3 f71700
3dd c4 f71700
3dd c5 f71700
3dd c6 f71700
3dd c7 f71700
3dd c8 f71700
3dd c9 f71700
3dd ca f71700
3dd cb f71700
3dd cc f71700
3dd cd f71700
3dd ce f71700
3dd cf f71700
3dd d0 f71700
3dd d1 f71700
3dd d2 f71700
3dd d3 f71700
3dd d4 f71700
3dd d5 f71700
3dd d6 f71700
3dd d7 f71700
3dd d8 f71700
3dd d9 f71700
3dd da f71700
3dd db f71700
3dd dc f71700
3dd dd f71700
3dd de f71700
3dd df f71700
3dd e0 f71700
3dd e1 f71700
3dd e2 f71700
3dd e3 f71700
3dd e4 f71700
3dd e5 f71700
3dd e6 f71700
3dd e7 f71700
3dd e8 f71700
3dd e9 f71700
3dd ea f71700
3dd eb f71700
3dd ec f71700
3dd ed f71700
3dd ee f71700
3dd ef f71700
3dd f0 f71700
3dd f1 f71700
3dd f2 f71700
3dd f3 f71700
3dd f4 f71700
3dd f5 f71700
3dd f6 f71700
3dd f7 f71700
3dd f8 f71700
3dd f9 f71700
3dd fa f71700
3dd fb f71700
3dd fc f71700
3dd fd f71700
3dd fe f71700
3dd ff f71700
3d4 00 f53400
3d4 01 f53400
3d4 02 f53400
3d4 03 f53400
3d4 04 f53400
3d4 05 f53400
3d4 06 f53400
3d4 07 f53400
3d4 08 f53400
3d4 09 f53400
3d4 0a f53400
3d4 0b f53400
3d4 0c f53400
3d4 0d f53400
3d4 0e f53400
3d4 0f f53400
3d4 10 f53400
3d4 11 f53400
3d4 12 f53400
3d4 13 f53400
3d4 14 f53400
3d4 15 f53400
3d4 16 f53400
3d4 17 f53400
3d4 18 f53400
3d4 19 f53400
3d4 1a f53400
3d4 1b f53400
3d4 1c f53400
3d4 1d f53400
3d4 1e f53400
3d4 1f f53400
3d4 20 f53400
3d4 21 f53400
3d4 22 f53400
3d4 23 f53400
3d4 24 f53400
3d4 25 f53400
3d4 26 f53400
3d4 27 f53400
3d4 28 f53400
3d4 29 f53400
3d4 2a f53400
3d4 2b f53400
3d4 2c f53400
3d4 2d f53400
3d4 2e f53400
3d4 2f f53400
3d4 30 f53400
3d4 31 f53400
3d4 32 f53400
3d4 33 f53400
3d4 34 f53400
3d4 35 f53400
3d4 36 f53400
3d4 37 f53400
3d4 38 f53400
3d4 39 f53400
3d4 3a f53400
3d4 3b f53400
3d4 3c f53400
3d4 3d f53400
3d4 3e f53400
3d4 3f f53400
3d4 40 f71500
3d4 41 f71500
3d4 42 f71500
3d4 43 f71500
3d4 44 f71500
3d4 45 f71500
3d4 46 f71500
3d4 47 f71500
3d4 48 f71500
3d4 49 f71500
3d4 4a f71500
3d4 4b f71500
3d4 4c f71500
3d4 4d f71500
3d4 4e f71500
3d4 4f f71500
3d4 50 f71500
3d4 51 f71500
3d4 52 f71500
3d4 53 f71500
3d4 54 f71500
3d4 55 f71500
3d4 56 f71500
3d4 57 f71500
3d4 58 f71500
3d4 59 f71500
3d4 5a f71500
3d4 5b f71500
3d4 5c f71500
3d4 5d f71500
3d4 5e f71500
3d4 5f f71500
3d4 60 f71500
3d4 61 f71500
3d4 62 f71500
3d4 63 f71500
3d4 64 f71500
3d4 65 f71500
3d4 66 f71500
3d4 67 f71500
3d4 68 f71500
3d4 69 f71500
3d4 6a f71500
3d4 6b f71500
3d4 6c f71500
3d4 6d f71500
3d4 6e f71500
3d4 6f f71500
3d4 70 f71500
3d4 71 f71500
3d4 72 f71500
3d4 73 f71500
3d4 74 f71500
3d4 75 f71500
3d4 76 f71500
3d4 77 f71500
3d4 78 f71500
3d4 79 f71500
3d4 7a f71500
3d4 7b f71500
3d4 7c f71500
3d4 7d f71500
3d4 7e f71500
3d4 7f f71500
3d4 80 f71600
3d4 81 f71600
3d4 82 f71600
3d4 83 f71600
3d4 84 f71600
3d4 85 f71600
3d4 86 f71600
3d4 87 f71600
3d4 88 f71600
3d4 89 f71600
3d4 8a f71600
3d4 8b f71600
3d4 8c f71600
3d4 8d f71600
3d4 8e f71600
3d4 8f f71600
3d4 90 f71600
3d4 91 f71600
3d4 92 f71600
3d4 93 f71600
3d4 94 f71600
3d4 95 f71600
3d4 96 f71600
3d4 97 f71600
3d4 98 f71600
3d4 99 f71600
3d4 9a f71600
3d4 9b f71600
3d4 9c f71600
3d4 9d f71600
3d4 9e f71600
3d4 9f f71600
3d4 a0 f71600
3d4 a1 f71600
3d4 a2 f71600
3d4 a3 f71600
3d4 a4 f71600
3d4 a5 f71600
3d4 a6 f71600
3d4 a7 f71600
3d4 a8 f71600
3d4 a9 f71600
3d4 aa f71600
3d4 ab f71600
3d4 ac f71600
3d4 ad f71600
3d4 ae f71600
3d4 af f71600
3d4 b0 f71600
3d4 b1 f71600
3d4 b2 f71600
3d4 b3 f71600
3d4 b4 f71600
3d4 b5 f71600
3d4 b6 f71600
3d4 b7 f71600
3d4 b8 f71600
3d4 b9 f71600
3d4 ba f71600
3d4 bb f71600
3d4 bc f71600
3d4 bd f71600
3d4 be f71600
3d4 bf f71600
3d4 c0 f71700
3d4 c1 f71700
3d4 c2 f71700
3d4 c3 f71700
3d4 c4 f71700
3d4 c5 f71700
3d4 c6 f71700
3d4 c7 f71700
3d4 c8 f71700
3d4 c9 f71700
3d4 ca f71700
3d4 cb f71700
3d4 cc f71700
3d4 cd f71700
3d4 ce f71700
3d4 cf f71700
3d4 d0 f71700
3d4 d1 f71700
3d4 d2 f71700
3d4 d3 f71700
3d4 d4 f71700
3d4 d5 f71700
3d4 d6 f71700
3d4 d7 f71700
3d4 d8 f71700
3d4 d9 f71700
3d4 da f71700
3d4 db f71700
3d4 dc f71700
3d4 dd f71700
3d4 de f71700
3d4 df f71700
3d4 e0 f71700
3d4 e1 f71700
3d4 e2 f71700
3d4 e3 f71700
3d4 e4 f71700
3d4 e5 f71700
3d4 e6 f71700
3d4 e7 f71700
3d4 e8 f71700
3d4 e9 f71700
3d4 ea f71700
3d4 eb f71700
3d4 ec f71700
3d4 ed f71700
3d4 ee f71700
3d4 ef f71700
3d4 f0 f71700
3d4 f1 f71700
3d4 f2 f71700
3d4 f3 f71700
3d4 f4 f71700
3d4 f5 f71700
3d4 f6 f71700
3d4 f7 f71700
3d4 f8 f71700
3d4 f9 f71700
3d4 fa f71700
3d4 fb f71700
3d4 fc f71700
3d4 fd f71700
3d4 fe f71700
3d4 ff f71700
3d7 00 f5f400
3d7 01 f5f400
3d7 02 f5f400
3d7 03 f5f400
3d7 04 f5f400
3d7 05 f5f400
3d7 06 f5f400
3d7 07 f5f400
3d7 08 f5f400
3d7 09 f5f400
3d7 0a f5f400
3d7 0b f5f400
3d7 0c f5f400
3d7 0d f5f400
3d7 0e f5f400
3d7 0f f5f400
3d7 10 f5f400
3d7 11 f5f400
3d7 12 f5f400
3d7 13 f5f400
3d7 14 f5f400
3d7 15 f5f400
3d7 16 f5f400
3d7 17 f5f400
3d7 18 f5f400
3d7 19 f5f400
3d7 1a f5f400
3d7 1b f5f400
3d7 1c f5f400
3d7 1d f5f400
3d7 1e f5f400
3d7 1f f5f400
3d7 20 f5f400
3d7 21 f5f400
3d7 22 f5f400
3d7 23 f5f400
3d7 24 f5f400
3d7 25 f5f400
3d7 26 f5f400
3d7 27 f5f400
3d7 28 f5f400
3d7 29 f5f400
3d7 2a f5f400
3d7 2b f5f400
3d7 2c f5f400
3d7 2d f5f400
3d7 2e f5f400
3d7 2f f5f400
3d7 30 f5f400
3d7 31 f5f400
3d7 32 f5f400
3d7 33 f5f400
3d7 34 f5f400
3d7 35 f5f400
3d7 36 f5f400
3d7 37 f5f400
3d7 38 f5f400
3d7 39 f5f400
3d7 3a f5f400
3d7 3b f5f400
3d7 3c f5f400
3d7 3d f5f400
3d7 3e f5f400
3d7 3f f5f400
3d7 40 f4d500
3d7 41 f4d500
3d7 42 f4d500
3d7 43 f4d500
3d7 44 f4d500
3d7 45 f4d500
3d7 46 f4d500
3d7 47 f4d500
3d7 48 f4d500
3d7 49 f4d500
3d7 4a f4d500
3d7 4b f4d500
3d7 4c f4d500
3d7 4d f4d500
3d7 4e f4d500
3d7 4f f4d500
3d7 50 f4d500
3d7 51 f4d500
3d7 52 f4d500
3d7 53 f4d500
3d7 54 f4d500
3d7 55 f4d500
3d7 56 f4d500
3d7 57 f4d500
3d7 58 f4d500
3d7 59 f4d500
3d7 5a f4d500
3d7 5b f4d500
3d7 5c f4d500
3d7 5d f4d500
3d7 5e f4d500
3d7 5f f4d500
3d7 60 f4d500
3d7 61 f4d500
3d7 62 f4d500
3d7 63 f4d500
3d7 64 f4d500
3d7 65 f4d500
3d7 66 f4d500
3d7 67 f4d500
3d7 68 f4d500
3d7 69 f4d500
3d7 6a f4d500
3d7 6b f4d500
3d7 6c f4d500
3d7 6d f4d500
3d7 6e f4d500
3d7 6f f4d500
3d7 70 f4d500
3d7 71 f4d500
3d7 72 f4d500
3d7 73 f4d500
3d7 74 f4d500
3d7 75 f4d500
3d7 76 f4d500
3d7 77 f4d500
3d7 78 f4d500
3d7 79 f4d500
3d7 7a f4d500
3d7 7b f4d500
3d7 7c f4d500
3d7 7d f4d500
3d7 7e f4d500
3d7 7f f4d500
3d7 80 f4d600
3d7 81 f4d600
3d7 82 f4d600
3d7 83 f4d600
3d7 84 f4d600
3d7 85 f4d600
3d7 86 f4d600
3d7 87 f4d600
3d7 88 f4d600
3d7 89 f4d600
3d7 8a f4d600
3d7 8b f4d600
3d7 8c f4d600
3d7 8d f4d600
3d7 8e f4d600
3d7 8f f4d600
3d7 90 f4d600
3d7 91 f4d600
3d7 92 f4d600
3d7 93 f4d600
3d7 94 f4d600
3d7 95 f4d600
3d7 96 f4d600
3d7 97 f4d600
3d7 98 f4d600
3d7 99 f4d600
3d7 9a f4d600
3d7 9b f4d600
3d7 9c f4d600
3d7 9d f4d600
3d7 9e f4d600
3d7 9f f4d600
3d7 a0 f4d600
3d7 a1 f4d600
3d7 a2 f4d600
3d7 a3 f4d600
3d7 a4 f4d600
3d7 a5 f4d600
3d7 a6 f4d600
3d7 a7 f4d600
3d7 a8 f4d600
3d7 a9 f4d600
3d7 aa f4d600
3d7 ab f4d600
3d7 ac f4d600
3d7 ad f4d600
3d7 ae f4d600
3d7 af f4d600
3d7 b0 f4d600
3d7 b1 f4d600
3d7 b2 f4d600
3d7 b3 f4d600
3d7 b4 f4d600
3d7 b5 f4d600
3d7 b6 f4d600
3d7 b7 f4d600
3d7 b8 f4d600
3d7 b9 f4d600
3d7 ba f4d600
3d7 bb f4d600
3d7 bc f4d600
3d7 bd f4d600
3d7 be f4d600
3d7 bf f4d600
3d7 c0 f4d700
3d7 c1 f4d700
3d7 c2 f4d700
3d7 c3 f4d700
3d7 c4 f4d700
3d7 c5 f4d700
3d7 c6 f4d700
3d7 c7 f4d700
3d7 c8 f4d700
3d7 c9 f4d700
3d7 ca f4d700
3d7 cb f4d700
3d7 cc f4d700
3d7 cd f4d700
3d7 ce f4d700
3d7 cf f4d700
3d7 d0 f4d700
3d7 d1 f4d700
3d7 d2 f4d700
3d7 d3 f4d700
3d7 d4 f4d700
3d7 d5 f4d700
3d7 d6 f4d700
3d7 d7 f4d700
3d7 d8 f4d700
3d7 d9 f4d700
3d7 da f4d700
3d7 db f4d700
3d7 dc f4d700
3d7 dd f4d700
3d7 de f4d700
3d7 df f4d700
3d7 e0 f4d700
3d7 e1 f4d700
3d7 e2 f4d700
3d7 e3 f4d700
3d7 e4 f4d700
3d7 e5 f4d700
3d7 e6 f4d700
3d7 e7 f4d700
3d7 e8 f4d700
3d7 e9 f4d700
3d7 ea f4d700
3d7 eb f4d700
3d7 ec f4d700
3d7 ed f4d700
3d7 ee f4d700
3d7 ef f4d700
3d7 f0 f4d700
3d7 f1 f4d700
3d7 f2 f4d700
3d7 f3 f4d700
3d7 f4 f4d700
3d7 f5 f4d700
3d7 f6 f4d700
3d7 f7 f4d700
3d7 f8 f4d700
3d7 f9 f4d700
3d7 fa f4d700
3d7 fb f4d700
3d7 fc f4d700
3d7 fd f4d700
3d7 fe f4d700
3d7 ff f4d700
3d5 00 f57800
3d5 01 f57800
3d5 02 f57800
3d5 03 f57800
3d5 04 f57800
3d5 05 f57800
3d5 06 f57800
3d5 07 f57800
3d5 08 f57800
3d5 09 f57800
3d5 0a f57800
3d5 0b f57800
3d5 0c f57800
3d5 0d f57800
3d5 0e f57800
3d5 0f f57800
3d5 10 f57800
3d5 11 f57800
3d5 12 f57800
3d5 13 f57800
3d5 14 f57800
3d5 15 f57800
3d5 16 f57800
3d5 17 f57800
3d5 18 f57800
3d5 19 f57800
3d5 1a f57800
3d5 1b f57800
3d5 1c f57800
3d5 1d f57800
3d5 1e f57800
3d5 1f f57800
3d5 20 f57800
3d5 21 f57800
3d5 22 f57800
3d5 23 f57800
3d5 24 f57800
3d5 25 f57800
3d5 26 f57800
3d5 27 f57800
3d5 28 f57800
3d5 29 f57800
3d5 2a f57800
3d5 2b f57800
3d5 2c f57800
3d5 2d f57800
3d5 2e f57800
3d5 2f f57800
3d5 30 f57800
3d5 31 f57800
3d5 32 f57800
3d5 33 f57800
3d5 34 f57800
3d5 35 f57800
3d5 36 f57800
3d5 37 f57800
3d5 38 f57800
3d5 39 f57800
3d5 3a f57800
3d5 3b f57800
3d5 3c f57800
3d5 3d f57800
3d5 3e f57800
3d5 3f f57800
3d5 40 f54900
3d5 41 f54900
3d5 42 f54900
3d5 43 f54900
3d5 44 f54900
3d5 45 f54900
3d5 46 f54900
3d5 47 f54900
3d5 48 f54900
3d5 49 f54900
3d5 4a f54900
3d5 4b f54900
3d5 4c f54900
3d5 4d f54900
3d5 4e f54900
3d5 4f f54900
3d5 50 f54900
3d5 51 f54900
3d5 52 f54900
3d5 53 f54900
3d5 54 f54900
3d5 55 f54900
3d5 56 f54900
3d5 57 f54900
3d5 58 f54900
3d5 59 f54900
3d5 5a f54900
3d5 5b f54900
3d5 5c f54900
3d5 5d f54900
3d5 5e f54900
3d5 5f f54900
3d5 60 f54900
3d5 61 f54900
3d5 62 f54900
3d5 63 f54900
3d5 64 f54900
3d5 65 f54900
3d5 66 f54900
3d5 67 f54900
3d5 68 f54900
3d5 69 f54900
3d5 6a f54900
3d5 6b f54900
3d5 6c f54900
3d5 6d f54900
3d5 6e f54900
3d5 6f f54900
3d5 70 f54900
3d5 71 f54900
3d5 72 f54900
3d5 73 f54900
3d5 74 f54900
3d5 75 f54900
3d5 76 f54900
3d5 77 f54900
3d5 78 f54900
3d5 79 f54900
3d5 7a f54900
3d5 7b f54900
3d5 7c f54900
3d5 7d f54900
3d5 7e f54900
3d5 7f f54900
3d5 80 f54a00
3d5 81 f54a00
3d5 82 f54a00
3d5 83 f54a00
3d5 84 f54a00
3d5 85 f54a00
3d5 86 f54a00
3d5 87 f54a00
3d5 88 f54a00
3d5 89 f54a00
3d5 8a f54a00
3d5 8b f54a00
3d5 8c f54a00
3d5 8d f54a00
3d5 8e f54a00
3d5 8f f54a00
3d5 90 f54a00
3d5 91 f54a00
3d5 92 f54a00
3d5 93 f54a00
3d5 94 f54a00
3d5 95 f54a00
3d5 96 f54a00
3d5 97 f54a00
3d5 98 f54a00
3d5 99 f54a00
3d5 9a f54a00
3d5 9b f54a00
3d5 9c f54a00
3d5 9d f54a00
3d5 9e f54a00
3d5 9f f54a00
3d5 a0 f54a00
3d5 a1 f54a00
3d5 a2 f54a00
3d5 a3 f54a00
3d5 a4 f54a00
3d5 a5 f54a00
3d5 a6 f54a00
3d5 a7 f54a00
3d5 a8 f54a00
3d5 a9 f54a00
3d5 aa f54a00
3d5 ab f54a00
3d5 ac f54a00
3d5 ad f54a00
3d5 ae f54a00
3d5 af f54a00
3d5 b0 f54a00
3d5 b1 f54a00
3d5 b2 f54a00
3d5 b3 f54a00
3d5 b4 f54a00
3d5 b5 f54a00
3d5 b6 f54a00
3d5 b7 f54a00
3d5 b8 f54a00
3d5 b9 f54a00
3d5 ba f54a00
3d5 bb f54a00
3d5 bc f54a00
3d5 bd f54a00
3d5 be f54a00
3d5 bf f54a00
3d5 c0 f54b00
3d5 c1 f54b00
3d5 c2 f54b00
3d5 c3 f54b00
3d5 c4 f54b00
3d5 c5 f54b00
3d5 c6 f54b00
3d5 c7 f54b00
3d5 c8 f54b00
3d5 c9 f54b00
3d5 ca f54b00
3d5 cb f54b00
3d5 cc f54b00
3d5 cd f54b00
3d5 ce f54b00
3d5 cf f54b00
3d5 d0 f54b00
3d5 d1 f54b00
3d5 d2 f54b00
3d5 d3 f54b00
3d5 d4 f54b00
3d5 d5 f54b00
3d5 d6 f54b00
3d5 d7 f54b00
3d5 d8 f54b00
3d5 d9 f54b00
3d5 da f54b00
3d5 db f54b00
3d5 dc f54b00
3d5 dd f54b00
3d5 de f54b00
3d5 df f54b00
3d5 e0 f54b00
3d5 e1 f54b00
3d5 e2 f54b00
3d5 e3 f54b00
3d5 e4 f54b00
3d5 e5 f54b00
3d5 e6 f54b00
3d5 e7 f54b00
3d5 e8 f54b00
3d5 e9 f54b00
3d5 ea f54b00
3d5 eb f54b00
3d5 ec f54b00
3d5 ed f54b00
3d5 ee f54b00
3d5 ef f54b00
3d5 f0 f54b00
3d5 f1 f54b00
3d5 f2 f54b00
3d5 f3 f54b00
3d5 f4 f54b00
3d5 f5 f54b00
3d5 f6 f54b00
3d5 f7 f54b00
3d5 f8 f54b00
3d5 f9 f54b00
3d5 fa f54b00
3d5 fb f54b00
3d5 fc f54b00
3d5 fd f54b00
3d5 fe f54b00
3d5 ff f54b00
340 00 d03000
340 01 d03000
340 02 d03000
340 03 d03000
340 04 d03000
340 05 d03000
340 06 d03000
340 07 d03000
340 08 d03000
340 09 d03000
340 0a d03000
340 0b d03000
340 0c d03000
340 0d d03000
340 0e d03000
340 0f d03000
340 10 d00042
340 11 d00042
340 12 d00042
340 13 d00042
340 14 d00042
340 15 d00042
340 16 d00042
340 17 d00042
340 18 d00042
340 19 d00042
340 1a d00042
340 1b d00042
340 1c d00042
340 1d d00042
340 1e d00042
340 1f d00042
340 20 d03000
340 21 d03000
340 22 d03000
340 23 d03000
340 24 d03000
340 25 d03000
340 26 d03000
340 27 d03000
340 28 d03000
340 29 d03000
340 2a d03000
340 2b d03000
340 2c d03000
340 2d d03000
340 2e d03000
340 2f d03000
340 30 d00042
340 31 d00042
340 32 d00042
340 33 d00042
340 34 d00042
340 35 d00042
340 36 d00042
340 37 d00042
340 38 d00042
340 39 d00042
340 3a d00042
340 3b d00042
340 3c d00042
340 3d d00042
340 3e d00042
340 3f d00042
340 40 d03000
340 41 d03000
340 42 d03000
340 43 d03000
340 44 d03000
340 45 d03000
340 46 d03000
340 47 d03000
340 48 d03000
340 49 d03000
340 4a d03000
340 4b d03000
340 4c d03000
340 4d d03000
340 4e d03000
340 4f d03000
340 50 d00042
340 51 d00042
340 52 d00042
340 53 d00042
340 54 d00042
340 55 d00042
340 56 d00042
340 57 d00042
340 58 d00042
340 59 d00042
340 5a d00042
340 5b d00042
340 5c d00042
340 5d d00042
340 5e d00042
340 5f d00042
340 60 d03000
340 61 d03000
340 62 d03000
340 63 d03000
340 64 d03000
340 65 d03000
340 66 d03000
340 67 d03000
340 68 d03000
340 69 d03000
340 6a d03000
340 6b d03000
340 6c d03000
340 6d d03000
340 6e d03000
340 6f d03000
340 70 d00042
340 71 d00042
340 72 d00042
340 73 d00042
340 74 d00042
340 75 d00042
340 76 d00042
340 77 d00042
340 78 d00042
340 79 d00042
340 7a d00042
340 7b d00042
340 7c d00042
340 7d d00042
340 7e d00042
340 7f d00042
340 80 d03000
340 81 d03000
340 82 d03000
340 83 d03000
340 84 d03000
340 85 d03000
340 86 d03000
340 87 d03000
340 88 d03000
340 89 d03000
340 8a d03000
340 8b d03000
340 8c d03000
340 8d d03000
340 8e d03000
340 8f d03000
340 90 d00042
340 91 d00042
340 92 d00042
340 93 d00042
340 94 d00042
340 95 d00042
340 96 d00042
340 97 d00042
340 98 d00042
340 99 d00042
340 9a d00042
340 9b d00042
340 9c d00042
340 9d d00042
340 9e d00042
340 9f d00042
340 a0 d03000
340 a1 d03000
340 a2 d03000
340 a3 d03000
340 a4 d03000
340 a5 d03000
340 a6 d03000
340 a7 d03000
340 a8 d03000
340 a9 d03000
340 aa d03000
340 ab d03000
340 ac d03000
340 ad d03000
340 ae d03000
340 af d03000
340 b0 d00042
340 b1 d00042
340 b2 d00042
340 b3 d00042
340 b4 d00042
340 b5 d00042
340 b6 d00042
340 b7 d00042
340 b8 d00042
340 b9 d00042
340 ba d00042
340 bb d00042
340 bc d00042
340 bd d00042
340 be d00042
340 bf d00042
340 c0 d03000
340 c1 d03000
340 c2 d03000
340 c3 d03000
340 c4 d03000
340 c5 d03000
340 c6 d03000
340 c7 d03000
340 c8 d03000
340 c9 d03000
340 ca d03000
340 cb d03000
340 cc d03000
340 cd d03000
340 ce d03000
340 cf d03000
340 d0 d00042
340 d1 d00042
340 d2 d00042
340 d3 d00042
340 d4 d00042
340 d5 d00042
340 d6 d00042
340 d7 d00042
340 d8 d00042
340 d9 d00042
340 da d00042
340 db d00042
340 dc d00042
340 dd d00042
340 de d00042
340 df d00042
340 e0 d03000
340 e1 d03000
340 e2 d03000
340 e3 d03000
340 e4 d03000
340 e5 d03000
340 e6 d03000
340 e7 d03000
340 e8 d03000
340 e9 d03000
340 ea d03000
340 eb d03000
340 ec d03000
340 ed d03000
340 ee d03000
340 ef d03000
340 f0 d00042
340 f1 d00042
340 f2 d00042
340 f3 d00042
340 f4 d00042
340 f5 d00042
340 f6 d00042
340 f7 d00042
340 f8 d00042
340 f9 d00042
340 fa d00042
340 fb d00042
340 fc d00042
340 fd d00042
340 fe d00042
340 ff d00042
343 00 d0f000
343 01 d0f000
343 02 d0f000
343 03 d0f000
343 04 d0f000
343 05 d0f000
343 06 d0f000
343 07 d0f000
343 08 d0f000
343 09 d0f000
343 0a d0f000
343 0b d0f000
343 0c d0f000
343 0d d0f000
343 0e d0f000
343 0f d0f000
343 10 d0f000
343 11 d0f000
343 12 d0f000
343 13 d0f000
343 14 d0f000
343 15 d0f000
343 16 d0f000
343 17 d0f000
343 18 d0f000
343 19 d0f000
343 1a d0f000
343 1b d0f000
343 1c d0f000
343 1d d0f000
343 1e d0f000
343 1f d0f000
343 20 d0f000
343 21 d0f000
343 22 d0f000
343 23 d0f000
343 24 d0f000
343 25 d0f000
343 26 d0f000
343 27 d0f000
343 28 d0f000
343 29 d0f000
343 2a d0f000
343 2b d0f000
343 2c d0f000
343 2d d0f000
343 2e d0f000
343 2f d0f000
343 30 d0f000
343 31 d0f000
343 32 d0f000
343 33 d0f000
343 34 d0f000
343 35 d0f000
343 36 d0f000
343 37 d0f000
343 38 d0f000
343 39 d0f000
343 3a d0f000
343 3b d0f000
343 3c d0f000
343 3d d0f000
343 3e d0f000
343 3f d0f000
343 40 d0c102
343 41 d0c102
343 42 d0c102
343 43 d0c102
343 44 d0c102
343 45 d0c102
343 46 d0c102
343 47 d0c102
343 48 d0c102
343 49 d0c102
343 4a d0c102
343 4b d0c102
343 4c d0c102
343 4d d0c102
343 4e d0c102
343 4f d0c102
343 50 d0c102
343 51 d0c102
343 52 d0c102
343 53 d0c102
343 54 d0c102
343 55 d0c102
343 56 d0c102
343 57 d0c102
343 58 d0c102
343 59 d0c102
343 5a d0c102
343 5b d0c102
343 5c d0c102
343 5d d0c102
343 5e d0c102
343 5f d0c102
343 60 d0c102
343 61 d0c102
343 62 d0c102
343 63 d0c102
343 64 d0c102
343 65 d0c102
343 66 d0c102
343 67 d0c102
343 68 d0c102
343 69 d0c102
343 6a d0c102
343 6b d0c102
343 6c d0c102
343 6d d0c102
343 6e d0c102
343 6f d0c102
343 70 d0c102
343 71 d0c102
343 72 d0c102
343 73 d0c102
343 74 d0c102
343 75 d0c102
343 76 d0c102
343 77 d0c102
343 78 d0c102
343 79 d0c102
343 7a d0c102
343 7b d0c102
343 7c d0c102
343 7d d0c102
343 7e d0c102
343 7f d0c102
343 80 d0f000
343 81 d0f000
343 82 d0f000
343 83 d0f000
343 84 d0f000
343 85 d0f000
343 86 d0f000
343 87 d0f000
343 88 d0f000
343 89 d0f000
343 8a d0f000
343 8b d0f000
343 8c d0f000
343 8d d0f000
343 8e d0f000
343 8f d0f000
343 90 d0f000
343 91 d0f000
343 92 d0f000
343 93 d0f000
343 94 d0f000
343 95 d0f000
343 96 d0f000
343 97 d0f000
343 98 d0f000
343 99 d0f000
343 9a d0f000
343 9b d0f000
343 9c d0f000
343 9d d0f000
343 9e d0f000
343 9f d0f000
343 a0 d0f000
343 a1 d0f000
343 a2 d0f000
343 a3 d0f000
343 a4 d0f000
343 a5 d0f000
343 a6 d0f000
343 a7 d0f000
343 a8 d0f000
343 a9 d0f000
343 aa d0f000
343 ab d0f000
343 ac d0f000
343 ad d0f000
343 ae d0f000
343 af d0f000
343 b0 d0f000
343 b1 d0f000
343 b2 d0f000
343 b3 d0f000
343 b4 d0f000
343 b5 d0f000
343 b6 d0f000
343 b7 d0f000
343 b8 d0f000
343 b9 d0f000
343 ba d0f000
343 bb d0f000
343 bc d0f000
343 bd d0f000
343 be d0f000
343 bf d0f000
343 c0 d0c102
343 c1 d0c102
343 c2 d0c102
343 c3 d0c102
343 c4 d0c102
343 c5 d0c102
343 c6 d0c102
343 c7 d0c102
343 c8 d0c102
343 c9 d0c102
343 ca d0c102
343 cb d0c102
343 cc d0c102
343 cd d0c102
343 ce d0c102
343 cf d0c102
343 d0 d0c102
343 d1 d0c102
343 d2 d0c102
343 d3 d0c102
343 d4 d0c102
343 d5 d0c102
343 d6 d0c102
343 d7 d0c102
343 d8 d0c102
343 d9 d0c102
343 da d0c102
343 db d0c102
343 dc d0c102
343 dd d0c102
343 de d0c102
343 df d0c102
343 e0 d0c102
343 e1 d0c102
343 e2 d0c102
343 e3 d0c102
343 e4 d0c102
343 e5 d0c102
343 e6 d0c102
343 e7 d0c102
343 e8 d0c102
343 e9 d0c102
343 ea d0c102
343 eb d0c102
343 ec d0c102
343 ed d0c102
343 ee d0c102
343 ef d0c102
343 f0 d0c102
343 f1 d0c102
343 f2 d0c102
343 f3 d0c102
343 f4 d0c102
343 f5 d0c102
343 f6 d0c102
343 f7 d0c102
343 f8 d0c102
343 f9 d0c102
343 fa d0c102
343 fb d0c102
343 fc d0c102
343 fd d0c102
343 fe d0c102
343 ff d0c102
341 00 d07400
341 01 d07400
341 02 d07400
341 03 d07400
341 04 d07400
341 05 d07400
341 06 d07400
341 07 d07400
341 08 d07400
341 09 d07400
341 0a d07400
341 0b d07400
341 0c d07400
341 0d d07400
341 0e d07400
341 0f d07400
341 10 d04440
341 11 d04440
341 12 d04440
341 13 d04440
341 14 d04440
341 15 d04440
341 16 d04440
341 17 d04440
341 18 d04440
341 19 d04440
341 1a d04440
341 1b d04440
341 1c d04440
341 1d d04440
341 1e d04440
341 1f d04440
341 20 d07400
341 21 d07400
341 22 d07400
341 23 d07400
341 24 d07400
341 25 d07400
341 26 d07400
341 27 d07400
341 28 d07400
341 29 d07400
341 2a d07400
341 2b d07400
341 2c d07400
341 2d d07400
341 2e d07400
341 2f d07400
341 30 d04440
341 31 d04440
341 32 d04440
341 33 d04440
341 34 d04440
341 35 d04440
341 36 d04440
341 37 d04440
341 38 d04440
341 39 d04440
341 3a d04440
341 3b d04440
341 3c d04440
341 3d d04440
341 3e d04440
341 3f d04440
341 40 d04500
341 41 d04500
341 42 d04500
341 43 d04500
341 44 d04500
341 45 d04500
341 46 d04500
341 47 d04500
341 48 d04500
341 49 d04500
341 4a d04500
341 4b d04500
341 4c d04500
341 4d d04500
341 4e d04500
341 4f d04500
341 50 d04540
341 51 d04540
341 52 d04540
341 53 d04540
341 54 d04540
341 55 d04540
341 56 d04540
341 57 d04540
341 58 d04540
341 59 d04540
341 5a d04540
341 5b d04540
341 5c d04540
341 5d d04540
341 5e d04540
341 5f d04540
341 60 d04500
341 61 d04500
341 62 d04500
341 63 d04500
341 64 d04500
341 65 d04500
341 66 d04500
341 67 d04500
341 68 d04500
341 69 d04500
341 6a d04500
341 6b d04500
341 6c d04500
341 6d d04500
341 6e d04500
341 6f d04500
341 70 d04540
341 71 d04540
341 72 d04540
341 73 d04540
341 74 d04540
341 75 d04540
341 76 d04540
341 77 d04540
341 78 d04540
341 79 d04540
341 7a d04540
341 7b d04540
341 7c d04540
341 7d d04540
341 7e d04540
341 7f d04540
341 80 d07400
341 81 d07400
341 82 d07400
341 83 d07400
341 84 d07400
341 85 d07400
341 86 d07400
341 87 d07400
341 88 d07400
341 89 d07400
341 8a d07400
341 8b d07400
341 8c d07400
341 8d d07400
341 8e d07400
341 8f d07400
341 90 d04440
341 91 d04440
341 92 d04440
341 93 d04440
341 94 d04440
341 95 d04440
341 96 d04440
341 97 d04440
341 98 d04440
341 99 d04440
341 9a d04440
341 9b d04440
341 9c d04440
341 9d d04440
341 9e d04440
341 9f d04440
341 a0 d07400
341 a1 d07400
341 a2 d07400
341 a3 d07400
341 a4 d07400
341 a5 d07400
341 a6 d07400
341 a7 d07400
341 a8 d07400
341 a9 d07400
341 aa d07400
341 ab d07400
341 ac d07400
341 ad d07400
341 ae d07400
341 af d07400
341 b0 d04440
341 b1 d04440
341 b2 d04440
341 b3 d04440
341 b4 d04440
341 b5 d04440
341 b6 d04440
341 b7 d04440
341 b8 d04440
341 b9 d04440
341 ba d04440
341 bb d04440
341 bc d04440
341 bd d04440
341 be d04440
341 bf d04440
341 c0 d04500
341 c1 d04500
341 c2 d04500
341 c3 d04500
341 c4 d04500
341 c5 d04500
341 c6 d04500
341 c7 d04500
341 c8 d04500
341 c9 d04500
341 ca d04500
341 cb d04500
341 cc d04500
341 cd d04500
341 ce d04500
341 cf d04500
341 d0 d04540
341 d1 d04540
341 d2 d04540
341 d3 d04540
341 d4 d04540
341 d5 d04540
341 d6 d04540
341 d7 d04540
341 d8 d04540
341 d9 d04540
341 da d04540
341 db d04540
341 dc d04540
341 dd d04540
341 de d04540
341 df d04540
341 e0 d04500
341 e1 d04500
341 e2 d04500
341 e3 d04500
341 e4 d04500
341 e5 d04500
341 e6 d04500
341 e7 d04500
341 e8 d04500
341 e9 d04500
341 ea d04500
341 eb d04500
341 ec d04500
341 ed d04500
341 ee d04500
341 ef d04500
341 f0 d04540
341 f1 d04540
341 f2 d04540
341 f3 d04540
341 f4 d04540
341 f5 d04540
341 f6 d04540
341 f7 d04540
341 f8 d04540
341 f9 d04540
341 fa d04540
341 fb d04540
341 fc d04540
341 fd d04540
341 fe d04540
341 ff d04540
34c 00 d33000
34c 01 d33000
34c 02 d33000
34c 03 d33000
34c 04 d33000
34c 05 d33000
34c 06 d33000
34c 07 d33000
34c 08 d33000
34c 09 d33000
34c 0a d33000
34c 0b d33000
34c 0c d33000
34c 0d d33000
34c 0e d33000
34c 0f d33000
34c 10 d33000
34c 11 d33000
34c 12 d33000
34c 13 d33000
34c 14 d33000
34c 15 d33000
34c 16 d33000
34c 17 d33000
34c 18 d33000
34c 19 d33000
34c 1a d33000
34c 1b d33000
34c 1c d33000
34c 1d d33000
34c 1e d33000
34c 1f d33000
34c 20 d33000
34c 21 d33000
34c 22 d33000
34c 23 d33000
34c 24 d33000
34c 25 d33000
34c 26 d33000
34c 27 d33000
34c 28 d33000
34c 29 d33000
34c 2a d33000
34c 2b d33000
34c 2c d33000
34c 2d d33000
34c 2e d33000
34c 2f d33000
34c 30 d33000
34c 31 d33000
34c 32 d33000
34c 33 d33000
34c 34 d33000
34c 35 d33000
34c 36 d33000
34c 37 d33000
34c 38 d33000
34c 39 d33000
34c 3a d33000
34c 3b d33000
34c 3c d33000
34c 3d d33000
34c 3e d33000
34c 3f d33000
34c 40 d30102
34c 41 d30102
34c 42 d30102
34c 43 d30102
34c 44 d30102
34c 45 d30102
34c 46 d30102
34c 47 d30102
34c 48 d30102
34c 49 d30102
34c 4a d30102
34c 4b d30102
34c 4c d30102
34c 4d d30102
34c 4e d30102
34c 4f d30102
34c 50 d30102
34c 51 d30102
34c 52 d30102
34c 53 d30102
34c 54 d30102
34c 55 d30102
34c 56 d30102
34c 57 d30102
34c 58 d30102
34c 59 d30102
34c 5a d30102
34c 5b d30102
34c 5c d30102
34c 5d d30102
34c 5e d30102
34c 5f d30102
34c 60 d30102
34c 61 d30102
34c 62 d30102
34c 63 d30102
34c 64 d30102
34c 65 d30102
34c 66 d30102
34c 67 d30102
34c 68 d30102
34c 69 d30102
34c 6a d30102
34c 6b d30102
34c 6c d30102
34c 6d d30102
34c 6e d30102
34c 6f d30102
34c 70 d30102
34c 71 d30102
34c 72 d30102
34c 73 d30102
34c 74 d30102
34c 75 d30102
34c 76 d30102
34c 77 d30102
34c 78 d30102
34c 79 d30102
34c 7a d30102
34c 7b d30102
34c 7c d30102
34c 7d d30102
34c 7e d30102
34c 7f d30102
34c 80 d33000
34c 81 d33000
34c 82 d33000
34c 83 d33000
34c 84 d33000
34c 85 d33000
34c 86 d33000
34c 87 d33000
34c 88 d33000
34c 89 d33000
34c 8a d33000
34c 8b d33000
34c 8c d33000
34c 8d d33000
34c 8e d33000
34c 8f d33000
34c 90 d33000
34c 91 d33000
34c 92 d33000
34c 93 d33000
34c 94 d33000
34c 95 d33000
34c 96 d33000
34c 97 d33000
34c 98 d33000
34c 99 d33000
34c 9a d33000
34c 9b d33000
34c 9c d33000
34c 9d d33000
34c 9e d33000
34c 9f d33000
34c a0 d33000
34c a1 d33000
34c a2 d33000
34c a3 d33000
34c a4 d33000
34c a5 d33000
34c a6 d33000
34c a7 d33000
34c a8 d33000
34c a9 d33000
34c aa d33000
34c ab d33000
34c ac d33000
34c ad d33000
34c ae d33000
34c af d33000
34c b0 d33000
34c b1 d33000
34c b2 d33000
34c b3 d33000
34c b4 d33000
34c b5 d33000
34c b6 d33000
34c b7 d33000
34c b8 d33000
34c b9 d33000
34c ba d33000
34c bb d33000
34c bc d33000
34c bd d33000
34c be d33000
34c bf d33000
34c c0 d30102
34c c1 d30102
34c c2 d30102
34c c3 d30102
34c c4 d30102
34c c5 d30102
34c c6 d30102
34c c7 d30102
34c c8 d30102
34c c9 d30102
34c ca d30102
34c cb d30102
34c cc d30102
34c cd d30102
34c ce d30102
34c cf d30102
34c d0 d30102
34c d1 d30102
34c d2 d30102
34c d3 d30102
34c d4 d30102
34c d5 d30102
34c d6 d30102
34c d7 d30102
34c d8 d30102
34c d9 d30102
34c da d30102
34c db d30102
34c dc d30102
34c dd d30102
34c de d30102
34c df d30102
34c e0 d30102
34c e1 d30102
34c e2 d30102
34c e3 d30102
34c e4 d30102
34c e5 d30102
34c e6 d30102
34c e7 d30102
34c e8 d30102
34c e9 d30102
34c ea d30102
34c eb d30102
34c ec d30102
34c ed d30102
34c ee d30102
34c ef d30102
34c f0 d30102
34c f1 d30102
34c f2 d30102
34c f3 d30102
34c f4 d30102
34c f5 d30102
34c f6 d30102
34c f7 d30102
34c f8 d30102
34c f9 d30102
34c fa d30102
34c fb d30102
34c fc d30102
34c fd d30102
34c fe d30102
34c ff d30102
34f 00 d3f000
34f 01 d3f000
34f 02 d3f000
34f 03 d3f000
34f 04 d3f000
34f 05 d3f000
34f 06 d3f000
34f 07 d3f000
34f 08 d3f000
34f 09 d3f000
34f 0a d3f000
34f 0b d3f000
34f 0c d3f000
34f 0d d3f000
34f 0e d3f000
34f 0f d3f000
34f 10 d3c042
34f 11 d3c042
34f 12 d3c042
34f 13 d3c042
34f 14 d3c042
34f 15 d3c042
34f 16 d3c042
34f 17 d3c042
34f 18 d3c042
34f 19 d3c042
34f 1a d3c042
34f 1b d3c042
34f 1c d3c042
34f 1d d3c042
34f 1e d3c042
34f 1f d3c042
34f 20 d3f000
34f 21 d3f000
34f 22 d3f000
34f 23 d3f000
34f 24 d3f000
34f 25 d3f000
34f 26 d3f000
34f 27 d3f000
34f 28 d3f000
34f 29 d3f000
34f 2a d3f000
34f 2b d3f000
34f 2c d3f000
34f 2d d3f000
34f 2e d3f000
34f 2f d3f000
34f 30 d3c042
34f 31 d3c042
34f 32 d3c042
34f 33 d3c042
34f 34 d3c042
34f 35 d3c042
34f 36 d3c042
34f 37 d3c042
34f 38 d3c042
34f 39 d3c042
34f 3a d3c042
34f 3b d3c042
34f 3c d3c042
34f 3d d3c042
34f 3e d3c042
34f 3f d3c042
34f 40 d3f000
34f 41 d3f000
34f 42 d3f000
34f 43 d3f000
34f 44 d3f000
34f 45 d3f000
34f 46 d3f000
34f 47 d3f000
34f 48 d3f000
34f 49 d3f000
34f 4a d3f000
34f 4b d3f000
34f 4c d3f000
34f 4d d3f000
34f 4e d3f000
34f 4f d3f000
34f 50 d3c042
34f 51 d3c042
34f 52 d3c042
34f 53 d3c042
34f 54 d3c042
34f 55 d3c042
34f 56 d3c042
34f 57 d3c042
34f 58 d3c042
34f 59 d3c042
34f 5a d3c042
34f 5b d3c042
34f 5c d3c042
34f 5d d3c042
34f 5e d3c042
34f 5f d3c042
34f 60 d3f000
34f 61 d3f000
34f 62 d3f000
34f 63 d3f000
34f 64 d3f000
34f 65 d3f000
34f 66 d3f000
34f 67 d3f000
34f 68 d3f000
34f 69 d3f000
34f 6a d3f000
34f 6b d3f000
34f 6c d3f000
34f 6d d3f000
34f 6e d3f000
34f 6f d3f000
34f 70 d3c042
34f 71 d3c042
34f 72 d3c042
34f 73 d3c042
34f 74 d3c042
34f 75 d3c042
34f 76 d3c042
34f 77 d3c042
34f 78 d3c042
34f 79 d3c042
34f 7a d3c042
34f 7b d3c042
34f 7c d3c042
34f 7d d3c042
34f 7e d3c042
34f 7f d3c042
34f 80 d3f000
34f 81 d3f000
34f 82 d3f000
34f 83 d3f000
34f 84 d3f000
34f 85 d3f000
34f 86 d3f000
34f 87 d3f000
34f 88 d3f000
34f 89 d3f000
34f 8a d3f000
34f 8b d3f000
34f 8c d3f000
34f 8d d3f000
34f 8e d3f000
34f 8f d3f000
34f 90 d3c042
34f 91 d3c042
34f 92 d3c042
34f 93 d3c042
34f 94 d3c042
34f 95 d3c042
34f 96 d3c042
34f 97 d3c042
34f 98 d3c042
34f 99 d3c042
34f 9a d3c042
34f 9b d3c042
34f 9c d3c042
34f 9d d3c042
34f 9e d3c042
34f 9f d3c042
34f a0 d3f000
34f a1 d3f000
34f a2 d3f000
34f a3 d3f000
34f a4 d3f000
34f a5 d3f000
34f a6 d3f000
34f a7 d3f000
34f a8 d3f000
34f a9 d3f000
34f aa d3f000
34f ab d3f000
34f ac d3f000
34f ad d3f000
34f ae d3f000
34f af d3f000
34f b0 d3c042
34f b1 d3c042
34f b2 d3c042
34f b3 d3c042
34f b4 d3c042
34f b5 d3c042
34f b6 d3c042
34f b7 d3c042
34f b8 d3c042
34f b9 d3c042
34f ba d3c042
34f bb d3c042
34f bc d3c042
34f bd d3c042
34f be d3c042
34f bf d3c042
34f c0 d3f000
34f c1 d3f000
34f c2 d3f000
34f c3 d3f000
34f c4 d3f000
34f c5 d3f000
34f c6 d3f000
34f c7 d3f000
34f c8 d3f000
34f c9 d3f000
34f ca d3f000
34f cb d3f000
34f cc d3f000
34f cd d3f000
34f ce d3f000
34f cf d3f000
34f d0 d3c042
34f d1 d3c042
34f d2 d3c042
34f d3 d3c042
34f d4 d3c042
34f d5 d3c042
34f d6 d3c042
34f d7 d3c042
34f d8 d3c042
34f d9 d3c042
34f da d3c042
34f db d3c042
34f dc d3c042
34f dd d3c042
34f de d3c042
34f df d3c042
34f e0 d3f000
34f e1 d3f000
34f e2 d3f000
34f e3 d3f000
34f e4 d3f000
34f e5 d3f000
34f e6 d3f000
34f e7 d3f000
34f e8 d3f000
34f e9 d3f000
34f ea d3f000
34f eb d3f000
34f ec d3f000
34f ed d3f000
34f ee d3f000
34f ef d3f000
34f f0 d3c042
34f f1 d3c042
34f f2 d3c042
34f f3 d3c042
34f f4 d3c042
34f f5 d3c042
34f f6 d3c042
34f f7 d3c042
34f f8 d3c042
34f f9 d3c042
34f fa d3c042
34f fb d3c042
34f fc d3c042
34f fd d3c042
34f fe d3c042
34f ff d3c042
34d 00 d37400
34d 01 d37400
34d 02 d37400
34d 03 d37400
34d 04 d37400
34d 05 d37400
34d 06 d37400
34d 07 d37400
34d 08 d37400
34d 09 d37400
34d 0a d37400
34d 0b d37400
34d 0c d37400
34d 0d d37400
34d 0e d37400
34d 0f d37400
34d 10 d34440
34d 11 d34440
34d 12 d34440
34d 13 d34440
34d 14 d34440
34d 15 d34440
34d 16 d34440
34d 17 d34440
34d 18 d34440
34d 19 d34440
34d 1a d34440
34d 1b d34440
34d 1c d34440
34d 1d d34440
34d 1e d34440
34d 1f d34440
34d 20 d37400
34d 21 d37400
34d 22 d37400
34d 23 d37400
34d 24 d37400
34d 25 d37400
34d 26 d37400
34d 27 d37400
34d 28 d37400
34d 29 d37400
34d 2a d37400
34d 2b d37400
34d 2c d37400
34d 2d d37400
34d 2e d37400
34d 2f d37400
34d 30 d34440
34d 31 d34440
34d 32 d34440
34d 33 d34440
34d 34 d34440
34d 35 d34440
34d 36 d34440
34d 37 d34440
34d 38 d34440
34d 39 d34440
34d 3a d34440
34d 3b d34440
34d 3c d34440
34d 3d d34440
34d 3e d34440
34d 3f d34440
34d 40 d34500
34d 41 d34500
34d 42 d34500
34d 43 d34500
34d 44 d34500
34d 45 d34500
34d 46 d34500
34d 47 d34500
34d 48 d34500
34d 49 d34500
34d 4a d34500
34d 4b d34500
34d 4c d34500
34d 4d d34500
34d 4e d34500
34d 4f d34500
34d 50 d34540
34d 51 d34540
34d 52 d34540
34d 53 d34540
34d 54 d34540
34d 55 d34540
34d 56 d34540
34d 57 d34540
34d 58 d34540
34d 59 d34540
34d 5a d34540
34d 5b d34540
34d 5c d34540
34d 5d d34540
34d 5e d34540
34d 5f d34540
34d 60 d34500
34d 61 d34500
34d 62 d34500
34d 63 d34500
34d 64 d34500
34d 65 d34500
34d 66 d34500
34d 67 d34500
34d 68 d34500
34d 69 d34500
34d 6a d34500
34d 6b d34500
34d 6c d34500
34d 6d d34500
34d 6e d34500
34d 6f d34500
34d 70 d34540
34d 71 d34540
34d 72 d34540
34d 73 d34540
34d 74 d34540
34d 75 d34540
34d 76 d34540
34d 77 d34540
34d 78 d34540
34d 79 d34540
34d 7a d34540
34d 7b d34540
34d 7c d34540
34d 7d d34540
34d 7e d34540
34d 7f d34540
34d 80 d37400
34d 81 d37400
34d 82 d37400
34d 83 d37400
34d 84 d37400
34d 85 d37400
34d 86 d37400
34d 87 d37400
34d 88 d37400
34d 89 d37400
34d 8a d37400
34d 8b d37400
34d 8c d37400
34d 8d d37400
34d 8e d37400
34d 8f d37400
34d 90 d34440
34d 91 d34440
34d 92 d34440
34d 93 d34440
34d 94 d34440
34d 95 d34440
34d 96 d34440
34d 97 d34440
34d 98 d34440
34d 99 d34440
34d 9a d34440
34d 9b d34440
34d 9c d34440
34d 9d d34440
34d 9e d34440
34d 9f d34440
34d a0 d37400
34d a1 d37400
34d a2 d37400
34d a3 d37400
34d a4 d37400
34d a5 d37400
34d a6 d37400
34d a7 d37400
34d a8 d37400
34d a9 d37400
34d aa d37400
34d ab d37400
34d ac d37400
34d ad d37400
34d ae d37400
34d af d37400
34d b0 d34440
34d b1 d34440
34d b2 d34440
34d b3 d34440
34d b4 d34440
34d b5 d34440
34d b6 d34440
34d b7 d34440
34d b8 d34440
34d b9 d34440
34d ba d34440
34d bb d34440
34d bc d34440
34d bd d34440
34d be d34440
34d bf d34440
34d c0 d34500
34d c1 d34500
34d c2 d34500
34d c3 d34500
34d c4 d34500
34d c5 d34500
34d c6 d34500
34d c7 d34500
34d c8 d34500
34d c9 d34500
34d ca d34500
34d cb d34500
34d cc d34500
34d cd d34500
34d ce d34500
34d cf d34500
34d d0 d34540
34d d1 d34540
34d d2 d34540
34d d3 d34540
34d d4 d34540
34d d5 d34540
34d d6 d34540
34d d7 d34540
34d d8 d34540
34d d9 d34540
34d da d34540
34d db d34540
34d dc d34540
34d dd d34540
34d de d34540
34d df d34540
34d e0 d34500
34d e1 d34500
34d e2 d34500
34d e3 d34500
34d e4 d34500
34d e5 d34500
34d e6 d34500
34d e7 d34500
34d e8 d34500
34d e9 d34500
34d ea d34500
34d eb d34500
34d ec d34500
34d ed d34500
34d ee d34500
34d ef d34500
34d f0 d34540
34d f1 d34540
34d f2 d34540
34d f3 d34540
34d f4 d34540
34d f5 d34540
34d f6 d34540
34d f7 d34540
34d f8 d34540
34d f9 d34540
34d fa d34540
34d fb d34540
34d fc d34540
34d fd d34540
34d fe d34540
34d ff d34540
344 00 d13400
344 01 d13400
344 02 d13400
344 03 d13400
344 04 d13400
344 05 d13400
344 06 d13400
344 07 d13400
344 08 d13400
344 09 d13400
344 0a d13400
344 0b d13400
344 0c d13400
344 0d d13400
344 0e d13400
344 0f d13400
344 10 d10440
344 11 d10440
344 12 d10440
344 13 d10440
344 14 d10440
344 15 d10440
344 16 d10440
344 17 d10440
344 18 d10440
344 19 d10440
344 1a d10440
344 1b d10440
344 1c d10440
344 1d d10440
344 1e d10440
344 1f d10440
344 20 d13400
344 21 d13400
344 22 d13400
344 23 d13400
344 24 d13400
344 25 d13400
344 26 d13400
344 27 d13400
344 28 d13400
344 29 d13400
344 2a d13400
344 2b d13400
344 2c d13400
344 2d d13400
344 2e d13400
344 2f d13400
344 30 d10440
344 31 d10440
344 32 d10440
344 33 d10440
344 34 d10440
344 35 d10440
344 36 d10440
344 37 d10440
344 38 d10440
344 39 d10440
344 3a d10440
344 3b d10440
344 3c d10440
344 3d d10440
344 3e d10440
344 3f d10440
344 40 d10500
344 41 d10500
344 42 d10500
344 43 d10500
344 44 d10500
344 45 d10500
344 46 d10500
344 47 d10500
344 48 d10500
344 49 d10500
344 4a d10500
344 4b d10500
344 4c d10500
344 4d d10500
344 4e d10500
344 4f d10500
344 50 d10540
344 51 d10540
344 52 d10540
344 53 d10540
344 54 d10540
344 55 d10540
344 56 d10540
344 57 d10540
344 58 d10540
344 59 d10540
344 5a d10540
344 5b d10540
344 5c d10540
344 5d d10540
344 5e d10540
344 5f d10540
344 60 d10500
344 61 d10500
344 62 d10500
344 63 d10500
344 64 d10500
344 65 d10500
344 66 d10500
344 67 d10500
344 68 d10500
344 69 d10500
344 6a d10500
344 6b d10500
344 6c d10500
344 6d d10500
344 6e d10500
344 6f d10500
344 70 d10540
344 71 d10540
344 72 d10540
344 73 d10540
344 74 d10540
344 75 d10540
344 76 d10540
344 77 d10540
344 78 d10540
344 79 d10540
344 7a d10540
344 7b d10540
344 7c d10540
344 7d d10540
344 7e d10540
344 7f d10540
344 80 d13400
344 81 d13400
344 82 d13400
344 83 d13400
344 84 d13400
344 85 d13400
344 86 d13400
344 87 d13400
344 88 d13400
344 89 d13400
344 8a d13400
344 8b d13400
344 8c d13400
344 8d d13400
344 8e d13400
344 8f d13400
344 90 d10440
344 91 d10440
344 92 d10440
344 93 d10440
344 94 d10440
344 95 d10440
344 96 d10440
344 97 d10440
344 98 d10440
344 99 d10440
344 9a d10440
344 9b d10440
344 9c d10440
344 9d d10440
344 9e d10440
344 9f d10440
344 a0 d13400
344 a1 d13400
344 a2 d13400
344 a3 d13400
344 a4 d13400
344 a5 d13400
344 a6 d13400
344 a7 d13400
344 a8 d13400
344 a9 d13400
344 aa d13400
344 ab d13400
344 ac d13400
344 ad d13400
344 ae d13400
344 af d13400
344 b0 d10440
344 b1 d10440
344 b2 d10440
344 b3 d10440
344 b4 d10440
344 b5 d10440
344 b6 d10440
344 b7 d10440
344 b8 d10440
344 b9 d10440
344 ba d10440
344 bb d10440
344 bc d10440
344 bd d10440
344 be d10440
344 bf d10440
344 c0 d10500
344 c1 d10500
344 c2 d10500
344 c3 d10500
344 c4 d10500
344 c5 d10500
344 c6 d10500
344 c7 d10500
344 c8 d10500
344 c9 d10500
344 ca d10500
344 cb d10500
344 cc d10500
344 cd d10500
344 ce d10500
344 cf d10500
344 d0 d10540
344 d1 d10540
344 d2 d10540
344 d3 d10540
344 d4 d10540
344 d5 d10540
344 d6 d10540
344 d7 d10540
344 d8 d10540
344 d9 d10540
344 da d10540
344 db d10540
344 dc d10540
344 dd d10540
344 de d10540
344 df d10540
344 e0 d10500
344 e1 d10500
344 e2 d10500
344 e3 d10500
344 e4 d10500
344 e5 d10500
344 e6 d10500
344 e7 d10500
344 e8 d10500
344 e9 d10500
344 ea d10500
344 eb d10500
344 ec d10500
344 ed d10500
344 ee d10500
344 ef d10500
344 f0 d10540
344 f1 d10540
344 f2 d10540
344 f3 d10540
344 f4 d10540
344 f5 d10540
344 f6 d10540
344 f7 d10540
344 f8 d10540
344 f9 d10540
344 fa d10540
344 fb d10540
344 fc d10540
344 fd d10540
344 fe d10540
344 ff d10540
347 00 d1f400
347 01 d1f400
347 02 d1f400
347 03 d1f400
347 04 d1f400
347 05 d1f400
347 06 d1f400
347 07 d1f400
347 08 d1f400
347 09 d1f400
347 0a d1f400
347 0b d1f400
347 0c d1f400
347 0d d1f400
347 0e d1f400
347 0f d1f400
347 10 d1c440
347 11 d1c440
347 12 d1c440
347 13 d1c440
347 14 d1c440
347 15 d1c440
347 16 d1c440
347 17 d1c440
347 18 d1c440
347 19 d1c440
347 1a d1c440
347 1b d1c440
347 1c d1c440
347 1d d1c440
347 1e d1c440
347 1f d1c440
347 20 d1f400
347 21 d1f400
347 22 d1f400
347 23 d1f400
347 24 d1f400
347 25 d1f400
347 26 d1f400
347 27 d1f400
347 28 d1f400
347 29 d1f400
347 2a d1f400
347 2b d1f400
347 2c d1f400
347 2d d1f400
347 2e d1f400
347 2f d1f400
347 30 d1c440
347 31 d1c440
347 32 d1c440
347 33 d1c440
347 34 d1c440
347 35 d1c440
347 36 d1c440
347 37 d1c440
347 38 d1c440
347 39 d1c440
347 3a d1c440
347 3b d1c440
347 3c d1c440
347 3d d1c440
347 3e d1c440
347 3f d1c440
347 40 d1c500
347 41 d1c500
347 42 d1c500
347 43 d1c500
347 44 d1c500
347 45 d1c500
347 46 d1c500
347 47 d1c500
347 48 d1c500
347 49 d1c500
347 4a d1c500
347 4b d1c500
347 4c d1c500
347 4d d1c500
347 4e d1c500
347 4f d1c500
347 50 d1c540
347 51 d1c540
347 52 d1c540
347 53 d1c540
347 54 d1c540
347 55 d1c540
347 56 d1c540
347 57 d1c540
347 58 d1c540
347 59 d1c540
347 5a d1c540
347 5b d1c540
347 5c d1c540
347 5d d1c540
347 5e d1c540
347 5f d1c540
347 60 d1c500
347 61 d1c500
347 62 d1c500
347 63 d1c500
347 64 d1c500
347 65 d1c500
347 66 d1c500
347 67 d1c500
347 68 d1c500
347 69 d1c500
347 6a d1c500
347 6b d1c500
347 6c d1c500
347 6d d1c500
347 6e d1c500
347 6f d1c500
347 70 d1c540
347 71 d1c540
347 72 d1c540
347 73 d1c540
347 74 d1c540
347 75 d1c540
347 76 d1c540
347 77 d1c540
347 78 d1c540
347 79 d1c540
347 7a d1c540
347 7b d1c540
347 7c d1c540
347 7d d1c540
347 7e d1c540
347 7f d1c540
347 80 d1f400
347 81 d1f400
347 82 d1f400
347 83 d1f400
347 84 d1f400
347 85 d1f400
347 86 d1f400
347 87 d1f400
347 88 d1f400
347 89 d1f400
347 8a d1f400
347 8b d1f400
347 8c d1f400
347 8d d1f400
347 8e d1f400
347 8f d1f400
347 90 d1c440
347 91 d1c440
347 92 d1c440
347 93 d1c440
347 94 d1c440
347 95 d1c440
347 96 d1c440
347 97 d1c440
347 98 d1c440
347 99 d1c440
347 9a d1c440
347 9b d1c440
347 9c d1c440
347 9d d1c440
347 9e d1c440
347 9f d1c440
347 a0 d1f400
347 a1 d1f400
347 a2 d1f400
347 a3 d1f400
347 a4 d1f400
347 a5 d1f400
347 a6 d1f400
347 a7 d1f400
347 a8 d1f400
347 a9 d1f400
347 aa d1f400
347 ab d1f400
347 ac d1f400
347 ad d1f400
347 ae d1f400
347 af d1f400
347 b0 d1c440
347 b1 d1c440
347 b2 d1c440
347 b3 d1c440
347 b4 d1c440
347 b5 d1c440
347 b6 d1c440
347 b7 d1c440
347 b8 d1c440
347 b9 d1c440
347 ba d1c440
347 bb d1c440
347 bc d1c440
347 bd d1c440
347 be d1c440
347 bf d1c440
347 c0 d1c500
347 c1 d1c500
347 c2 d1c500
347 c3 d1c500
347 c4 d1c500
347 c5 d1c500
347 c6 d1c500
347 c7 d1c500
347 c8 d1c500
347 c9 d1c500
347 ca d1c500
347 cb d1c500
347 cc d1c500
347 cd d1c500
347 ce d1c500
347 cf d1c500
347 d0 d1c540
347 d1 d1c540
347 d2 d1c540
347 d3 d1c540
347 d4 d1c540
347 d5 d1c540
347 d6 d1c540
347 d7 d1c540
347 d8 d1c540
347 d9 d1c540
347 da d1c540
347 db d1c540
347 dc d1c540
347 dd d1c540
347 de d1c540
347 df d1c540
347 e0 d1c500
347 e1 d1c500
347 e2 d1c500
347 e3 d1c500
347 e4 d1c500
347 e5 d1c500
347 e6 d1c500
347 e7 d1c500
347 e8 d1c500
347 e9 d1c500
347 ea d1c500
347 eb d1c500
347 ec d1c500
347 ed d1c500
347 ee d1c500
347 ef d1c500
347 f0 d1c540
347 f1 d1c540
347 f2 d1c540
347 f3 d1c540
347 f4 d1c540
347 f5 d1c540
347 f6 d1c540
347 f7 d1c540
347 f8 d1c540
347 f9 d1c540
347 fa d1c540
347 fb d1c540
347 fc d1c540
347 fd d1c540
347 fe d1c540
347 ff d1c540
345 00 d17800
345 01 d17800
345 02 d17800
345 03 d17800
345 04 d17800
345 05 d17800
345 06 d17800
345 07 d17800
345 08 d17800
345 09 d17800
345 0a d17800
345 0b d17800
345 0c d17800
345 0d d17800
345 0e d17800
345 0f d17800
345 10 d14840
345 11 d14840
345 12 d14840
345 13 d14840
345 14 d14840
345 15 d14840
345 16 d14840
345 17 d14840
345 18 d14840
345 19 d14840
345 1a d14840
345 1b d14840
345 1c d14840
345 1d d14840
345 1e d14840
345 1f d14840
345 20 d17800
345 21 d17800
345 22 d17800
345 23 d17800
345 24 d17800
345 25 d17800
345 26 d17800
345 27 d17800
345 28 d17800
345 29 d17800
345 2a d17800
345 2b d17800
345 2c d17800
345 2d d17800
345 2e d17800
345 2f d17800
345 30 d14840
345 31 d14840
345 32 d14840
345 33 d14840
345 34 d14840
345 35 d14840
345 36 d14840
345 37 d14840
345 38 d14840
345 39 d14840
345 3a d14840
345 3b d14840
345 3c d14840
345 3d d14840
345 3e d14840
345 3f d14840
345 40 d14900
345 41 d14900
345 42 d14900
345 43 d14900
345 44 d14900
345 45 d14900
345 46 d14900
345 47 d14900
345 48 d14900
345 49 d14900
345 4a d14900
345 4b d14900
345 4c d14900
345 4d d14900
345 4e d14900
345 4f d14900
345 50 d14940
345 51 d14940
345 52 d14940
345 53 d14940
345 54 d14940
345 55 d14940
345 56 d14940
345 57 d14940
345 58 d14940
345 59 d14940
345 5a d14940
345 5b d14940
345 5c d14940
345 5d d14940
345 5e d14940
345 5f d14940
345 60 d14900
345 61 d14900
345 62 d14900
345 63 d14900
345 64 d14900
345 65 d14900
345 66 d14900
345 67 d14900
345 68 d14900
345 69 d14900
345 6a d14900
345 6b d14900
345 6c d14900
345 6d d14900
345 6e d14900
345 6f d14900
345 70 d14940
345 71 d14940
345 72 d14940
345 73 d14940
345 74 d14940
345 75 d14940
345 76 d14940
345 77 d14940
345 78 d14940
345 79 d14940
345 7a d14940
345 7b d14940
345 7c d14940
345 7d d14940
345 7e d14940
345 7f d14940
345 80 d17800
345 81 d17800
345 82 d17800
345 83 d17800
345 84 d17800
345 85 d17800
345 86 d17800
345 87 d17800
345 88 d17800
345 89 d17800
345 8a d17800
345 8b d17800
345 8c d17800
345 8d d17800
345 8e d17800
345 8f d17800
345 90 d14840
345 91 d14840
345 92 d14840
345 93 d14840
345 94 d14840
345 95 d14840
345 96 d14840
345 97 d14840
345 98 d14840
345 99 d14840
345 9a d14840
345 9b d14840
345 9c d14840
345 9d d14840
345 9e d14840
345 9f d14840
345 a0 d17800
345 a1 d17800
345 a2 d17800
345 a3 d17800
345 a4 d17800
345 a5 d17800
345 a6 d17800
345 a7 d17800
345 a8 d17800
345 a9 d17800
345 aa d17800
345 ab d17800
345 ac d17800
345 ad d17800
345 ae d17800
345 af d17800
345 b0 d14840
345 b1 d14840
345 b2 d14840
345 b3 d14840
345 b4 d14840
345 b5 d14840
345 b6 d14840
345 b7 d14840
345 b8 d14840
345 b9 d14840
345 ba d14840
345 bb d14840
345 bc d14840
345 bd d14840
345 be d14840
345 bf d14840
345 c0 d14900
345 c1 d14900
345 c2 d14900
345 c3 d14900
345 c4 d14900
345 c5 d14900
345 c6 d14900
345 c7 d14900
345 c8 d14900
345 c9 d14900
345 ca d14900
345 cb d14900
345 cc d14900
345 cd d14900
345 ce d14900
345 cf d14900
345 d0 d14940
345 d1 d14940
345 d2 d14940
345 d3 d14940
345 d4 d14940
345 d5 d14940
345 d6 d14940
345 d7 d14940
345 d8 d14940
345 d9 d14940
345 da d14940
345 db d14940
345 dc d14940
345 dd d14940
345 de d14940
345 df d14940
345 e0 d14900
345 e1 d14900
345 e2 d14900
345 e3 d14900
345 e4 d14900
345 e5 d14900
345 e6 d14900
345 e7 d14900
345 e8 d14900
345 e9 d14900
345 ea d14900
345 eb d14900
345 ec d14900
345 ed d14900
345 ee d14900
345 ef d14900
345 f0 d14940
345 f1 d14940
345 f2 d14940
345 f3 d14940
345 f4 d14940
345 f5 d14940
345 f6 d14940
345 f7 d14940
345 f8 d14940
345 f9 d14940
345 fa d14940
345 fb d14940
345 fc d14940
345 fd d14940
345 fe d14940
345 ff d14940
370 00 dc3000
370 01 dc3000
370 02 dc3000
370 03 dc3000
370 04 dc3000
370 05 dc3000
370 06 dc3000
370 07 dc3000
370 08 dc3000
370 09 dc3000
370 0a dc3000
370 0b dc3000
370 0c dc3000
370 0d dc3000
370 0e dc3000
370 0f dc3000
370 10 dc3000
370 11 dc3000
370 12 dc3000
370 13 dc3000
370 14 dc3000
370 15 dc3000
370 16 dc3000
370 17 dc3000
370 18 dc3000
370 19 dc3000
370 1a dc3000
370 1b dc3000
370 1c dc3000
370 1d dc3000
370 1e dc3000
370 1f dc3000
370 20 dc3000
370 21 dc3000
370 22 dc3000
370 23 dc3000
370 24 dc3000
370 25 dc3000
370 26 dc3000
370 27 dc3000
370 28 dc3000
370 29 dc3000
370 2a dc3000
370 2b dc3000
370 2c dc3000
370 2d dc3000
370 2e dc3000
370 2f dc3000
370 30 dc3000
370 31 dc3000
370 32 dc3000
370 33 dc3000
370 34 dc3000
370 35 dc3000
370 36 dc3000
370 37 dc3000
370 38 dc3000
370 39 dc3000
370 3a dc3000
370 3b dc3000
370 3c dc3000
370 3d dc3000
370 3e dc3000
370 3f dc3000
370 40 dc3000
370 41 dc3000
370 42 dc3000
370 43 dc3000
370 44 dc3000
370 45 dc3000
370 46 dc3000
370 47 dc3000
370 48 dc3000
370 49 dc3000
370 4a dc3000
370 4b dc3000
370 4c dc3000
370 4d dc3000
370 4e dc3000
370 4f dc3000
370 50 dc3000
370 51 dc3000
370 52 dc3000
370 53 dc3000
370 54 dc3000
370 55 dc3000
370 56 dc3000
370 57 dc3000
370 58 dc3000
370 59 dc3000
370 5a dc3000
370 5b dc3000
370 5c dc3000
370 5d dc3000
370 5e dc3000
370 5f dc3000
370 60 dc3000
370 61 dc3000
370 62 dc3000
370 63 dc3000
370 64 dc3000
370 65 dc3000
370 66 dc3000
370 67 dc3000
370 68 dc3000
370 69 dc3000
370 6a dc3000
370 6b dc3000
370 6c dc3000
370 6d dc3000
370 6e dc3000
370 6f dc3000
370 70 dc3000
370 71 dc3000
370 72 dc3000
370 73 dc3000
370 74 dc3000
370 75 dc3000
370 76 dc3000
370 77 dc3000
370 78 dc3000
370 79 dc3000
370 7a dc3000
370 7b dc3000
370 7c dc3000
370 7d dc3000
370 7e dc3000
370 7f dc3000
370 80 dc3000
370 81 dc3000
370 82 dc3000
370 83 dc3000
370 84 dc3000
370 85 dc3000
370 86 dc3000
370 87 dc3000
370 88 dc3000
370 89 dc3000
370 8a dc3000
370 8b dc3000
370 8c dc3000
370 8d dc3000
370 8e dc3000
370 8f dc3000
370 90 dc3000
370 91 dc3000
370 92 dc3000
370 93 dc3000
370 94 dc3000
370 95 dc3000
370 96 dc3000
370 97 dc3000
370 98 dc3000
370 99 dc3000
370 9a dc3000
370 9b dc3000
370 9c dc3000
370 9d dc3000
370 9e dc3000
370 9f dc3000
370 a0 dc3000
370 a1 dc3000
370 a2 dc3000
370 a3 dc3000
370 a4 dc3000
370 a5 dc3000
370 a6 dc3000
370 a7 dc3000
370 a8 dc3000
370 a9 dc3000
370 aa dc3000
370 ab dc3000
370 ac dc3000
370 ad dc3000
370 ae dc3000
370 af dc3000
370 b0 dc3000
370 b1 dc3000
370 b2 dc3000
370 b3 dc3000
370 b4 dc3000
370 b5 dc3000
370 b6 dc3000
370 b7 dc3000
370 b8 dc3000
370 b9 dc3000
370 ba dc3000
370 bb dc3000
370 bc dc3000
370 bd dc3000
370 be dc3000
370 bf dc3000
370 c0 dc3000
370 c1 dc3000
370 c2 dc3000
370 c3 dc3000
370 c4 dc3000
370 c5 dc3000
370 c6 dc3000
370 c7 dc3000
370 c8 dc3000
370 c9 dc3000
370 ca dc3000
370 cb dc3000
370 cc dc3000
370 cd dc3000
370 ce dc3000
370 cf dc3000
370 d0 dc3000
370 d1 dc3000
370 d2 dc3000
370 d3 dc3000
370 d4 dc3000
370 d5 dc3000
370 d6 dc3000
370 d7 dc3000
370 d8 dc3000
370 d9 dc3000
370 da dc3000
370 db dc3000
370 dc dc3000
370 dd dc3000
370 de dc3000
370 df dc3000
370 e0 dc3000
370 e1 dc3000
370 e2 dc3000
370 e3 dc3000
370 e4 dc3000
370 e5 dc3000
370 e6 dc3000
370 e7 dc3000
370 e8 dc3000
370 e9 dc3000
370 ea dc3000
370 eb dc3000
370 ec dc3000
370 ed dc3000
370 ee dc3000
370 ef dc3000
370 f0 dc3000
370 f1 dc3000
370 f2 dc3000
370 f3 dc3000
370 f4 dc3000
370 f5 dc3000
370 f6 dc3000
370 f7 dc3000
370 f8 dc3000
370 f9 dc3000
370 fa dc3000
370 fb dc3000
370 fc dc3000
370 fd dc3000
370 fe dc3000
370 ff dc3000
373 00 dcf000
373 01 dcf000
373 02 dcf000
373 03 dcf000
373 04 dcf000
373 05 dcf000
373 06 dcf000
373 07 dcf000
373 08 dcf000
373 09 dcf000
373 0a dcf000
373 0b dcf000
373 0c dcf000
373 0d dcf000
373 0e dcf000
373 0f dcf000
373 10 dcf000
373 11 dcf000
373 12 dcf000
373 13 dcf000
373 14 dcf000
373 15 dcf000
373 16 dcf000
373 17 dcf000
373 18 dcf000
373 19 dcf000
373 1a dcf000
373 1b dcf000
373 1c dcf000
373 1d dcf000
373 1e dcf000
373 1f dcf000
373 20 dce080
373 21 dce080
373 22 dce080
373 23 dce080
373 24 dce080
373 25 dce080
373 26 dce080
373 27 dce080
373 28 dce080
373 29 dce080
373 2a dce080
373 2b dce080
373 2c dce080
373 2d dce080
373 2e dce080
373 2f dce080
373 30 dce080
373 31 dce080
373 32 dce080
373 33 dce080
373 34 dce080
373 35 dce080
373 36 dce080
373 37 dce080
373 38 dce080
373 39 dce080
373 3a dce080
373 3b dce080
373 3c dce080
373 3d dce080
373 3e dce080
373 3f dce080
373 40 dcf000
373 41 dcf000
373 42 dcf000
373 43 dcf000
373 44 dcf000
373 45 dcf000
373 46 dcf000
373 47 dcf000
373 48 dcf000
373 49 dcf000
373 4a dcf000
373 4b dcf000
373 4c dcf000
373 4d dcf000
373 4e dcf000
373 4f dcf000
373 50 dcf000
373 51 dcf000
373 52 dcf000
373 53 dcf000
373 54 dcf000
373 55 dcf000
373 56 dcf000
373 57 dcf000
373 58 dcf000
373 59 dcf000
373 5a dcf000
373 5b dcf000
373 5c dcf000
373 5d dcf000
373 5e dcf000
373 5f dcf000
373 60 dce080
373 61 dce080
373 62 dce080
373 63 dce080
373 64 dce080
373 65 dce080
373 66 dce080
373 67 dce080
373 68 dce080
373 69 dce080
373 6a dce080
373 6b dce080
373 6c dce080
373 6d dce080
373 6e dce080
373 6f dce080
373 70 dce080
373 71 dce080
373 72 dce080
373 73 dce080
373 74 dce080
373 75 dce080
373 76 dce080
373 77 dce080
373 78 dce080
373 79 dce080
373 7a dce080
373 7b dce080
373 7c dce080
373 7d dce080
373 7e dce080
373 7f dce080
373 80 dce200
373 81 dce200
373 82 dce200
373 83 dce200
373 84 dce200
373 85 dce200
373 86 dce200
373 87 dce200
373 88 dce200
373 89 dce200
373 8a dce200
373 8b dce200
373 8c dce200
373 8d dce200
373 8e dce200
373 8f dce200
373 90 dce200
373 91 dce200
373 92 dce200
373 93 dce200
373 94 dce200
373 95 dce200
373 96 dce200
373 97 dce200
373 98 dce200
373 99 dce200
373 9a dce200
373 9b dce200
373 9c dce200
373 9d dce200
373 9e dce200
373 9f dce200
373 a0 dce280
373 a1 dce280
373 a2 dce280
373 a3 dce280
373 a4 dce280
373 a5 dce280
373 a6 dce280
373 a7 dce280
373 a8 dce280
373 a9 dce280
373 aa dce280
373 ab dce280
373 ac dce280
373 ad dce280
373 ae dce280
373 af dce280
373 b0 dce280
373 b1 dce280
373 b2 dce280
373 b3 dce280
373 b4 dce280
373 b5 dce280
373 b6 dce280
373 b7 dce280
373 b8 dce280
373 b9 dce280
373 ba dce280
373 bb dce280
373 bc dce280
373 bd dce280
373 be dce280
373 bf dce280
373 c0 dce200
373 c1 dce200
373 c2 dce200
373 c3 dce200
373 c4 dce200
373 c5 dce200
373 c6 dce200
373 c7 dce200
373 c8 dce200
373 c9 dce200
373 ca dce200
373 cb dce200
373 cc dce200
373 cd dce200
373 ce dce200
373 cf dce200
373 d0 dce200
373 d1 dce200
373 d2 dce200
373 d3 dce200
373 d4 dce200
373 d5 dce200
373 d6 dce200
373 d7 dce200
373 d8 dce200
373 d9 dce200
373 da dce200
373 db dce200
373 dc dce200
373 dd dce200
373 de dce200
373 df dce200
373 e0 dce280
373 e1 dce280
373 e2 dce280
373 e3 dce280
373 e4 dce280
373 e5 dce280
373 e6 dce280
373 e7 dce280
373 e8 dce280
373 e9 dce280
373 ea dce280
373 eb dce280
373 ec dce280
373 ed dce280
373 ee dce280
373 ef dce280
373 f0 dce280
373 f1 dce280
373 f2 dce280
373 f3 dce280
373 f4 dce280
373 f5 dce280
373 f6 dce280
373 f7 dce280
373 f8 dce280
373 f9 dce280
373 fa dce280
373 fb dce280
373 fc dce280
373 fd dce280
373 fe dce280
373 ff dce280
371 00 dc7400
371 01 dc7400
371 02 dc7400
371 03 dc7400
371 04 dc7400
371 05 dc7400
371 06 dc7400
371 07 dc7400
371 08 dc7400
371 09 dc7400
371 0a dc7400
371 0b dc7400
371 0c dc7400
371 0d dc7400
371 0e dc7400
371 0f dc7400
371 10 dc7400
371 11 dc7400
371 12 dc7400
371 13 dc7400
371 14 dc7400
371 15 dc7400
371 16 dc7400
371 17 dc7400
371 18 dc7400
371 19 dc7400
371 1a dc7400
371 1b dc7400
371 1c dc7400
371 1d dc7400
371 1e dc7400
371 1f dc7400
371 20 dcd480
371 21 dcd480
371 22 dcd480
371 23 dcd480
371 24 dcd480
371 25 dcd480
371 26 dcd480
371 27 dcd480
371 28 dcd480
371 29 dcd480
371 2a dcd480
371 2b dcd480
371 2c dcd480
371 2d dcd480
371 2e dcd480
371 2f dcd480
371 30 dcd480
371 31 dcd480
371 32 dcd480
371 33 dcd480
371 34 dcd480
371 35 dcd480
371 36 dcd480
371 37 dcd480
371 38 dcd480
371 39 dcd480
371 3a dcd480
371 3b dcd480
371 3c dcd480
371 3d dcd480
371 3e dcd480
371 3f dcd480
371 40 dc7400
371 41 dc7400
371 42 dc7400
371 43 dc7400
371 44 dc7400
371 45 dc7400
371 46 dc7400
371 47 dc7400
371 48 dc7400
371 49 dc7400
371 4a dc7400
371 4b dc7400
371 4c dc7400
371 4d dc7400
371 4e dc7400
371 4f dc7400
371 50 dc7400
371 51 dc7400
371 52 dc7400
371 53 dc7400
371 54 dc7400
371 55 dc7400
371 56 dc7400
371 57 dc7400
371 58 dc7400
371 59 dc7400
371 5a dc7400
371 5b dc7400
371 5c dc7400
371 5d dc7400
371 5e dc7400
371 5f dc7400
371 60 dcd480
371 61 dcd480
371 62 dcd480
371 63 dcd480
371 64 dcd480
371 65 dcd480
371 66 dcd480
371 67 dcd480
371 68 dcd480
371 69 dcd480
371 6a dcd480
371 6b dcd480
371 6c dcd480
371 6d dcd480
371 6e dcd480
371 6f dcd480
371 70 dcd480
371 71 dcd480
371 72 dcd480
371 73 dcd480
371 74 dcd480
371 75 dcd480
371 76 dcd480
371 77 dcd480
371 78 dcd480
371 79 dcd480
371 7a dcd480
371 7b dcd480
371 7c dcd480
371 7d dcd480
371 7e dcd480
371 7f dcd480
371 80 dcd600
371 81 dcd600
371 82 dcd600
371 83 dcd600
371 84 dcd600
371 85 dcd600
371 86 dcd600
371 87 dcd600
371 88 dcd600
371 89 dcd600
371 8a dcd600
371 8b dcd600
371 8c dcd600
371 8d dcd600
371 8e dcd600
371 8f dcd600
371 90 dcd600
371 91 dcd600
371 92 dcd600
371 93 dcd600
371 94 dcd600
371 95 dcd600
371 96 dcd600
371 97 dcd600
371 98 dcd600
371 99 dcd600
371 9a dcd600
371 9b dcd600
371 9c dcd600
371 9d dcd600
371 9e dcd600
371 9f dcd600
371 a0 dcd680
371 a1 dcd680
371 a2 dcd680
371 a3 dcd680
371 a4 dcd680
371 a5 dcd680
371 a6 dcd680
371 a7 dcd680
371 a8 dcd680
371 a9 dcd680
371 aa dcd680
371 ab dcd680
371 ac dcd680
371 ad dcd680
371 ae dcd680
371 af dcd680
371 b0 dcd680
371 b1 dcd680
371 b2 dcd680
371 b3 dcd680
371 b4 dcd680
371 b5 dcd680
371 b6 dcd680
371 b7 dcd680
371 b8 dcd680
371 b9 dcd680
371 ba dcd680
371 bb dcd680
371 bc dcd680
371 bd dcd680
371 be dcd680
371 bf dcd680
371 c0 dcd600
371 c1 dcd600
371 c2 dcd600
371 c3 dcd600
371 c4 dcd600
371 c5 dcd600
371 c6 dcd600
371 c7 dcd600
371 c8 dcd600
371 c9 dcd600
371 ca dcd600
371 cb dcd600
371 cc dcd600
371 cd dcd600
371 ce dcd600
371 cf dcd600
371 d0 dcd600
371 d1 dcd600
371 d2 dcd600
371 d3 dcd600
371 d4 dcd600
371 d5 dcd600
371 d6 dcd600
371 d7 dcd600
371 d8 dcd600
371 d9 dcd600
371 da dcd600
371 db dcd600
371 dc dcd600
371 dd dcd600
371 de dcd600
371 df dcd600
371 e0 dcd680
371 e1 dcd680
371 e2 dcd680
371 e3 dcd680
371 e4 dcd680
371 e5 dcd680
371 e6 dcd680
371 e7 dcd680
371 e8 dcd680
371 e9 dcd680
371 ea dcd680
371 eb dcd680
371 ec dcd680
371 ed dcd680
371 ee dcd680
371 ef dcd680
371 f0 dcd680
371 f1 dcd680
371 f2 dcd680
371 f3 dcd680
371 f4 dcd680
371 f5 dcd680
371 f6 dcd680
371 f7 dcd680
371 f8 dcd680
371 f9 dcd680
371 fa dcd680
371 fb dcd680
371 fc dcd680
371 fd dcd680
371 fe dcd680
371 ff dcd680
37c 00 df3000
37c 01 df3000
37c 02 df3000
37c 03 df3000
37c 04 df3000
37c 05 df3000
37c 06 df3000
37c 07 df3000
37c 08 df3000
37c 09 df3000
37c 0a df3000
37c 0b df3000
37c 0c df3000
37c 0d df3000
37c 0e df3000
37c 0f df3000
37c 10 df3000
37c 11 df3000
37c 12 df3000
37c 13 df3000
37c 14 df3000
37c 15 df3000
37c 16 df3000
37c 17 df3000
37c 18 df3000
37c 19 df3000
37c 1a df3000
37c 1b df3000
37c 1c df3000
37c 1d df3000
37c 1e df3000
37c 1f df3000
37c 20 df2081
37c 21 df2081
37c 22 df2081
37c 23 df2081
37c 24 df2081
37c 25 df2081
37c 26 df2081
37c 27 df2081
37c 28 df2081
37c 29 df2081
37c 2a df2081
37c 2b df2081
37c 2c df2081
37c 2d df2081
37c 2e df2081
37c 2f df2081
37c 30 df2081
37c 31 df2081
37c 32 df2081
37c 33 df2081
37c 34 df2081
37c 35 df2081
37c 36 df2081
37c 37 df2081
37c 38 df2081
37c 39 df2081
37c 3a df2081
37c 3b df2081
37c 3c df2081
37c 3d df2081
37c 3e df2081
37c 3f df2081
37c 40 df3000
37c 41 df3000
37c 42 df3000
37c 43 df3000
37c 44 df3000
37c 45 df3000
37c 46 df3000
37c 47 df3000
37c 48 df3000
37c 49 df3000
37c 4a df3000
37c 4b df3000
37c 4c df3000
37c 4d df3000
37c 4e df3000
37c 4f df3000
37c 50 df3000
37c 51 df3000
37c 52 df3000
37c 53 df3000
37c 54 df3000
37c 55 df3000
37c 56 df3000
37c 57 df3000
37c 58 df3000
37c 59 df3000
37c 5a df3000
37c 5b df3000
37c 5c df3000
37c 5d df3000
37c 5e df3000
37c 5f df3000
37c 60 df2081
37c 61 df2081
37c 62 df2081
37c 63 df2081
37c 64 df2081
37c 65 df2081
37c 66 df2081
37c 67 df2081
37c 68 df2081
37c 69 df2081
37c 6a df2081
37c 6b df2081
37c 6c df2081
37c 6d df2081
37c 6e df2081
37c 6f df2081
37c 70 df2081
37c 71 df2081
37c 72 df2081
37c 73 df2081
37c 74 df2081
37c 75 df2081
37c 76 df2081
37c 77 df2081
37c 78 df2081
37c 79 df2081
37c 7a df2081
37c 7b df2081
37c 7c df2081
37c 7d df2081
37c 7e df2081
37c 7f df2081
37c 80 df2201
37c 81 df2201
37c 82 df2201
37c 83 df2201
37c 84 df2201
37c 85 df2201
37c 86 df2201
37c 87 df2201
37c 88 df2201
37c 89 df2201
37c 8a df2201
37c 8b df2201
37c 8c df2201
37c 8d df2201
37c 8e df2201
37c 8f df2201
37c 90 df2201
37c 91 df2201
37c 92 df2201
37c 93 df2201
37c 94 df2201
37c 95 df2201
37c 96 df2201
37c 97 df2201
37c 98 df2201
37c 99 df2201
37c 9a df2201
37c 9b df2201
37c 9c df2201
37c 9d df2201
37c 9e df2201
37c 9f df2201
37c a0 df2281
37c a1 df2281
37c a2 df2281
37c a3 df2281
37c a4 df2281
37c a5 df2281
37c a6 df2281
37c a7 df2281
37c a8 df2281
37c a9 df2281
37c aa df2281
37c ab df2281
37c ac df2281
37c ad df2281
37c ae df2281
37c af df2281
37c b0 df2281
37c b1 df2281
37c b2 df2281
37c b3 df2281
37c b4 df2281
37c b5 df2281
37c b6 df2281
37c b7 df2281
37c b8 df2281
37c b9 df2281
37c ba df2281
37c bb df2281
37c bc df2281
37c bd df2281
37c be df2281
37c bf df2281
37c c0 df2201
37c c1 df2201
37c c2 df2201
37c c3 df2201
37c c4 df2201
37c c5 df2201
37c c6 df2201
37c c7 df2201
37c c8 df2201
37c c9 df2201
37c ca df2201
37c cb df2201
37c cc df2201
37c cd df2201
37c ce df2201
37c cf df2201
37c d0 df2201
37c d1 df2201
37c d2 df2201
37c d3 df2201
37c d4 df2201
37c d5 df2201
37c d6 df2201
37c d7 df2201
37c d8 df2201
37c d9 df2201
37c da df2201
37c db df2201
37c dc df2201
37c dd df2201
37c de df2201
37c df df2201
37c e0 df2281
37c e1 df2281
37c e2 df2281
37c e3 df2281
37c e4 df2281
37c e5 df2281
37c e6 df2281
37c e7 df2281
37c e8 df2281
37c e9 df2281
37c ea df2281
37c eb df2281
37c ec df2281
37c ed df2281
37c ee df2281
37c ef df2281
37c f0 df2281
37c f1 df2281
37c f2 df2281
37c f3 df2281
37c f4 df2281
37c f5 df2281
37c f6 df2281
37c f7 df2281
37c f8 df2281
37c f9 df2281
37c fa df2281
37c fb df2281
37c fc df2281
37c fd df2281
37c fe df2281
37c ff df2281
37f 00 dff000
37f 01 dff000
37f 02 dff000
37f 03 dff000
37f 04 dff000
37f 05 dff000
37f 06 dff000
37f 07 dff000
37f 08 dff000
37f 09 dff000
37f 0a dff000
37f 0b dff000
37f 0c dff000
37f 0d dff000
37f 0e dff000
37f 0f dff000
37f 10 dff000
37f 11 dff000
37f 12 dff000
37f 13 dff000
37f 14 dff000
37f 15 dff000
37f 16 dff000
37f 17 dff000
37f 18 dff000
37f 19 dff000
37f 1a dff000
37f 1b dff000
37f 1c dff000
37f 1d dff000
37f 1e dff000
37f 1f dff000
37f 20 dff000
37f 21 dff000
37f 22 dff000
37f 23 dff000
37f 24 dff000
37f 25 dff000
37f 26 dff000
37f 27 dff000
37f 28 dff000
37f 29 dff000
37f 2a dff000
37f 2b dff000
37f 2c dff000
37f 2d dff000
37f 2e dff000
37f 2f dff000
37f 30 dff000
37f 31 dff000
37f 32 dff000
37f 33 dff000
37f 34 dff000
37f 35 dff000
37f 36 dff000
37f 37 dff000
37f 38 dff000
37f 39 dff000
37f 3a dff000
37f 3b dff000
37f 3c dff000
37f 3d dff000
37f 3e dff000
37f 3f dff000
37f 40 dff000
37f 41 dff000
37f 42 dff000
37f 43 dff000
37f 44 dff000
37f 45 dff000
37f 46 dff000
37f 47 dff000
37f 48 dff000
37f 49 dff000
37f 4a dff000
37f 4b dff000
37f 4c dff000
37f 4d dff000
37f 4e dff000
37f 4f dff000
37f 50 dff000
37f 51 dff000
37f 52 dff000
37f 53 dff000
37f 54 dff000
37f 55 dff000
37f 56 dff000
37f 57 dff000
37f 58 dff000
37f 59 dff000
37f 5a dff000
37f 5b dff000
37f 5c dff000
37f 5d dff000
37f 5e dff000
37f 5f dff000
37f 60 dff000
37f 61 dff000
37f 62 dff000
37f 63 dff000
37f 64 dff000
37f 65 dff000
37f 66 dff000
37f 67 dff000
37f 68 dff000
37f 69 dff000
37f 6a dff000
37f 6b dff000
37f 6c dff000
37f 6d dff000
37f 6e dff000
37f 6f dff000
37f 70 dff000
37f 71 dff000
37f 72 dff000
37f 73 dff000
37f 74 dff000
37f 75 dff000
37f 76 dff000
37f 77 dff000
37f 78 dff000
37f 79 dff000
37f 7a dff000
37f 7b dff000
37f 7c dff000
37f 7d dff000
37f 7e dff000
37f 7f dff000
37f 80 dff000
37f 81 dff000
37f 82 dff000
37f 83 dff000
37f 84 dff000
37f 85 dff000
37f 86 dff000
37f 87 dff000
37f 88 dff000
37f 89 dff000
37f 8a dff000
37f 8b dff000
37f 8c dff000
37f 8d dff000
37f 8e dff000
37f 8f dff000
37f 90 dff000
37f 91 dff000
37f 92 dff000
37f 93 dff000
37f 94 dff000
37f 95 dff000
37f 96 dff000
37f 97 dff000
37f 98 dff000
37f 99 dff000
37f 9a dff000
37f 9b dff000
37f 9c dff000
37f 9d dff000
37f 9e dff000
37f 9f dff000
37f a0 dff000
37f a1 dff000
37f a2 dff000
37f a3 dff000
37f a4 dff000
37f a5 dff000
37f a6 dff000
37f a7 dff000
37f a8 dff000
37f a9 dff000
37f aa dff000
37f ab dff000
37f ac dff000
37f ad dff000
37f ae dff000
37f af dff000
37f b0 dff000
37f b1 dff000
37f b2 dff000
37f b3 dff000
37f b4 dff000
37f b5 dff000
37f b6 dff000
37f b7 dff000
37f b8 dff000
37f b9 dff000
37f ba dff000
37f bb dff000
37f bc dff000
37f bd dff000
37f be dff000
37f bf dff000
37f c0 dff000
37f c1 dff000
37f c2 dff000
37f c3 dff000
37f c4 dff000
37f c5 dff000
37f c6 dff000
37f c7 dff000
37f c8 dff000
37f c9 dff000
37f ca dff000
37f cb dff000
37f cc dff000
37f cd dff000
37f ce dff000
37f cf dff000
37f d0 dff000
37f d1 dff000
37f d2 dff000
37f d3 dff000
37f d4 dff000
37f d5 dff000
37f d6 dff000
37f d7 dff000
37f d8 dff000
37f d9 dff000
37f da dff000
37f db dff000
37f dc dff000
37f dd dff000
37f de dff000
37f df dff000
37f e0 dff000
37f e1 dff000
37f e2 dff000
37f e3 dff000
37f e4 dff000
37f e5 dff000
37f e6 dff000
37f e7 dff000
37f e8 dff000
37f e9 dff000
37f ea dff000
37f eb dff000
37f ec dff000
37f ed dff000
37f ee dff000
37f ef dff000
37f f0 dff000
37f f1 dff000
37f f2 dff000
37f f3 dff000
37f f4 dff000
37f f5 dff000
37f f6 dff000
37f f7 dff000
37f f8 dff000
37f f9 dff000
37f fa dff000
37f fb dff000
37f fc dff000
37f fd dff000
37f fe dff000
37f ff dff000
37d 00 df7400
37d 01 df7400
37d 02 df7400
37d 03 df7400
37d 04 df7400
37d 05 df7400
37d 06 df7400
37d 07 df7400
37d 08 df7400
37d 09 df7400
37d 0a df7400
37d 0b df7400
37d 0c df7400
37d 0d df7400
37d 0e df7400
37d 0f df7400
37d 10 df7400
37d 11 df7400
37d 12 df7400
37d 13 df7400
37d 14 df7400
37d 15 df7400
37d 16 df7400
37d 17 df7400
37d 18 df7400
37d 19 df7400
37d 1a df7400
37d 1b df7400
37d 1c df7400
37d 1d df7400
37d 1e df7400
37d 1f df7400
37d 20 df1480
37d 21 df1480
37d 22 df1480
37d 23 df1480
37d 24 df1480
37d 25 df1480
37d 26 df1480
37d 27 df1480
37d 28 df1480
37d 29 df1480
37d 2a df1480
37d 2b df1480
37d 2c df1480
37d 2d df1480
37d 2e df1480
37d 2f df1480
37d 30 df1480
37d 31 df1480
37d 32 df1480
37d 33 df1480
37d 34 df1480
37d 35 df1480
37d 36 df1480
37d 37 df1480
37d 38 df1480
37d 39 df1480
37d 3a df1480
37d 3b df1480
37d 3c df1480
37d 3d df1480
37d 3e df1480
37d 3f df1480
37d 40 df7400
37d 41 df7400
37d 42 df7400
37d 43 df7400
37d 44 df7400
37d 45 df7400
37d 46 df7400
37d 47 df7400
37d 48 df7400
37d 49 df7400
37d 4a df7400
37d 4b df7400
37d 4c df7400
37d 4d df7400
37d 4e df7400
37d 4f df7400
37d 50 df7400
37d 51 df7400
37d 52 df7400
37d 53 df7400
37d 54 df7400
37d 55 df7400
37d 56 df7400
37d 57 df7400
37d 58 df7400
37d 59 df7400
37d 5a df7400
37d 5b df7400
37d 5c df7400
37d 5d df7400
37d 5e df7400
37d 5f df7400
37d 60 df1480
37d 61 df1480
37d 62 df1480
37d 63 df1480
37d 64 df1480
37d 65 df1480
37d 66 df1480
37d 67 df1480
37d 68 df1480
37d 69 df1480
37d 6a df1480
37d 6b df1480
37d 6c df1480
37d 6d df1480
37d 6e df1480
37d 6f df1480
37d 70 df1480
37d 71 df1480
37d 72 df1480
37d 73 df1480
37d 74 df1480
37d 75 df1480
37d 76 df1480
37d 77 df1480
37d 78 df1480
37d 79 df1480
37d 7a df1480
37d 7b df1480
37d 7c df1480
37d 7d df1480
37d 7e df1480
37d 7f df1480
37d 80 df1600
37d 81 df1600
37d 82 df1600
37d 83 df1600
37d 84 df1600
37d 85 df1600
37d 86 df1600
37d 87 df1600
37d 88 df1600
37d 89 df1600
37d 8a df1600
37d 8b df1600
37d 8c df1600
37d 8d df1600
37d 8e df1600
37d 8f df1600
37d 90 df1600
37d 91 df1600
37d 92 df1600
37d 93 df1600
37d 94 df1600
37d 95 df1600
37d 96 df1600
37d 97 df1600
37d 98 df1600
37d 99 df1600
37d 9a df1600
37d 9b df1600
37d 9c df1600
37d 9d df1600
37d 9e df1600
37d 9f df1600
37d a0 df1680
37d a1 df1680
37d a2 df1680
37d a3 df1680
37d a4 df1680
37d a5 df1680
37d a6 df1680
37d a7 df1680
37d a8 df1680
37d a9 df1680
37d aa df1680
37d ab df1680
37d ac df1680
37d ad df1680
37d ae df1680
37d af df1680
37d b0 df1680
37d b1 df1680
37d b2 df1680
37d b3 df1680
37d b4 df1680
37d b5 df1680
37d b6 df1680
37d b7 df1680
37d b8 df1680
37d b9 df1680
37d ba df1680
37d bb df1680
37d bc df1680
37d bd df1680
37d be df1680
37d bf df1680
37d c0 df1600
37d c1 df1600
37d c2 df1600
37d c3 df1600
37d c4 df1600
37d c5 df1600
37d c6 df1600
37d c7 df1600
37d c8 df1600
37d c9 df1600
37d ca df1600
37d cb df1600
37d cc df1600
37d cd df1600
37d ce df1600
37d cf df1600
37d d0 df1600
37d d1 df1600
37d d2 df1600
37d d3 df1600
37d d4 df1600
37d d5 df1600
37d d6 df1600
37d d7 df1600
37d d8 df1600
37d d9 df1600
37d da df1600
37d db df1600
37d dc df1600
37d dd df1600
37d de df1600
37d df df1600
37d e0 df1680
37d e1 df1680
37d e2 df1680
37d e3 df1680
37d e4 df1680
37d e5 df1680
37d e6 df1680
37d e7 df1680
37d e8 df1680
37d e9 df1680
37d ea df1680
37d eb df1680
37d ec df1680
37d ed df1680
37d ee df1680
37d ef df1680
37d f0 df1680
37d f1 df1680
37d f2 df1680
37d f3 df1680
37d f4 df1680
37d f5 df1680
37d f6 df1680
37d f7 df1680
37d f8 df1680
37d f9 df1680
37d fa df1680
37d fb df1680
37d fc df1680
37d fd df1680
37d fe df1680
37d ff df1680
374 00 dd3400
374 01 dd3400
374 02 dd3400
374 03 dd3400
374 04 dd3400
374 05 dd3400
374 06 dd3400
374 07 dd3400
374 08 dd3400
374 09 dd3400
374 0a dd3400
374 0b dd3400
374 0c dd3400
374 0d dd3400
374 0e dd3400
374 0f dd3400
374 10 dd3400
374 11 dd3400
374 12 dd3400
374 13 dd3400
374 14 dd3400
374 15 dd3400
374 16 dd3400
374 17 dd3400
374 18 dd3400
374 19 dd3400
374 1a dd3400
374 1b dd3400
374 1c dd3400
374 1d dd3400
374 1e dd3400
374 1f dd3400
374 20 df1480
374 21 df1480
374 22 df1480
374 23 df1480
374 24 df1480
374 25 df1480
374 26 df1480
374 27 df1480
374 28 df1480
374 29 df1480
374 2a df1480
374 2b df1480
374 2c df1480
374 2d df1480
374 2e df1480
374 2f df1480
374 30 df1480
374 31 df1480
374 32 df1480
374 33 df1480
374 34 df1480
374 35 df1480
374 36 df1480
374 37 df1480
374 38 df1480
374 39 df1480
374 3a df1480
374 3b df1480
374 3c df1480
374 3d df1480
374 3e df1480
374 3f df1480
374 40 dd3400
374 41 dd3400
374 42 dd3400
374 43 dd3400
374 44 dd3400
374 45 dd3400
374 46 dd3400
374 47 dd3400
374 48 dd3400
374 49 dd3400
374 4a dd3400
374 4b dd3400
374 4c dd3400
374 4d dd3400
374 4e dd3400
374 4f dd3400
374 50 dd3400
374 51 dd3400
374 52 dd3400
374 53 dd3400
374 54 dd3400
374 55 dd3400
374 56 dd3400
374 57 dd3400
374 58 dd3400
374 59 dd3400
374 5a dd3400
374 5b dd3400
374 5c dd3400
374 5d dd3400
374 5e dd3400
374 5f dd3400
374 60 df1480
374 61 df1480
374 62 df1480
374 63 df1480
374 64 df1480
374 65 df1480
374 66 df1480
374 67 df1480
374 68 df1480
374 69 df1480
374 6a df1480
374 6b df1480
374 6c df1480
374 6d df1480
374 6e df1480
374 6f df1480
374 70 df1480
374 71 df1480
374 72 df1480
374 73 df1480
374 74 df1480
374 75 df1480
374 76 df1480
374 77 df1480
374 78 df1480
374 79 df1480
374 7a df1480
374 7b df1480
374 7c df1480
374 7d df1480
374 7e df1480
374 7f df1480
374 80 df1600
374 81 df1600
374 82 df1600
374 83 df1600
374 84 df1600
374 85 df1600
374 86 df1600
374 87 df1600
374 88 df1600
374 89 df1600
374 8a df1600
374 8b df1600
374 8c df1600
374 8d df1600
374 8e df1600
374 8f df1600
374 90 df1600
374 91 df1600
374 92 df1600
374 93 df1600
374 94 df1600
374 95 df1600
374 96 df1600
374 97 df1600
374 98 df1600
374 99 df1600
374 9a df1600
374 9b df1600
374 9c df1600
374 9d df1600
374 9e df1600
374 9f df1600
374 a0 df1680
374 a1 df1680
374 a2 df1680
374 a3 df1680
374 a4 df1680
374 a5 df1680
374 a6 df1680
374 a7 df1680
374 a8 df1680
374 a9 df1680
374 aa df1680
374 ab df1680
374 ac df1680
374 ad df1680
374 ae df1680
374 af df1680
374 b0 df1680
374 b1 df1680
374 b2 df1680
374 b3 df1680
374 b4 df1680
374 b5 df1680
374 b6 df1680
374 b7 df1680
374 b8 df1680
374 b9 df1680
374 ba df1680
374 bb df1680
374 bc df1680
374 bd df1680
374 be df1680
374 bf df1680
374 c0 df1600
374 c1 df1600
374 c2 df1600
374 c3 df1600
374 c4 df1600
374 c5 df1600
374 c6 df1600
374 c7 df1600
374 c8 df1600
374 c9 df1600
374 ca df1600
374 cb df1600
374 cc df1600
374 cd df1600
374 ce df1600
374 cf df1600
374 d0 df1600
374 d1 df1600
374 d2 df1600
374 d3 df1600
374 d4 df1600
374 d5 df1600
374 d6 df1600
374 d7 df1600
374 d8 df1600
374 d9 df1600
374 da df1600
374 db df1600
374 dc df1600
374 dd df1600
374 de df1600
374 df df1600
374 e0 df1680
374 e1 df1680
374 e2 df1680
374 e3 df1680
374 e4 df1680
374 e5 df1680
374 e6 df1680
374 e7 df1680
374 e8 df1680
374 e9 df1680
374 ea df1680
374 eb df1680
374 ec df1680
374 ed df1680
374 ee df1680
374 ef df1680
374 f0 df1680
374 f1 df1680
374 f2 df1680
374 f3 df1680
374 f4 df1680
374 f5 df1680
374 f6 df1680
374 f7 df1680
374 f8 df1680
374 f9 df1680
374 fa df1680
374 fb df1680
374 fc df1680
374 fd df1680
374 fe df1680
374 ff df1680
377 00 ddf400
377 01 ddf400
377 02 ddf400
377 03 ddf400
377 04 ddf400
377 05 ddf400
377 06 ddf400
377 07 ddf400
377 08 ddf400
377 09 ddf400
377 0a ddf400
377 0b ddf400
377 0c ddf400
377 0d ddf400
377 0e ddf400
377 0f ddf400
377 10 ddf400
377 11 ddf400
377 12 ddf400
377 13 ddf400
377 14 ddf400
377 15 ddf400
377 16 ddf400
377 17 ddf400
377 18 ddf400
377 19 ddf400
377 1a ddf400
377 1b ddf400
377 1c ddf400
377 1d ddf400
377 1e ddf400
377 1f ddf400
377 20 dcd480
377 21 dcd480
377 22 dcd480
377 23 dcd480
377 24 dcd480
377 25 dcd480
377 26 dcd480
377 27 dcd480
377 28 dcd480
377 29 dcd480
377 2a dcd480
377 2b dcd480
377 2c dcd480
377 2d dcd480
377 2e dcd480
377 2f dcd480
377 30 dcd480
377 31 dcd480
377 32 dcd480
377 33 dcd480
377 34 dcd480
377 35 dcd480
377 36 dcd480
377 37 dcd480
377 38 dcd480
377 39 dcd480
377 3a dcd480
377 3b dcd480
377 3c dcd480
377 3d dcd480
377 3e dcd480
377 3f dcd480
377 40 ddf400
377 41 ddf400
377 42 ddf400
377 43 ddf400
377 44 ddf400
377 45 ddf400
377 46 ddf400
377 47 ddf400
377 48 ddf400
377 49 ddf400
377 4a ddf400
377 4b ddf400
377 4c ddf400
377 4d ddf400
377 4e ddf400
377 4f ddf400
377 50 ddf400
377 51 ddf400
377 52 ddf400
377 53 ddf400
377 54 ddf400
377 55 ddf400
377 56 ddf400
377 57 ddf400
377 58 ddf400
377 59 ddf400
377 5a ddf400
377 5b ddf400
377 5c ddf400
377 5d ddf400
377 5e ddf400
377 5f ddf400
377 60 dcd480
377 61 dcd480
377 62 dcd480
377 63 dcd480
377 64 dcd480
377 65 dcd480
377 66 dcd480
377 67 dcd480
377 68 dcd480
377 69 dcd480
377 6a dcd480
377 6b dcd480
377 6c dcd480
377 6d dcd480
377 6e dcd480
377 6f dcd480
377 70 dcd480
377 71 dcd480
377 72 dcd480
377 73 dcd480
377 74 dcd480
377 75 dcd480
377 76 dcd480
377 77 dcd480
377 78 dcd480
377 79 dcd480
377 7a dcd480
377 7b dcd480
377 7c dcd480
377 7d dcd480
377 7e dcd480
377 7f dcd480
377 80 dcd600
377 81 dcd600
377 82 dcd600
377 83 dcd600
377 84 dcd600
377 85 dcd600
377 86 dcd600
377 87 dcd600
377 88 dcd600
377 89 dcd600
377 8a dcd600
377 8b dcd600
377 8c dcd600
377 8d dcd600
377 8e dcd600
377 8f dcd600
377 90 dcd600
377 91 dcd600
377 92 dcd600
377 93 dcd600
377 94 dcd600
377 95 dcd600
377 96 dcd600
377 97 dcd600
377 98 dcd600
377 99 dcd600
377 9a dcd600
377 9b dcd600
377 9c dcd600
377 9d dcd600
377 9e dcd600
377 9f dcd600
377 a0 dcd680
377 a1 dcd680
377 a2 dcd680
377 a3 dcd680
377 a4 dcd680
377 a5 dcd680
377 a6 dcd680
377 a7 dcd680
377 a8 dcd680
377 a9 dcd680
377 aa dcd680
377 ab dcd680
377 ac dcd680
377 ad dcd680
377 ae dcd680
377 af dcd680
377 b0 dcd680
377 b1 dcd680
377 b2 dcd680
377 b3 dcd680
377 b4 dcd680
377 b5 dcd680
377 b6 dcd680
377 b7 dcd680
377 b8 dcd680
377 b9 dcd680
377 ba dcd680
377 bb dcd680
377 bc dcd680
377 bd dcd680
377 be dcd680
377 bf dcd680
377 c0 dcd600
377 c1 dcd600
377 c2 dcd600
377 c3 dcd600
377 c4 dcd600
377 c5 dcd600
377 c6 dcd600
377 c7 dcd600
377 c8 dcd600
377 c9 dcd600
377 ca dcd600
377 cb dcd600
377 cc dcd600
377 cd dcd600
377 ce dcd600
377 cf dcd600
377 d0 dcd600
377 d1 dcd600
377 d2 dcd600
377 d3 dcd600
377 d4 dcd600
377 d5 dcd600
377 d6 dcd600
377 d7 dcd600
377 d8 dcd600
377 d9 dcd600
377 da dcd600
377 db dcd600
377 dc dcd600
377 dd dcd600
377 de dcd600
377 df dcd600
377 e0 dcd680
377 e1 dcd680
377 e2 dcd680
377 e3 dcd680
377 e4 dcd680
377 e5 dcd680
377 e6 dcd680
377 e7 dcd680
377 e8 dcd680
377 e9 dcd680
377 ea dcd680
377 eb dcd680
377 ec dcd680
377 ed dcd680
377 ee dcd680
377 ef dcd680
377 f0 dcd680
377 f1 dcd680
377 f2 dcd680
377 f3 dcd680
377 f4 dcd680
377 f5 dcd680
377 f6 dcd680
377 f7 dcd680
377 f8 dcd680
377 f9 dcd680
377 fa dcd680
377 fb dcd680
377 fc dcd680
377 fd dcd680
377 fe dcd680
377 ff dcd680
375 00 dd7800
375 01 dd7800
375 02 dd7800
375 03 dd7800
375 04 dd7800
375 05 dd7800
375 06 dd7800
375 07 dd7800
375 08 dd7800
375 09 dd7800
375 0a dd7800
375 0b dd7800
375 0c dd7800
375 0d dd7800
375 0e dd7800
375 0f dd7800
375 10 dd7800
375 11 dd7800
375 12 dd7800
375 13 dd7800
375 14 dd7800
375 15 dd7800
375 16 dd7800
375 17 dd7800
375 18 dd7800
375 19 dd7800
375 1a dd7800
375 1b dd7800
375 1c dd7800
375 1d dd7800
375 1e dd7800
375 1f dd7800
375 20 dd4880
375 21 dd4880
375 22 dd4880
375 23 dd4880
375 24 dd4880
375 25 dd4880
375 26 dd4880
375 27 dd4880
375 28 dd4880
375 29 dd4880
375 2a dd4880
375 2b dd4880
375 2c dd4880
375 2d dd4880
375 2e dd4880
375 2f dd4880
375 30 dd4880
375 31 dd4880
375 32 dd4880
375 33 dd4880
375 34 dd4880
375 35 dd4880
375 36 dd4880
375 37 dd4880
375 38 dd4880
375 39 dd4880
375 3a dd4880
375 3b dd4880
375 3c dd4880
375 3d dd4880
375 3e dd4880
375 3f dd4880
375 40 dd7800
375 41 dd7800
375 42 dd7800
375 43 dd7800
375 44 dd7800
375 45 dd7800
375 46 dd7800
375 47 dd7800
375 48 dd7800
375 49 dd7800
375 4a dd7800
375 4b dd7800
375 4c dd7800
375 4d dd7800
375 4e dd7800
375 4f dd7800
375 50 dd7800
375 51 dd7800
375 52 dd7800
375 53 dd7800
375 54 dd7800
375 55 dd7800
375 56 dd7800
375 57 dd7800
375 58 dd7800
375 59 dd7800
375 5a dd7800
375 5b dd7800
375 5c dd7800
375 5d dd7800
375 5e dd7800
375 5f dd7800
375 60 dd4880
375 61 dd4880
375 62 dd4880
375 63 dd4880
375 64 dd4880
375 65 dd4880
375 66 dd4880
375 67 dd4880
375 68 dd4880
375 69 dd4880
375 6a dd4880
375 6b dd4880
375 6c dd4880
375 6d dd4880
375 6e dd4880
375 6f dd4880
375 70 dd4880
375 71 dd4880
375 72 dd4880
375 73 dd4880
375 74 dd4880
375 75 dd4880
375 76 dd4880
375 77 dd4880
375 78 dd4880
375 79 dd4880
375 7a dd4880
375 7b dd4880
375 7c dd4880
375 7d dd4880
375 7e dd4880
375 7f dd4880
375 80 dd4a00
375 81 dd4a00
375 82 dd4a00
375 83 dd4a00
375 84 dd4a00
375 85 dd4a00
375 86 dd4a00
375 87 dd4a00
375 88 dd4a00
375 89 dd4a00
375 8a dd4a00
375 8b dd4a00
375 8c dd4a00
375 8d dd4a00
375 8e dd4a00
375 8f dd4a00
375 90 dd4a00
375 91 dd4a00
375 92 dd4a00
375 93 dd4a00
375 94 dd4a00
375 95 dd4a00
375 96 dd4a00
375 97 dd4a00
375 98 dd4a00
375 99 dd4a00
375 9a dd4a00
375 9b dd4a00
375 9c dd4a00
375 9d dd4a00
375 9e dd4a00
375 9f dd4a00
375 a0 dd4a80
375 a1 dd4a80
375 a2 dd4a80
375 a3 dd4a80
375 a4 dd4a80
375 a5 dd4a80
375 a6 dd4a80
375 a7 dd4a80
375 a8 dd4a80
375 a9 dd4a80
375 aa dd4a80
375 ab dd4a80
375 ac dd4a80
375 ad dd4a80
375 ae dd4a80
375 af dd4a80
375 b0 dd4a80
375 b1 dd4a80
375 b2 dd4a80
375 b3 dd4a80
375 b4 dd4a80
375 b5 dd4a80
375 b6 dd4a80
375 b7 dd4a80
375 b8 dd4a80
375 b9 dd4a80
375 ba dd4a80
375 bb dd4a80
375 bc dd4a80
375 bd dd4a80
375 be dd4a80
375 bf dd4a80
375 c0 dd4a00
375 c1 dd4a00
375 c2 dd4a00
375 c3 dd4a00
375 c4 dd4a00
375 c5 dd4a00
375 c6 dd4a00
375 c7 dd4a00
375 c8 dd4a00
375 c9 dd4a00
375 ca dd4a00
375 cb dd4a00
375 cc dd4a00
375 cd dd4a00
375 ce dd4a00
375 cf dd4a00
375 d0 dd4a00
375 d1 dd4a00
375 d2 dd4a00
375 d3 dd4a00
375 d4 dd4a00
375 d5 dd4a00
375 d6 dd4a00
375 d7 dd4a00
375 d8 dd4a00
375 d9 dd4a00
375 da dd4a00
375 db dd4a00
375 dc dd4a00
375 dd dd4a00
375 de dd4a00
375 df dd4a00
375 e0 dd4a80
375 e1 dd4a80
375 e2 dd4a80
375 e3 dd4a80
375 e4 dd4a80
375 e5 dd4a80
375 e6 dd4a80
375 e7 dd4a80
375 e8 dd4a80
375 e9 dd4a80
375 ea dd4a80
375 eb dd4a80
375 ec dd4a80
375 ed dd4a80
375 ee dd4a80
375 ef dd4a80
375 f0 dd4a80
375 f1 dd4a80
375 f2 dd4a80
375 f3 dd4a80
375 f4 dd4a80
375 f5 dd4a80
375 f6 dd4a80
375 f7 dd4a80
375 f8 dd4a80
375 f9 dd4a80
375 fa dd4a80
375 fb dd4a80
375 fc dd4a80
375 fd dd4a80
375 fe dd4a80
375 ff dd4a80
350 00 d43400
350 01 d43400
350 02 d43400
350 03 d43400
350 04 d43400
350 05 d43400
350 06 d43400
350 07 d43400
350 08 d43400
350 09 d43400
350 0a d43400
350 0b d43400
350 0c d43400
350 0d d43400
350 0e d43400
350 0f d43400
350 10 c01440
350 11 c01440
350 12 c01440
350 13 c01440
350 14 c01440
350 15 c01440
350 16 c01440
350 17 c01440
350 18 c01440
350 19 c01440
350 1a c01440
350 1b c01440
350 1c c01440
350 1d c01440
350 1e c01440
350 1f c01440
350 20 d43400
350 21 d43400
350 22 d43400
350 23 d43400
350 24 d43400
350 25 d43400
350 26 d43400
350 27 d43400
350 28 d43400
350 29 d43400
350 2a d43400
350 2b d43400
350 2c d43400
350 2d d43400
350 2e d43400
350 2f d43400
350 30 c01440
350 31 c01440
350 32 c01440
350 33 c01440
350 34 c01440
350 35 c01440
350 36 c01440
350 37 c01440
350 38 c01440
350 39 c01440
350 3a c01440
350 3b c01440
350 3c c01440
350 3d c01440
350 3e c01440
350 3f c01440
350 40 d43400
350 41 d43400
350 42 d43400
350 43 d43400
350 44 d43400
350 45 d43400
350 46 d43400
350 47 d43400
350 48 d43400
350 49 d43400
350 4a d43400
350 4b d43400
350 4c d43400
350 4d d43400
350 4e d43400
350 4f d43400
350 50 c01440
350 51 c01440
350 52 c01440
350 53 c01440
350 54 c01440
350 55 c01440
350 56 c01440
350 57 c01440
350 58 c01440
350 59 c01440
350 5a c01440
350 5b c01440
350 5c c01440
350 5d c01440
350 5e c01440
350 5f c01440
350 60 d43400
350 61 d43400
350 62 d43400
350 63 d43400
350 64 d43400
350 65 d43400
350 66 d43400
350 67 d43400
350 68 d43400
350 69 d43400
350 6a d43400
350 6b d43400
350 6c d43400
350 6d d43400
350 6e d43400
350 6f d43400
350 70 c01440
350 71 c01440
350 72 c01440
350 73 c01440
350 74 c01440
350 75 c01440
350 76 c01440
350 77 c01440
350 78 c01440
350 79 c01440
350 7a c01440
350 7b c01440
350 7c c01440
350 7d c01440
350 7e c01440
350 7f c01440
350 80 d43400
350 81 d43400
350 82 d43400
350 83 d43400
350 84 d43400
350 85 d43400
350 86 d43400
350 87 d43400
350 88 d43400
350 89 d43400
350 8a d43400
350 8b d43400
350 8c d43400
350 8d d43400
350 8e d43400
350 8f d43400
350 90 c01440
350 91 c01440
350 92 c01440
350 93 c01440
350 94 c01440
350 95 c01440
350 96 c01440
350 97 c01440
350 98 c01440
350 99 c01440
350 9a c01440
350 9b c01440
350 9c c01440
350 9d c01440
350 9e c01440
350 9f c01440
350 a0 d43400
350 a1 d43400
350 a2 d43400
350 a3 d43400
350 a4 d43400
350 a5 d43400
350 a6 d43400
350 a7 d43400
350 a8 d43400
350 a9 d43400
350 aa d43400
350 ab d43400
350 ac d43400
350 ad d43400
350 ae d43400
350 af d43400
350 b0 c01440
350 b1 c01440
350 b2 c01440
350 b3 c01440
350 b4 c01440
350 b5 c01440
350 b6 c01440
350 b7 c01440
350 b8 c01440
350 b9 c01440
350 ba c01440
350 bb c01440
350 bc c01440
350 bd c01440
350 be c01440
350 bf c01440
350 c0 d43400
350 c1 d43400
350 c2 d43400
350 c3 d43400
350 c4 d43400
350 c5 d43400
350 c6 d43400
350 c7 d43400
350 c8 d43400
350 c9 d43400
350 ca d43400
350 cb d43400
350 cc d43400
350 cd d43400
350 ce d43400
350 cf d43400
350 d0 c01440
350 d1 c01440
350 d2 c01440
350 d3 c01440
350 d4 c01440
350 d5 c01440
350 d6 c01440
350 d7 c01440
350 d8 c01440
350 d9 c01440
350 da c01440
350 db c01440
350 dc c01440
350 dd c01440
350 de c01440
350 df c01440
350 e0 d43400
350 e1 d43400
350 e2 d43400
350 e3 d43400
350 e4 d43400
350 e5 d43400
350 e6 d43400
350 e7 d43400
350 e8 d43400
350 e9 d43400
350 ea d43400
350 eb d43400
350 ec d43400
350 ed d43400
350 ee d43400
350 ef d43400
350 f0 c01440
350 f1 c01440
350 f2 c01440
350 f3 c01440
350 f4 c01440
350 f5 c01440
350 f6 c01440
350 f7 c01440
350 f8 c01440
350 f9 c01440
350 fa c01440
350 fb c01440
350 fc c01440
350 fd c01440
350 fe c01440
350 ff c01440
353 00 d4f400
353 01 d4f400
353 02 d4f400
353 03 d4f400
353 04 d4f400
353 05 d4f400
353 06 d4f400
353 07 d4f400
353 08 d4f400
353 09 d4f400
353 0a d4f400
353 0b d4f400
353 0c d4f400
353 0d d4f400
353 0e d4f400
353 0f d4f400
353 10 d4f400
353 11 d4f400
353 12 d4f400
353 13 d4f400
353 14 d4f400
353 15 d4f400
353 16 d4f400
353 17 d4f400
353 18 d4f400
353 19 d4f400
353 1a d4f400
353 1b d4f400
353 1c d4f400
353 1d d4f400
353 1e d4f400
353 1f d4f400
353 20 ccd480
353 21 ccd480
353 22 ccd480
353 23 ccd480
353 24 ccd480
353 25 ccd480
353 26 ccd480
353 27 ccd480
353 28 ccd480
353 29 ccd480
353 2a ccd480
353 2b ccd480
353 2c ccd480
353 2d ccd480
353 2e ccd480
353 2f ccd480
353 30 ccd480
353 31 ccd480
353 32 ccd480
353 33 ccd480
353 34 ccd480
353 35 ccd480
353 36 ccd480
353 37 ccd480
353 38 ccd480
353 39 ccd480
353 3a ccd480
353 3b ccd480
353 3c ccd480
353 3d ccd480
353 3e ccd480
353 3f ccd480
353 40 f0d500
353 41 f0d500
353 42 f0d500
353 43 f0d500
353 44 f0d500
353 45 f0d500
353 46 f0d500
353 47 f0d500
353 48 f0d500
353 49 f0d500
353 4a f0d500
353 4b f0d500
353 4c f0d500
353 4d f0d500
353 4e f0d500
353 4f f0d500
353 50 f0d500
353 51 f0d500
353 52 f0d500
353 53 f0d500
353 54 f0d500
353 55 f0d500
353 56 f0d500
353 57 f0d500
353 58 f0d500
353 59 f0d500
353 5a f0d500
353 5b f0d500
353 5c f0d500
353 5d f0d500
353 5e f0d500
353 5f f0d500
353 60 d4c580
353 61 d4c580
353 62 d4c580
353 63 d4c580
353 64 d4c580
353 65 d4c580
353 66 d4c580
353 67 d4c580
353 68 d4c580
353 69 d4c580
353 6a d4c580
353 6b d4c580
353 6c d4c580
353 6d d4c580
353 6e d4c580
353 6f d4c580
353 70 d4c580
353 71 d4c580
353 72 d4c580
353 73 d4c580
353 74 d4c580
353 75 d4c580
353 76 d4c580
353 77 d4c580
353 78 d4c580
353 79 d4c580
353 7a d4c580
353 7b d4c580
353 7c d4c580
353 7d d4c580
353 7e d4c580
353 7f d4c580
353 80 fcd600
353 81 fcd600
353 82 fcd600
353 83 fcd600
353 84 fcd600
353 85 fcd600
353 86 fcd600
353 87 fcd600
353 88 fcd600
353 89 fcd600
353 8a fcd600
353 8b fcd600
353 8c fcd600
353 8d fcd600
353 8e fcd600
353 8f fcd600
353 90 fcd600
353 91 fcd600
353 92 fcd600
353 93 fcd600
353 94 fcd600
353 95 fcd600
353 96 fcd600
353 97 fcd600
353 98 fcd600
353 99 fcd600
353 9a fcd600
353 9b fcd600
353 9c fcd600
353 9d fcd600
353 9e fcd600
353 9f fcd600
353 a0 dcd680
353 a1 dcd680
353 a2 dcd680
353 a3 dcd680
353 a4 dcd680
353 a5 dcd680
353 a6 dcd680
353 a7 dcd680
353 a8 dcd680
353 a9 dcd680
353 aa dcd680
353 ab dcd680
353 ac dcd680
353 ad dcd680
353 ae dcd680
353 af dcd680
353 b0 dcd680
353 b1 dcd680
353 b2 dcd680
353 b3 dcd680
353 b4 dcd680
353 b5 dcd680
353 b6 dcd680
353 b7 dcd680
353 b8 dcd680
353 b9 dcd680
353 ba dcd680
353 bb dcd680
353 bc dcd680
353 bd dcd680
353 be dcd680
353 bf dcd680
353 c0 f4d700
353 c1 f4d700
353 c2 f4d700
353 c3 f4d700
353 c4 f4d700
353 c5 f4d700
353 c6 f4d700
353 c7 f4d700
353 c8 f4d700
353 c9 f4d700
353 ca f4d700
353 cb f4d700
353 cc f4d700
353 cd f4d700
353 ce f4d700
353 cf f4d700
353 d0 f4d700
353 d1 f4d700
353 d2 f4d700
353 d3 f4d700
353 d4 f4d700
353 d5 f4d700
353 d6 f4d700
353 d7 f4d700
353 d8 f4d700
353 d9 f4d700
353 da f4d700
353 db f4d700
353 dc f4d700
353 dd f4d700
353 de f4d700
353 df f4d700
353 e0 d4c780
353 e1 d4c780
353 e2 d4c780
353 e3 d4c780
353 e4 d4c780
353 e5 d4c780
353 e6 d4c780
353 e7 d4c780
353 e8 d4c780
353 e9 d4c780
353 ea d4c780
353 eb d4c780
353 ec d4c780
353 ed d4c780
353 ee d4c780
353 ef d4c780
353 f0 d4c780
353 f1 d4c780
353 f2 d4c780
353 f3 d4c780
353 f4 d4c780
353 f5 d4c780
353 f6 d4c780
353 f7 d4c780
353 f8 d4c780
353 f9 d4c780
353 fa d4c780
353 fb d4c780
353 fc d4c780
353 fd d4c780
353 fe d4c780
353 ff d4c780
351 00 d47800
351 01 d47800
351 02 d47800
351 03 d47800
351 04 d47800
351 05 d47800
351 06 d47800
351 07 d47800
351 08 d47800
351 09 d47800
351 0a d47800
351 0b d47800
351 0c d47800
351 0d d47800
351 0e d47800
351 0f d47800
351 10 d44840
351 11 d44840
351 12 d44840
351 13 d44840
351 14 d44840
351 15 d44840
351 16 d44840
351 17 d44840
351 18 d44840
351 19 d44840
351 1a d44840
351 1b d44840
351 1c d44840
351 1d d44840
351 1e d44840
351 1f d44840
351 20 d44880
351 21 d44880
351 22 d44880
351 23 d44880
351 24 d44880
351 25 d44880
351 26 d44880
351 27 d44880
351 28 d44880
351 29 d44880
351 2a d44880
351 2b d44880
351 2c d44880
351 2d d44880
351 2e d44880
351 2f d44880
351 30 d448c0
351 31 d448c0
351 32 d448c0
351 33 d448c0
351 34 d448c0
351 35 d448c0
351 36 d448c0
351 37 d448c0
351 38 d448c0
351 39 d448c0
351 3a d448c0
351 3b d448c0
351 3c d448c0
351 3d d448c0
351 3e d448c0
351 3f d448c0
351 40 d44900
351 41 d44900
351 42 d44900
351 43 d44900
351 44 d44900
351 45 d44900
351 46 d44900
351 47 d44900
351 48 d44900
351 49 d44900
351 4a d44900
351 4b d44900
351 4c d44900
351 4d d44900
351 4e d44900
351 4f d44900
351 50 d44940
351 51 d44940
351 52 d44940
351 53 d44940
351 54 d44940
351 55 d44940
351 56 d44940
351 57 d44940
351 58 d44940
351 59 d44940
351 5a d44940
351 5b d44940
351 5c d44940
351 5d d44940
351 5e d44940
351 5f d44940
351 60 d44980
351 61 d44980
351 62 d44980
351 63 d44980
351 64 d44980
351 65 d44980
351 66 d44980
351 67 d44980
351 68 d44980
351 69 d44980
351 6a d44980
351 6b d44980
351 6c d44980
351 6d d44980
351 6e d44980
351 6f d44980
351 70 d449c0
351 71 d449c0
351 72 d449c0
351 73 d449c0
351 74 d449c0
351 75 d449c0
351 76 d449c0
351 77 d449c0
351 78 d449c0
351 79 d449c0
351 7a d449c0
351 7b d449c0
351 7c d449c0
351 7d d449c0
351 7e d449c0
351 7f d449c0
351 80 d44a00
351 81 d44a00
351 82 d44a00
351 83 d44a00
351 84 d44a00
351 85 d44a00
351 86 d44a00
351 87 d44a00
351 88 d44a00
351 89 d44a00
351 8a d44a00
351 8b d44a00
351 8c d44a00
351 8d d44a00
351 8e d44a00
351 8f d44a00
351 90 d44a40
351 91 d44a40
351 92 d44a40
351 93 d44a40
351 94 d44a40
351 95 d44a40
351 96 d44a40
351 97 d44a40
351 98 d44a40
351 99 d44a40
351 9a d44a40
351 9b d44a40
351 9c d44a40
351 9d d44a40
351 9e d44a40
351 9f d44a40
351 a0 d44a80
351 a1 d44a80
351 a2 d44a80
351 a3 d44a80
351 a4 d44a80
351 a5 d44a80
351 a6 d44a80
351 a7 d44a80
351 a8 d44a80
351 a9 d44a80
351 aa d44a80
351 ab d44a80
351 ac d44a80
351 ad d44a80
351 ae d44a80
351 af d44a80
351 b0 d44ac0
351 b1 d44ac0
351 b2 d44ac0
351 b3 d44ac0
351 b4 d44ac0
351 b5 d44ac0
351 b6 d44ac0
351 b7 d44ac0
351 b8 d44ac0
351 b9 d44ac0
351 ba d44ac0
351 bb d44ac0
351 bc d44ac0
351 bd d44ac0
351 be d44ac0
351 bf d44ac0
351 c0 d44b00
351 c1 d44b00
351 c2 d44b00
351 c3 d44b00
351 c4 d44b00
351 c5 d44b00
351 c6 d44b00
351 c7 d44b00
351 c8 d44b00
351 c9 d44b00
351 ca d44b00
351 cb d44b00
351 cc d44b00
351 cd d44b00
351 ce d44b00
351 cf d44b00
351 d0 d44b40
351 d1 d44b40
351 d2 d44b40
351 d3 d44b40
351 d4 d44b40
351 d5 d44b40
351 d6 d44b40
351 d7 d44b40
351 d8 d44b40
351 d9 d44b40
351 da d44b40
351 db d44b40
351 dc d44b40
351 dd d44b40
351 de d44b40
351 df d44b40
351 e0 d44b80
351 e1 d44b80
351 e2 d44b80
351 e3 d44b80
351 e4 d44b80
351 e5 d44b80
351 e6 d44b80
351 e7 d44b80
351 e8 d44b80
351 e9 d44b80
351 ea d44b80
351 eb d44b80
351 ec d44b80
351 ed d44b80
351 ee d44b80
351 ef d44b80
351 f0 d44bc0
351 f1 d44bc0
351 f2 d44bc0
351 f3 d44bc0
351 f4 d44bc0
351 f5 d44bc0
351 f6 d44bc0
351 f7 d44bc0
351 f8 d44bc0
351 f9 d44bc0
351 fa d44bc0
351 fb d44bc0
351 fc d44bc0
351 fd d44bc0
351 fe d44bc0
351 ff d44bc0
35c 00 d73400
35c 01 d73400
35c 02 d73400
35c 03 d73400
35c 04 d73400
35c 05 d73400
35c 06 d73400
35c 07 d73400
35c 08 d73400
35c 09 d73400
35c 0a d73400
35c 0b d73400
35c 0c d73400
35c 0d d73400
35c 0e d73400
35c 0f d73400
35c 10 d73400
35c 11 d73400
35c 12 d73400
35c 13 d73400
35c 14 d73400
35c 15 d73400
35c 16 d73400
35c 17 d73400
35c 18 d73400
35c 19 d73400
35c 1a d73400
35c 1b d73400
35c 1c d73400
35c 1d d73400
35c 1e d73400
35c 1f d73400
35c 20 cf1480
35c 21 cf1480
35c 22 cf1480
35c 23 cf1480
35c 24 cf1480
35c 25 cf1480
35c 26 cf1480
35c 27 cf1480
35c 28 cf1480
35c 29 cf1480
35c 2a cf1480
35c 2b cf1480
35c 2c cf1480
35c 2d cf1480
35c 2e cf1480
35c 2f cf1480
35c 30 cf1480
35c 31 cf1480
35c 32 cf1480
35c 33 cf1480
35c 34 cf1480
35c 35 cf1480
35c 36 cf1480
35c 37 cf1480
35c 38 cf1480
35c 39 cf1480
35c 3a cf1480
35c 3b cf1480
35c 3c cf1480
35c 3d cf1480
35c 3e cf1480
35c 3f cf1480
35c 40 f31500
35c 41 f31500
35c 42 f31500
35c 43 f31500
35c 44 f31500
35c 45 f31500
35c 46 f31500
35c 47 f31500
35c 48 f31500
35c 49 f31500
35c 4a f31500
35c 4b f31500
35c 4c f31500
35c 4d f31500
35c 4e f31500
35c 4f f31500
35c 50 f31500
35c 51 f31500
35c 52 f31500
35c 53 f31500
35c 54 f31500
35c 55 f31500
35c 56 f31500
35c 57 f31500
35c 58 f31500
35c 59 f31500
35c 5a f31500
35c 5b f31500
35c 5c f31500
35c 5d f31500
35c 5e f31500
35c 5f f31500
35c 60 d70580
35c 61 d70580
35c 62 d70580
35c 63 d70580
35c 64 d70580
35c 65 d70580
35c 66 d70580
35c 67 d70580
35c 68 d70580
35c 69 d70580
35c 6a d70580
35c 6b d70580
35c 6c d70580
35c 6d d70580
35c 6e d70580
35c 6f d70580
35c 70 d70580
35c 71 d70580
35c 72 d70580
35c 73 d70580
35c 74 d70580
35c 75 d70580
35c 76 d70580
35c 77 d70580
35c 78 d70580
35c 79 d70580
35c 7a d70580
35c 7b d70580
35c 7c d70580
35c 7d d70580
35c 7e d70580
35c 7f d70580
35c 80 ff1600
35c 81 ff1600
35c 82 ff1600
35c 83 ff1600
35c 84 ff1600
35c 85 ff1600
35c 86 ff1600
35c 87 ff1600
35c 88 ff1600
35c 89 ff1600
35c 8a ff1600
35c 8b ff1600
35c 8c ff1600
35c 8d ff1600
35c 8e ff1600
35c 8f ff1600
35c 90 ff1600
35c 91 ff1600
35c 92 ff1600
35c 93 ff1600
35c 94 ff1600
35c 95 ff1600
35c 96 ff1600
35c 97 ff1600
35c 98 ff1600
35c 99 ff1600
35c 9a ff1600
35c 9b ff1600
35c 9c ff1600
35c 9d ff1600
35c 9e ff1600
35c 9f ff1600
35c a0 df1680
35c a1 df1680
35c a2 df1680
35c a3 df1680
35c a4 df1680
35c a5 df1680
35c a6 df1680
35c a7 df1680
35c a8 df1680
35c a9 df1680
35c aa df1680
35c ab df1680
35c ac df1680
35c ad df1680
35c ae df1680
35c af df1680
35c b0 df1680
35c b1 df1680
35c b2 df1680
35c b3 df1680
35c b4 df1680
35c b5 df1680
35c b6 df1680
35c b7 df1680
35c b8 df1680
35c b9 df1680
35c ba df1680
35c bb df1680
35c bc df1680
35c bd df1680
35c be df1680
35c bf df1680
35c c0 f71700
35c c1 f71700
35c c2 f71700
35c c3 f71700
35c c4 f71700
35c c5 f71700
35c c6 f71700
35c c7 f71700
35c c8 f71700
35c c9 f71700
35c ca f71700
35c cb f71700
35c cc f71700
35c cd f71700
35c ce f71700
35c cf f71700
35c d0 f71700
35c d1 f71700
35c d2 f71700
35c d3 f71700
35c d4 f71700
35c d5 f71700
35c d6 f71700
35c d7 f71700
35c d8 f71700
35c d9 f71700
35c da f71700
35c db f71700
35c dc f71700
35c dd f71700
35c de f71700
35c df f71700
35c e0 d70780
35c e1 d70780
35c e2 d70780
35c e3 d70780
35c e4 d70780
35c e5 d70780
35c e6 d70780
35c e7 d70780
35c e8 d70780
35c e9 d70780
35c ea d70780
35c eb d70780
35c ec d70780
35c ed d70780
35c ee d70780
35c ef d70780
35c f0 d70780
35c f1 d70780
35c f2 d70780
35c f3 d70780
35c f4 d70780
35c f5 d70780
35c f6 d70780
35c f7 d70780
35c f8 d70780
35c f9 d70780
35c fa d70780
35c fb d70780
35c fc d70780
35c fd d70780
35c fe d70780
35c ff d70780
35f 00 d7f400
35f 01 d7f400
35f 02 d7f400
35f 03 d7f400
35f 04 d7f400
35f 05 d7f400
35f 06 d7f400
35f 07 d7f400
35f 08 d7f400
35f 09 d7f400
35f 0a d7f400
35f 0b d7f400
35f 0c d7f400
35f 0d d7f400
35f 0e d7f400
35f 0f d7f400
35f 10 c3d440
35f 11 c3d440
35f 12 c3d440
35f 13 c3d440
35f 14 c3d440
35f 15 c3d440
35f 16 c3d440
35f 17 c3d440
35f 18 c3d440
35f 19 c3d440
35f 1a c3d440
35f 1b c3d440
35f 1c c3d440
35f 1d c3d440
35f 1e c3d440
35f 1f c3d440
35f 20 d7f400
35f 21 d7f400
35f 22 d7f400
35f 23 d7f400
35f 24 d7f400
35f 25 d7f400
35f 26 d7f400
35f 27 d7f400
35f 28 d7f400
35f 29 d7f400
35f 2a d7f400
35f 2b d7f400
35f 2c d7f400
35f 2d d7f400
35f 2e d7f400
35f 2f d7f400
35f 30 c3d440
35f 31 c3d440
35f 32 c3d440
35f 33 c3d440
35f 34 c3d440
35f 35 c3d440
35f 36 c3d440
35f 37 c3d440
35f 38 c3d440
35f 39 c3d440
35f 3a c3d440
35f 3b c3d440
35f 3c c3d440
35f 3d c3d440
35f 3e c3d440
35f 3f c3d440
35f 40 d7f400
35f 41 d7f400
35f 42 d7f400
35f 43 d7f400
35f 44 d7f400
35f 45 d7f400
35f 46 d7f400
35f 47 d7f400
35f 48 d7f400
35f 49 d7f400
35f 4a d7f400
35f 4b d7f400
35f 4c d7f400
35f 4d d7f400
35f 4e d7f400
35f 4f d7f400
35f 50 c3d440
35f 51 c3d440
35f 52 c3d440
35f 53 c3d440
35f 54 c3d440
35f 55 c3d440
35f 56 c3d440
35f 57 c3d440
35f 58 c3d440
35f 59 c3d440
35f 5a c3d440
35f 5b c3d440
35f 5c c3d440
35f 5d c3d440
35f 5e c3d440
35f 5f c3d440
35f 60 d7f400
35f 61 d7f400
35f 62 d7f400
35f 63 d7f400
35f 64 d7f400
35f 65 d7f400
35f 66 d7f400
35f 67 d7f400
35f 68 d7f400
35f 69 d7f400
35f 6a d7f400
35f 6b d7f400
35f 6c d7f400
35f 6d d7f400
35f 6e d7f400
35f 6f d7f400
35f 70 c3d440
35f 71 c3d440
35f 72 c3d440
35f 73 c3d440
35f 74 c3d440
35f 75 c3d440
35f 76 c3d440
35f 77 c3d440
35f 78 c3d440
35f 79 c3d440
35f 7a c3d440
35f 7b c3d440
35f 7c c3d440
35f 7d c3d440
35f 7e c3d440
35f 7f c3d440
35f 80 d7f400
35f 81 d7f400
35f 82 d7f400
35f 83 d7f400
35f 84 d7f400
35f 85 d7f400
35f 86 d7f400
35f 87 d7f400
35f 88 d7f400
35f 89 d7f400
35f 8a d7f400
35f 8b d7f400
35f 8c d7f400
35f 8d d7f400
35f 8e d7f400
35f 8f d7f400
35f 90 c3d440
35f 91 c3d440
35f 92 c3d440
35f 93 c3d440
35f 94 c3d440
35f 95 c3d440
35f 96 c3d440
35f 97 c3d440
35f 98 c3d440
35f 99 c3d440
35f 9a c3d440
35f 9b c3d440
35f 9c c3d440
35f 9d c3d440
35f 9e c3d440
35f 9f c3d440
35f a0 d7f400
35f a1 d7f400
35f a2 d7f400
35f a3 d7f400
35f a4 d7f400
35f a5 d7f400
35f a6 d7f400
35f a7 d7f400
35f a8 d7f400
35f a9 d7f400
35f aa d7f400
35f ab d7f400
35f ac d7f400
35f ad d7f400
35f ae d7f400
35f af d7f400
35f b0 c3d440
35f b1 c3d440
35f b2 c3d440
35f b3 c3d440
35f b4 c3d440
35f b5 c3d440
35f b6 c3d440
35f b7 c3d440
35f b8 c3d440
35f b9 c3d440
35f ba c3d440
35f bb c3d440
35f bc c3d440
35f bd c3d440
35f be c3d440
35f bf c3d440
35f c0 d7f400
35f c1 d7f400
35f c2 d7f400
35f c3 d7f400
35f c4 d7f400
35f c5 d7f400
35f c6 d7f400
35f c7 d7f400
35f c8 d7f400
35f c9 d7f400
35f ca d7f400
35f cb d7f400
35f cc d7f400
35f cd d7f400
35f ce d7f400
35f cf d7f400
35f d0 c3d440
35f d1 c3d440
35f d2 c3d440
35f d3 c3d440
35f d4 c3d440
35f d5 c3d440
35f d6 c3d440
35f d7 c3d440
35f d8 c3d440
35f d9 c3d440
35f da c3d440
35f db c3d440
35f dc c3d440
35f dd c3d440
35f de c3d440
35f df c3d440
35f e0 d7f400
35f e1 d7f400
35f e2 d7f400
35f e3 d7f400
35f e4 d7f400
35f e5 d7f400
35f e6 d7f400
35f e7 d7f400
35f e8 d7f400
35f e9 d7f400
35f ea d7f400
35f eb d7f400
35f ec d7f400
35f ed d7f400
35f ee d7f400
35f ef d7f400
35f f0 c3d440
35f f1 c3d440
35f f2 c3d440
35f f3 c3d440
35f f4 c3d440
35f f5 c3d440
35f f6 c3d440
35f f7 c3d440
35f f8 c3d440
35f f9 c3d440
35f fa c3d440
35f fb c3d440
35f fc c3d440
35f fd c3d440
35f fe c3d440
35f ff c3d440
35d 00 d77800
35d 01 d77800
35d 02 d77800
35d 03 d77800
35d 04 d77800
35d 05 d77800
35d 06 d77800
35d 07 d77800
35d 08 d77800
35d 09 d77800
35d 0a d77800
35d 0b d77800
35d 0c d77800
35d 0d d77800
35d 0e d77800
35d 0f d77800
35d 10 d74840
35d 11 d74840
35d 12 d74840
35d 13 d74840
35d 14 d74840
35d 15 d74840
35d 16 d74840
35d 17 d74840
35d 18 d74840
35d 19 d74840
35d 1a d74840
35d 1b d74840
35d 1c d74840
35d 1d d74840
35d 1e d74840
35d 1f d74840
35d 20 d74880
35d 21 d74880
35d 22 d74880
35d 23 d74880
35d 24 d74880
35d 25 d74880
35d 26 d74880
35d 27 d74880
35d 28 d74880
35d 29 d74880
35d 2a d74880
35d 2b d74880
35d 2c d74880
35d 2d d74880
35d 2e d74880
35d 2f d74880
35d 30 d748c0
35d 31 d748c0
35d 32 d748c0
35d 33 d748c0
35d 34 d748c0
35d 35 d748c0
35d 36 d748c0
35d 37 d748c0
35d 38 d748c0
35d 39 d748c0
35d 3a d748c0
35d 3b d748c0
35d 3c d748c0
35d 3d d748c0
35d 3e d748c0
35d 3f d748c0
35d 40 d74900
35d 41 d74900
35d 42 d74900
35d 43 d74900
35d 44 d74900
35d 45 d74900
35d 46 d74900
35d 47 d74900
35d 48 d74900
35d 49 d74900
35d 4a d74900
35d 4b d74900
35d 4c d74900
35d 4d d74900
35d 4e d74900
35d 4f d74900
35d 50 d74940
35d 51 d74940
35d 52 d74940
35d 53 d74940
35d 54 d74940
35d 55 d74940
35d 56 d74940
35d 57 d74940
35d 58 d74940
35d 59 d74940
35d 5a d74940
35d 5b d74940
35d 5c d74940
35d 5d d74940
35d 5e d74940
35d 5f d74940
35d 60 d74980
35d 61 d74980
35d 62 d74980
35d 63 d74980
35d 64 d74980
35d 65 d74980
35d 66 d74980
35d 67 d74980
35d 68 d74980
35d 69 d74980
35d 6a d74980
35d 6b d74980
35d 6c d74980
35d 6d d74980
35d 6e d74980
35d 6f d74980
35d 70 d749c0
35d 71 d749c0
35d 72 d749c0
35d 73 d749c0
35d 74 d749c0
35d 75 d749c0
35d 76 d749c0
35d 77 d749c0
35d 78 d749c0
35d 79 d749c0
35d 7a d749c0
35d 7b d749c0
35d 7c d749c0
35d 7d d749c0
35d 7e d749c0
35d 7f d749c0
35d 80 d74a00
35d 81 d74a00
35d 82 d74a00
35d 83 d74a00
35d 84 d74a00
35d 85 d74a00
35d 86 d74a00
35d 87 d74a00
35d 88 d74a00
35d 89 d74a00
35d 8a d74a00
35d 8b d74a00
35d 8c d74a00
35d 8d d74a00
35d 8e d74a00
35d 8f d74a00
35d 90 d74a40
35d 91 d74a40
35d 92 d74a40
35d 93 d74a40
35d 94 d74a40
35d 95 d74a40
35d 96 d74a40
35d 97 d74a40
35d 98 d74a40
35d 99 d74a40
35d 9a d74a40
35d 9b d74a40
35d 9c d74a40
35d 9d d74a40
35d 9e d74a40
35d 9f d74a40
35d a0 d74a80
35d a1 d74a80
35d a2 d74a80
35d a3 d74a80
35d a4 d74a80
35d a5 d74a80
35d a6 d74a80
35d a7 d74a80
35d a8 d74a80
35d a9 d74a80
35d aa d74a80
35d ab d74a80
35d ac d74a80
35d ad d74a80
35d ae d74a80
35d af d74a80
35d b0 d74ac0
35d b1 d74ac0
35d b2 d74ac0
35d b3 d74ac0
35d b4 d74ac0
35d b5 d74ac0
35d b6 d74ac0
35d b7 d74ac0
35d b8 d74ac0
35d b9 d74ac0
35d ba d74ac0
35d bb d74ac0
35d bc d74ac0
35d bd d74ac0
35d be d74ac0
35d bf d74ac0
35d c0 d74b00
35d c1 d74b00
35d c2 d74b00
35d c3 d74b00
35d c4 d74b00
35d c5 d74b00
35d c6 d74b00
35d c7 d74b00
35d c8 d74b00
35d c9 d74b00
35d ca d74b00
35d cb d74b00
35d cc d74b00
35d cd d74b00
35d ce d74b00
35d cf d74b00
35d d0 d74b40
35d d1 d74b40
35d d2 d74b40
35d d3 d74b40
35d d4 d74b40
35d d5 d74b40
35d d6 d74b40
35d d7 d74b40
35d d8 d74b40
35d d9 d74b40
35d da d74b40
35d db d74b40
35d dc d74b40
35d dd d74b40
35d de d74b40
35d df d74b40
35d e0 d74b80
35d e1 d74b80
35d e2 d74b80
35d e3 d74b80
35d e4 d74b80
35d e5 d74b80
35d e6 d74b80
35d e7 d74b80
35d e8 d74b80
35d e9 d74b80
35d ea d74b80
35d eb d74b80
35d ec d74b80
35d ed d74b80
35d ee d74b80
35d ef d74b80
35d f0 d74bc0
35d f1 d74bc0
35d f2 d74bc0
35d f3 d74bc0
35d f4 d74bc0
35d f5 d74bc0
35d f6 d74bc0
35d f7 d74bc0
35d f8 d74bc0
35d f9 d74bc0
35d fa d74bc0
35d fb d74bc0
35d fc d74bc0
35d fd d74bc0
35d fe d74bc0
35d ff d74bc0
354 00 d53800
354 01 d53800
354 02 d53800
354 03 d53800
354 04 d53800
354 05 d53800
354 06 d53800
354 07 d53800
354 08 d53800
354 09 d53800
354 0a d53800
354 0b d53800
354 0c d53800
354 0d d53800
354 0e d53800
354 0f d53800
354 10 d50840
354 11 d50840
354 12 d50840
354 13 d50840
354 14 d50840
354 15 d50840
354 16 d50840
354 17 d50840
354 18 d50840
354 19 d50840
354 1a d50840
354 1b d50840
354 1c d50840
354 1d d50840
354 1e d50840
354 1f d50840
354 20 d50880
354 21 d50880
354 22 d50880
354 23 d50880
354 24 d50880
354 25 d50880
354 26 d50880
354 27 d50880
354 28 d50880
354 29 d50880
354 2a d50880
354 2b d50880
354 2c d50880
354 2d d50880
354 2e d50880
354 2f d50880
354 30 d508c0
354 31 d508c0
354 32 d508c0
354 33 d508c0
354 34 d508c0
354 35 d508c0
354 36 d508c0
354 37 d508c0
354 38 d508c0
354 39 d508c0
354 3a d508c0
354 3b d508c0
354 3c d508c0
354 3d d508c0
354 3e d508c0
354 3f d508c0
354 40 d50900
354 41 d50900
354 42 d50900
354 43 d50900
354 44 d50900
354 45 d50900
354 46 d50900
354 47 d50900
354 48 d50900
354 49 d50900
354 4a d50900
354 4b d50900
354 4c d50900
354 4d d50900
354 4e d50900
354 4f d50900
354 50 d50940
354 51 d50940
354 52 d50940
354 53 d50940
354 54 d50940
354 55 d50940
354 56 d50940
354 57 d50940
354 58 d50940
354 59 d50940
354 5a d50940
354 5b d50940
354 5c d50940
354 5d d50940
354 5e d50940
354 5f d50940
354 60 d50980
354 61 d50980
354 62 d50980
354 63 d50980
354 64 d50980
354 65 d50980
354 66 d50980
354 67 d50980
354 68 d50980
354 69 d50980
354 6a d50980
354 6b d50980
354 6c d50980
354 6d d50980
354 6e d50980
354 6f d50980
354 70 d509c0
354 71 d509c0
354 72 d509c0
354 73 d509c0
354 74 d509c0
354 75 d509c0
354 76 d509c0
354 77 d509c0
354 78 d509c0
354 79 d509c0
354 7a d509c0
354 7b d509c0
354 7c d509c0
354 7d d509c0
354 7e d509c0
354 7f d509c0
354 80 d50a00
354 81 d50a00
354 82 d50a00
354 83 d50a00
354 84 d50a00
354 85 d50a00
354 86 d50a00
354 87 d50a00
354 88 d50a00
354 89 d50a00
354 8a d50a00
354 8b d50a00
354 8c d50a00
354 8d d50a00
354 8e d50a00
354 8f d50a00
354 90 d50a40
354 91 d50a40
354 92 d50a40
354 93 d50a40
354 94 d50a40
354 95 d50a40
354 96 d50a40
354 97 d50a40
354 98 d50a40
354 99 d50a40
354 9a d50a40
354 9b d50a40
354 9c d50a40
354 9d d50a40
354 9e d50a40
354 9f d50a40
354 a0 d50a80
354 a1 d50a80
354 a2 d50a80
354 a3 d50a80
354 a4 d50a80
354 a5 d50a80
354 a6 d50a80
354 a7 d50a80
354 a8 d50a80
354 a9 d50a80
354 aa d50a80
354 ab d50a80
354 ac d50a80
354 ad d50a80
354 ae d50a80
354 af d50a80
354 b0 d50ac0
354 b1 d50ac0
354 b2 d50ac0
354 b3 d50ac0
354 b4 d50ac0
354 b5 d50ac0
354 b6 d50ac0
354 b7 d50ac0
354 b8 d50ac0
354 b9 d50ac0
354 ba d50ac0
354 bb d50ac0
354 bc d50ac0
354 bd d50ac0
354 be d50ac0
354 bf d50ac0
354 c0 d50b00
354 c1 d50b00
354 c2 d50b00
354 c3 d50b00
354 c4 d50b00
354 c5 d50b00
354 c6 d50b00
354 c7 d50b00
354 c8 d50b00
354 c9 d50b00
354 ca d50b00
354 cb d50b00
354 cc d50b00
354 cd d50b00
354 ce d50b00
354 cf d50b00
354 d0 d50b40
354 d1 d50b40
354 d2 d50b40
354 d3 d50b40
354 d4 d50b40
354 d5 d50b40
354 d6 d50b40
354 d7 d50b40
354 d8 d50b40
354 d9 d50b40
354 da d50b40
354 db d50b40
354 dc d50b40
354 dd d50b40
354 de d50b40
354 df d50b40
354 e0 d50b80
354 e1 d50b80
354 e2 d50b80
354 e3 d50b80
354 e4 d50b80
354 e5 d50b80
354 e6 d50b80
354 e7 d50b80
354 e8 d50b80
354 e9 d50b80
354 ea d50b80
354 eb d50b80
354 ec d50b80
354 ed d50b80
354 ee d50b80
354 ef d50b80
354 f0 d50bc0
354 f1 d50bc0
354 f2 d50bc0
354 f3 d50bc0
354 f4 d50bc0
354 f5 d50bc0
354 f6 d50bc0
354 f7 d50bc0
354 f8 d50bc0
354 f9 d50bc0
354 fa d50bc0
354 fb d50bc0
354 fc d50bc0
354 fd d50bc0
354 fe d50bc0
354 ff d50bc0
357 00 d5f800
357 01 d5f800
357 02 d5f800
357 03 d5f800
357 04 d5f800
357 05 d5f800
357 06 d5f800
357 07 d5f800
357 08 d5f800
357 09 d5f800
357 0a d5f800
357 0b d5f800
357 0c d5f800
357 0d d5f800
357 0e d5f800
357 0f d5f800
357 10 d5c840
357 11 d5c840
357 12 d5c840
357 13 d5c840
357 14 d5c840
357 15 d5c840
357 16 d5c840
357 17 d5c840
357 18 d5c840
357 19 d5c840
357 1a d5c840
357 1b d5c840
357 1c d5c840
357 1d d5c840
357 1e d5c840
357 1f d5c840
357 20 d5c880
357 21 d5c880
357 22 d5c880
357 23 d5c880
357 24 d5c880
357 25 d5c880
357 26 d5c880
357 27 d5c880
357 28 d5c880
357 29 d5c880
357 2a d5c880
357 2b d5c880
357 2c d5c880
357 2d d5c880
357 2e d5c880
357 2f d5c880
357 30 d5c8c0
357 31 d5c8c0
357 32 d5c8c0
357 33 d5c8c0
357 34 d5c8c0
357 35 d5c8c0
357 36 d5c8c0
357 37 d5c8c0
357 38 d5c8c0
357 39 d5c8c0
357 3a d5c8c0
357 3b d5c8c0
357 3c d5c8c0
357 3d d5c8c0
357 3e d5c8c0
357 3f d5c8c0
357 40 d5c900
357 41 d5c900
357 42 d5c900
357 43 d5c900
357 44 d5c900
357 45 d5c900
357 46 d5c900
357 47 d5c900
357 48 d5c900
357 49 d5c900
357 4a d5c900
357 4b d5c900
357 4c d5c900
357 4d d5c900
357 4e d5c900
357 4f d5c900
357 50 d5c940
357 51 d5c940
357 52 d5c940
357 53 d5c940
357 54 d5c940
357 55 d5c940
357 56 d5c940
357 57 d5c940
357 58 d5c940
357 59 d5c940
357 5a d5c940
357 5b d5c940
357 5c d5c940
357 5d d5c940
357 5e d5c940
357 5f d5c940
357 60 d5c980
357 61 d5c980
357 62 d5c980
357 63 d5c980
357 64 d5c980
357 65 d5c980
357 66 d5c980
357 67 d5c980
357 68 d5c980
357 69 d5c980
357 6a d5c980
357 6b d5c980
357 6c d5c980
357 6d d5c980
357 6e d5c980
357 6f d5c980
357 70 d5c9c0
357 71 d5c9c0
357 72 d5c9c0
357 73 d5c9c0
357 74 d5c9c0
357 75 d5c9c0
357 76 d5c9c0
357 77 d5c9c0
357 78 d5c9c0
357 79 d5c9c0
357 7a d5c9c0
357 7b d5c9c0
357 7c d5c9c0
357 7d d5c9c0
357 7e d5c9c0
357 7f d5c9c0
357 80 d5ca00
357 81 d5ca00
357 82 d5ca00
357 83 d5ca00
357 84 d5ca00
357 85 d5ca00
357 86 d5ca00
357 87 d5ca00
357 88 d5ca00
357 89 d5ca00
357 8a d5ca00
357 8b d5ca00
357 8c d5ca00
357 8d d5ca00
357 8e d5ca00
357 8f d5ca00
357 90 d5ca40
357 91 d5ca40
357 92 d5ca40
357 93 d5ca40
357 94 d5ca40
357 95 d5ca40
357 96 d5ca40
357 97 d5ca40
357 98 d5ca40
357 99 d5ca40
357 9a d5ca40
357 9b d5ca40
357 9c d5ca40
357 9d d5ca40
357 9e d5ca40
357 9f d5ca40
357 a0 d5ca80
357 a1 d5ca80
357 a2 d5ca80
357 a3 d5ca80
357 a4 d5ca80
357 a5 d5ca80
357 a6 d5ca80
357 a7 d5ca80
357 a8 d5ca80
357 a9 d5ca80
357 aa d5ca80
357 ab d5ca80
357 ac d5ca80
357 ad d5ca80
357 ae d5ca80
357 af d5ca80
357 b0 d5cac0
357 b1 d5cac0
357 b2 d5cac0
357 b3 d5cac0
357 b4 d5cac0
357 b5 d5cac0
357 b6 d5cac0
357 b7 d5cac0
357 b8 d5cac0
357 b9 d5cac0
357 ba d5cac0
357 bb d5cac0
357 bc d5cac0
357 bd d5cac0
357 be d5cac0
357 bf d5cac0
357 c0 d5cb00
357 c1 d5cb00
357 c2 d5cb00
357 c3 d5cb00
357 c4 d5cb00
357 c5 d5cb00
357 c6 d5cb00
357 c7 d5cb00
357 c8 d5cb00
357 c9 d5cb00
357 ca d5cb00
357 cb d5cb00
357 cc d5cb00
357 cd d5cb00
357 ce d5cb00
357 cf d5cb00
357 d0 d5cb40
357 d1 d5cb40
357 d2 d5cb40
357 d3 d5cb40
357 d4 d5cb40
357 d5 d5cb40
357 d6 d5cb40
357 d7 d5cb40
357 d8 d5cb40
357 d9 d5cb40
357 da d5cb40
357 db d5cb40
357 dc d5cb40
357 dd d5cb40
357 de d5cb40
357 df d5cb40
357 e0 d5cb80
357 e1 d5cb80
357 e2 d5cb80
357 e3 d5cb80
357 e4 d5cb80
357 e5 d5cb80
357 e6 d5cb80
357 e7 d5cb80
357 e8 d5cb80
357 e9 d5cb80
357 ea d5cb80
357 eb d5cb80
357 ec d5cb80
357 ed d5cb80
357 ee d5cb80
357 ef d5cb80
357 f0 d5cbc0
357 f1 d5cbc0
357 f2 d5cbc0
357 f3 d5cbc0
357 f4 d5cbc0
357 f5 d5cbc0
357 f6 d5cbc0
357 f7 d5cbc0
357 f8 d5cbc0
357 f9 d5cbc0
357 fa d5cbc0
357 fb d5cbc0
357 fc d5cbc0
357 fd d5cbc0
357 fe d5cbc0
357 ff d5cbc0
355 00 d57c00
355 01 d57c00
355 02 d57c00
355 03 d57c00
355 04 d57c00
355 05 d57c00
355 06 d57c00
355 07 d57c00
355 08 d57c00
355 09 d57c00
355 0a d57c00
355 0b d57c00
355 0c d57c00
355 0d d57c00
355 0e d57c00
355 0f d57c00
355 10 d54c40
355 11 d54c40
355 12 d54c40
355 13 d54c40
355 14 d54c40
355 15 d54c40
355 16 d54c40
355 17 d54c40
355 18 d54c40
355 19 d54c40
355 1a d54c40
355 1b d54c40
355 1c d54c40
355 1d d54c40
355 1e d54c40
355 1f d54c40
355 20 d54c80
355 21 d54c80
355 22 d54c80
355 23 d54c80
355 24 d54c80
355 25 d54c80
355 26 d54c80
355 27 d54c80
355 28 d54c80
355 29 d54c80
355 2a d54c80
355 2b d54c80
355 2c d54c80
355 2d d54c80
355 2e d54c80
355 2f d54c80
355 30 d54cc0
355 31 d54cc0
355 32 d54cc0
355 33 d54cc0
355 34 d54cc0
355 35 d54cc0
355 36 d54cc0
355 37 d54cc0
355 38 d54cc0
355 39 d54cc0
355 3a d54cc0
355 3b d54cc0
355 3c d54cc0
355 3d d54cc0
355 3e d54cc0
355 3f d54cc0
355 40 d54d00
355 41 d54d00
355 42 d54d00
355 43 d54d00
355 44 d54d00
355 45 d54d00
355 46 d54d00
355 47 d54d00
355 48 d54d00
355 49 d54d00
355 4a d54d00
355 4b d54d00
355 4c d54d00
355 4d d54d00
355 4e d54d00
355 4f d54d00
355 50 d54d40
355 51 d54d40
355 52 d54d40
355 53 d54d40
355 54 d54d40
355 55 d54d40
355 56 d54d40
355 57 d54d40
355 58 d54d40
355 59 d54d40
355 5a d54d40
355 5b d54d40
355 5c d54d40
355 5d d54d40
355 5e d54d40
355 5f d54d40
355 60 d54d80
355 61 d54d80
355 62 d54d80
355 63 d54d80
355 64 d54d80
355 65 d54d80
355 66 d54d80
355 67 d54d80
355 68 d54d80
355 69 d54d80
355 6a d54d80
355 6b d54d80
355 6c d54d80
355 6d d54d80
355 6e d54d80
355 6f d54d80
355 70 d54dc0
355 71 d54dc0
355 72 d54dc0
355 73 d54dc0
355 74 d54dc0
355 75 d54dc0
355 76 d54dc0
355 77 d54dc0
355 78 d54dc0
355 79 d54dc0
355 7a d54dc0
355 7b d54dc0
355 7c d54dc0
355 7d d54dc0
355 7e d54dc0
355 7f d54dc0
355 80 d54e00
355 81 d54e00
355 82 d54e00
355 83 d54e00
355 84 d54e00
355 85 d54e00
355 86 d54e00
355 87 d54e00
355 88 d54e00
355 89 d54e00
355 8a d54e00
355 8b d54e00
355 8c d54e00
355 8d d54e00
355 8e d54e00
355 8f d54e00
355 90 d54e40
355 91 d54e40
355 92 d54e40
355 93 d54e40
355 94 d54e40
355 95 d54e40
355 96 d54e40
355 97 d54e40
355 98 d54e40
355 99 d54e40
355 9a d54e40
355 9b d54e40
355 9c d54e40
355 9d d54e40
355 9e d54e40
355 9f d54e40
355 a0 d54e80
355 a1 d54e80
355 a2 d54e80
355 a3 d54e80
355 a4 d54e80
355 a5 d54e80
355 a6 d54e80
355 a7 d54e80
355 a8 d54e80
355 a9 d54e80
355 aa d54e80
355 ab d54e80
355 ac d54e80
355 ad d54e80
355 ae d54e80
355 af d54e80
355 b0 d54ec0
355 b1 d54ec0
355 b2 d54ec0
355 b3 d54ec0
355 b4 d54ec0
355 b5 d54ec0
355 b6 d54ec0
355 b7 d54ec0
355 b8 d54ec0
355 b9 d54ec0
355 ba d54ec0
355 bb d54ec0
355 bc d54ec0
355 bd d54ec0
355 be d54ec0
355 bf d54ec0
355 c0 d54f00
355 c1 d54f00
355 c2 d54f00
355 c3 d54f00
355 c4 d54f00
355 c5 d54f00
355 c6 d54f00
355 c7 d54f00
355 c8 d54f00
355 c9 d54f00
355 ca d54f00
355 cb d54f00
355 cc d54f00
355 cd d54f00
355 ce d54f00
355 cf d54f00
355 d0 d54f40
355 d1 d54f40
355 d2 d54f40
355 d3 d54f40
355 d4 d54f40
355 d5 d54f40
355 d6 d54f40
355 d7 d54f40
355 d8 d54f40
355 d9 d54f40
355 da d54f40
355 db d54f40
355 dc d54f40
355 dd d54f40
355 de d54f40
355 df d54f40
355 e0 d54f80
355 e1 d54f80
355 e2 d54f80
355 e3 d54f80
355 e4 d54f80
355 e5 d54f80
355 e6 d54f80
355 e7 d54f80
355 e8 d54f80
355 e9 d54f80
355 ea d54f80
355 eb d54f80
355 ec d54f80
355 ed d54f80
355 ee d54f80
355 ef d54f80
355 f0 d54fc0
355 f1 d54fc0
355 f2 d54fc0
355 f3 d54fc0
355 f4 d54fc0
355 f5 d54fc0
355 f6 d54fc0
355 f7 d54fc0
355 f8 d54fc0
355 f9 d54fc0
355 fa d54fc0
355 fb d54fc0
355 fc d54fc0
355 fd d54fc0
355 fe d54fc0
355 ff d54fc0
100 00 403000
100 01 402005
100 02 403000
100 03 402005
100 04 403000
100 05 402005
100 06 403000
100 07 402005
100 08 403000
100 09 402005
100 0a 403000
100 0b 402005
100 0c 403000
100 0d 402005
100 0e 403000
100 0f 402005
100 10 402041
100 11 402045
100 12 402041
100 13 402045
100 14 402041
100 15 402045
100 16 402041
100 17 402045
100 18 402041
100 19 402045
100 1a 402041
100 1b 402045
100 1c 402041
100 1d 402045
100 1e 402041
100 1f 402045
100 20 403000
100 21 402005
100 22 403000
100 23 402005
100 24 403000
100 25 402005
100 26 403000
100 27 402005
100 28 403000
100 29 402005
100 2a 403000
100 2b 402005
100 2c 403000
100 2d 402005
100 2e 403000
100 2f 402005
100 30 402041
100 31 402045
100 32 402041
100 33 402045
100 34 402041
100 35 402045
100 36 402041
100 37 402045
100 38 402041
100 39 402045
100 3a 402041
100 3b 402045
100 3c 402041
100 3d 402045
100 3e 402041
100 3f 402045
100 40 403000
100 41 402005
100 42 403000
100 43 402005
100 44 403000
100 45 402005
100 46 403000
100 47 402005
100 48 403000
100 49 402005
100 4a 403000
100 4b 402005
100 4c 403000
100 4d 402005
100 4e 403000
100 4f 402005
100 50 402041
100 51 402045
100 52 402041
100 53 402045
100 54 402041
100 55 402045
100 56 402041
100 57 402045
100 58 402041
100 59 402045
100 5a 402041
100 5b 402045
100 5c 402041
100 5d 402045
100 5e 402041
100 5f 402045
100 60 403000
100 61 402005
100 62 403000
100 63 402005
100 64 403000
100 65 402005
100 66 403000
100 67 402005
100 68 403000
100 69 402005
100 6a 403000
100 6b 402005
100 6c 403000
100 6d 402005
100 6e 403000
100 6f 402005
100 70 402041
100 71 402045
100 72 402041
100 73 402045
100 74 402041
100 75 402045
100 76 402041
100 77 402045
100 78 402041
100 79 402045
100 7a 402041
100 7b 402045
100 7c 402041
100 7d 402045
100 7e 402041
100 7f 402045
100 80 403000
100 81 402005
100 82 403000
100 83 402005
100 84 403000
100 85 402005
100 86 403000
100 87 402005
100 88 403000
100 89 402005
100 8a 403000
100 8b 402005
100 8c 403000
100 8d 402005
100 8e 403000
100 8f 402005
100 90 402041
100 91 402045
100 92 402041
100 93 402045
100 94 402041
100 95 402045
100 96 402041
100 97 402045
100 98 402041
100 99 402045
100 9a 402041
100 9b 402045
100 9c 402041
100 9d 402045
100 9e 402041
100 9f 402045
100 a0 403000
100 a1 402005
100 a2 403000
100 a3 402005
100 a4 403000
100 a5 402005
100 a6 403000
100 a7 402005
100 a8 403000
100 a9 402005
100 aa 403000
100 ab 402005
100 ac 403000
100 ad 402005
100 ae 403000
100 af 402005
100 b0 402041
100 b1 402045
100 b2 402041
100 b3 402045
100 b4 402041
100 b5 402045
100 b6 402041
100 b7 402045
100 b8 402041
100 b9 402045
100 ba 402041
100 bb 402045
100 bc 402041
100 bd 402045
100 be 402041
100 bf 402045
100 c0 403000
100 c1 402005
100 c2 403000
100 c3 402005
100 c4 403000
100 c5 402005
100 c6 403000
100 c7 402005
100 c8 403000
100 c9 402005
100 ca 403000
100 cb 402005
100 cc 403000
100 cd 402005
100 ce 403000
100 cf 402005
100 d0 402041
100 d1 402045
100 d2 402041
100 d3 402045
100 d4 402041
100 d5 402045
100 d6 402041
100 d7 402045
100 d8 402041
100 d9 402045
100 da 402041
100 db 402045
100 dc 402041
100 dd 402045
100 de 402041
100 df 402045
100 e0 403000
100 e1 402005
100 e2 403000
100 e3 402005
100 e4 403000
100 e5 402005
100 e6 403000
100 e7 402005
100 e8 403000
100 e9 402005
100 ea 403000
100 eb 402005
100 ec 403000
100 ed 402005
100 ee 403000
100 ef 402005
100 f0 402041
100 f1 402045
100 f2 402041
100 f3 402045
100 f4 402041
100 f5 402045
100 f6 402041
100 f7 402045
100 f8 402041
100 f9 402045
100 fa 402041
100 fb 402045
100 fc 402041
100 fd 402045
100 fe 402041
100 ff 402045
103 00 40f000
103 01 40f000
103 02 40f000
103 03 40f000
103 04 40f000
103 05 40f000
103 06 40f000
103 07 40f000
103 08 40f000
103 09 40f000
103 0a 40f000
103 0b 40f000
103 0c 40f000
103 0d 40f000
103 0e 40f000
103 0f 40f000
103 10 40f000
103 11 40f000
103 12 40f000
103 13 40f000
103 14 40f000
103 15 40f000
103 16 40f000
103 17 40f000
103 18 40f000
103 19 40f000
103 1a 40f000
103 1b 40f000
103 1c 40f000
103 1d 40f000
103 1e 40f000
103 1f 40f000
103 20 40f000
103 21 40f000
103 22 40f000
103 23 40f000
103 24 40f000
103 25 40f000
103 26 40f000
103 27 40f000
103 28 40f000
103 29 40f000
103 2a 40f000
103 2b 40f000
103 2c 40f000
103 2d 40f000
103 2e 40f000
103 2f 40f000
103 30 40f000
103 31 40f000
103 32 40f000
103 33 40f000
103 34 40f000
103 35 40f000
103 36 40f000
103 37 40f000
103 38 40f000
103 39 40f000
103 3a 40f000
103 3b 40f000
103 3c 40f000
103 3d 40f000
103 3e 40f000
103 3f 40f000
103 40 40f000
103 41 40f000
103 42 40f000
103 43 40f000
103 44 40f000
103 45 40f000
103 46 40f000
103 47 40f000
103 48 40f000
103 49 40f000
103 4a 40f000
103 4b 40f000
103 4c 40f000
103 4d 40f000
103 4e 40f000
103 4f 40f000
103 50 40f000
103 51 40f000
103 52 40f000
103 53 40f000
103 54 40f000
103 55 40f000
103 56 40f000
103 57 40f000
103 58 40f000
103 59 40f000
103 5a 40f000
103 5b 40f000
103 5c 40f000
103 5d 40f000
103 5e 40f000
103 5f 40f000
103 60 40f000
103 61 40f000
103 62 40f000
103 63 40f000
103 64 40f000
103 65 40f000
103 66 40f000
103 67 40f000
103 68 40f000
103 69 40f000
103 6a 40f000
103 6b 40f000
103 6c 40f000
103 6d 40f000
103 6e 40f000
103 6f 40f000
103 70 40f000
103 71 40f000
103 72 40f000
103 73 40f000
103 74 40f000
103 75 40f000
103 76 40f000
103 77 40f000
103 78 40f000
103 79 40f000
103 7a 40f000
103 7b 40f000
103 7c 40f000
103 7d 40f000
103 7e 40f000
103 7f 40f000
103 80 40f000
103 81 40f000
103 82 40f000
103 83 40f000
103 84 40f000
103 85 40f000
103 86 40f000
103 87 40f000
103 88 40f000
103 89 40f000
103 8a 40f000
103 8b 40f000
103 8c 40f000
103 8d 40f000
103 8e 40f000
103 8f 40f000
103 90 40f000
103 91 40f000
103 92 40f000
103 93 40f000
103 94 40f000
103 95 40f000
103 96 40f000
103 97 40f000
103 98 40f000
103 99 40f000
103 9a 40f000
103 9b 40f000
103 9c 40f000
103 9d 40f000
103 9e 40f000
103 9f 40f000
103 a0 40f000
103 a1 40f000
103 a2 40f000
103 a3 40f000
103 a4 40f000
103 a5 40f000
103 a6 40f000
103 a7 40f000
103 a8 40f000
103 a9 40f000
103 aa 40f000
103 ab 40f000
103 ac 40f000
103 ad 40f000
103 ae 40f000
103 af 40f000
103 b0 40f000
103 b1 40f000
103 b2 40f000
103 b3 40f000
103 b4 40f000
103 b5 40f000
103 b6 40f000
103 b7 40f000
103 b8 40f000
103 b9 40f000
103 ba 40f000
103 bb 40f000
103 bc 40f000
103 bd 40f000
103 be 40f000
103 bf 40f000
103 c0 40f000
103 c1 40f000
103 c2 40f000
103 c3 40f000
103 c4 40f000
103 c5 40f000
103 c6 40f000
103 c7 40f000
103 c8 40f000
103 c9 40f000
103 ca 40f000
103 cb 40f000
103 cc 40f000
103 cd 40f000
103 ce 40f000
103 cf 40f000
103 d0 40f000
103 d1 40f000
103 d2 40f000
103 d3 40f000
103 d4 40f000
103 d5 40f000
103 d6 40f000
103 d7 40f000
103 d8 40f000
103 d9 40f000
103 da 40f000
103 db 40f000
103 dc 40f000
103 dd 40f000
103 de 40f000
103 df 40f000
103 e0 40f000
103 e1 40f000
103 e2 40f000
103 e3 40f000
103 e4 40f000
103 e5 40f000
103 e6 40f000
103 e7 40f000
103 e8 40f000
103 e9 40f000
103 ea 40f000
103 eb 40f000
103 ec 40f000
103 ed 40f000
103 ee 40f000
103 ef 40f000
103 f0 40f000
103 f1 40f000
103 f2 40f000
103 f3 40f000
103 f4 40f000
103 f5 40f000
103 f6 40f000
103 f7 40f000
103 f8 40f000
103 f9 40f000
103 fa 40f000
103 fb 40f000
103 fc 40f000
103 fd 40f000
103 fe 40f000
103 ff 40f000
101 00 407400
101 01 401404
101 02 407400
101 03 401404
101 04 407400
101 05 401404
101 06 407400
101 07 401404
101 08 407400
101 09 401404
101 0a 407400
101 0b 401404
101 0c 407400
101 0d 401404
101 0e 407400
101 0f 401404
101 10 401440
101 11 401444
101 12 401440
101 13 401444
101 14 401440
101 15 401444
101 16 401440
101 17 401444
101 18 401440
101 19 401444
101 1a 401440
101 1b 401444
101 1c 401440
101 1d 401444
101 1e 401440
101 1f 401444
101 20 407400
101 21 401404
101 22 407400
101 23 401404
101 24 407400
101 25 401404
101 26 407400
101 27 401404
101 28 407400
101 29 401404
101 2a 407400
101 2b 401404
101 2c 407400
101 2d 401404
101 2e 407400
101 2f 401404
101 30 401440
101 31 401444
101 32 401440
101 33 401444
101 34 401440
101 35 401444
101 36 401440
101 37 401444
101 38 401440
101 39 401444
101 3a 401440
101 3b 401444
101 3c 401440
101 3d 401444
101 3e 401440
101 3f 401444
101 40 407400
101 41 401404
101 42 407400
101 43 401404
101 44 407400
101 45 401404
101 46 407400
101 47 401404
101 48 407400
101 49 401404
101 4a 407400
101 4b 401404
101 4c 407400
101 4d 401404
101 4e 407400
101 4f 401404
101 50 401440
101 51 401444
101 52 401440
101 53 401444
101 54 401440
101 55 401444
101 56 401440
101 57 401444
101 58 401440
101 59 401444
101 5a 401440
101 5b 401444
101 5c 401440
101 5d 401444
101 5e 401440
101 5f 401444
101 60 407400
101 61 401404
101 62 407400
101 63 401404
101 64 407400
101 65 401404
101 66 407400
101 67 401404
101 68 407400
101 69 401404
101 6a 407400
101 6b 401404
101 6c 407400
101 6d 401404
101 6e 407400
101 6f 401404
101 70 401440
101 71 401444
101 72 401440
101 73 401444
101 74 401440
101 75 401444
101 76 401440
101 77 401444
101 78 401440
101 79 401444
101 7a 401440
101 7b 401444
101 7c 401440
101 7d 401444
101 7e 401440
101 7f 401444
101 80 407400
101 81 401404
101 82 407400
101 83 401404
101 84 407400
101 85 401404
101 86 407400
101 87 401404
101 88 407400
101 89 401404
101 8a 407400
101 8b 401404
101 8c 407400
101 8d 401404
101 8e 407400
101 8f 401404
101 90 401440
101 91 401444
101 92 401440
101 93 401444
101 94 401440
101 95 401444
101 96 401440
101 97 401444
101 98 401440
101 99 401444
101 9a 401440
101 9b 401444
101 9c 401440
101 9d 401444
101 9e 401440
101 9f 401444
101 a0 407400
101 a1 401404
101 a2 407400
101 a3 401404
101 a4 407400
101 a5 401404
101 a6 407400
101 a7 401404
101 a8 407400
101 a9 401404
101 aa 407400
101 ab 401404
101 ac 407400
101 ad 401404
101 ae 407400
101 af 401404
101 b0 401440
101 b1 401444
101 b2 401440
101 b3 401444
101 b4 401440
101 b5 401444
101 b6 401440
101 b7 401444
101 b8 401440
101 b9 401444
101 ba 401440
101 bb 401444
101 bc 401440
101 bd 401444
101 be 401440
101 bf 401444
101 c0 407400
101 c1 401404
101 c2 407400
101 c3 401404
101 c4 407400
101 c5 401404
101 c6 407400
101 c7 401404
101 c8 407400
101 c9 401404
101 ca 407400
101 cb 401404
101 cc 407400
101 cd 401404
101 ce 407400
101 cf 401404
101 d0 401440
101 d1 401444
101 d2 401440
101 d3 401444
101 d4 401440
101 d5 401444
101 d6 401440
101 d7 401444
101 d8 401440
101 d9 401444
101 da 401440
101 db 401444
101 dc 401440
101 dd 401444
101 de 401440
101 df 401444
101 e0 407400
101 e1 401404
101 e2 407400
101 e3 401404
101 e4 407400
101 e5 401404
101 e6 407400
101 e7 401404
101 e8 407400
101 e9 401404
101 ea 407400
101 eb 401404
101 ec 407400
101 ed 401404
101 ee 407400
101 ef 401404
101 f0 401440
101 f1 401444
101 f2 401440
101 f3 401444
101 f4 401440
101 f5 401444
101 f6 401440
101 f7 401444
101 f8 401440
101 f9 401444
101 fa 401440
101 fb 401444
101 fc 401440
101 fd 401444
101 fe 401440
101 ff 401444
10c 00 433000
10c 01 433000
10c 02 433000
10c 03 433000
10c 04 433000
10c 05 433000
10c 06 433000
10c 07 433000
10c 08 433000
10c 09 433000
10c 0a 433000
10c 0b 433000
10c 0c 433000
10c 0d 433000
10c 0e 433000
10c 0f 433000
10c 10 433000
10c 11 433000
10c 12 433000
10c 13 433000
10c 14 433000
10c 15 433000
10c 16 433000
10c 17 433000
10c 18 433000
10c 19 433000
10c 1a 433000
10c 1b 433000
10c 1c 433000
10c 1d 433000
10c 1e 433000
10c 1f 433000
10c 20 433000
10c 21 433000
10c 22 433000
10c 23 433000
10c 24 433000
10c 25 433000
10c 26 433000
10c 27 433000
10c 28 433000
10c 29 433000
10c 2a 433000
10c 2b 433000
10c 2c 433000
10c 2d 433000
10c 2e 433000
10c 2f 433000
10c 30 433000
10c 31 433000
10c 32 433000
10c 33 433000
10c 34 433000
10c 35 433000
10c 36 433000
10c 37 433000
10c 38 433000
10c 39 433000
10c 3a 433000
10c 3b 433000
10c 3c 433000
10c 3d 433000
10c 3e 433000
10c 3f 433000
10c 40 433000
10c 41 433000
10c 42 433000
10c 43 433000
10c 44 433000
10c 45 433000
10c 46 433000
10c 47 433000
10c 48 433000
10c 49 433000
10c 4a 433000
10c 4b 433000
10c 4c 433000
10c 4d 433000
10c 4e 433000
10c 4f 433000
10c 50 433000
10c 51 433000
10c 52 433000
10c 53 433000
10c 54 433000
10c 55 433000
10c 56 433000
10c 57 433000
10c 58 433000
10c 59 433000
10c 5a 433000
10c 5b 433000
10c 5c 433000
10c 5d 433000
10c 5e 433000
10c 5f 433000
10c 60 433000
10c 61 433000
10c 62 433000
10c 63 433000
10c 64 433000
10c 65 433000
10c 66 433000
10c 67 433000
10c 68 433000
10c 69 433000
10c 6a 433000
10c 6b 433000
10c 6c 433000
10c 6d 433000
10c 6e 433000
10c 6f 433000
10c 70 433000
10c 71 433000
10c 72 433000
10c 73 433000
10c 74 433000
10c 75 433000
10c 76 433000
10c 77 433000
10c 78 433000
10c 79 433000
10c 7a 433000
10c 7b 433000
10c 7c 433000
10c 7d 433000
10c 7e 433000
10c 7f 433000
10c 80 433000
10c 81 433000
10c 82 433000
10c 83 433000
10c 84 433000
10c 85 433000
10c 86 433000
10c 87 433000
10c 88 433000
10c 89 433000
10c 8a 433000
10c 8b 433000
10c 8c 433000
10c 8d 433000
10c 8e 433000
10c 8f 433000
10c 90 433000
10c 91 433000
10c 92 433000
10c 93 433000
10c 94 433000
10c 95 433000
10c 96 433000
10c 97 433000
10c 98 433000
10c 99 433000
10c 9a 433000
10c 9b 433000
10c 9c 433000
10c 9d 433000
10c 9e 433000
10c 9f 433000
10c a0 433000
10c a1 433000
10c a2 433000
10c a3 433000
10c a4 433000
10c a5 433000
10c a6 433000
10c a7 433000
10c a8 433000
10c a9 433000
10c aa 433000
10c ab 433000
10c ac 433000
10c ad 433000
10c ae 433000
10c af 433000
10c b0 433000
10c b1 433000
10c b2 433000
10c b3 433000
10c b4 433000
10c b5 433000
10c b6 433000
10c b7 433000
10c b8 433000
10c b9 433000
10c ba 433000
10c bb 433000
10c bc 433000
10c bd 433000
10c be 433000
10c bf 433000
10c c0 433000
10c c1 433000
10c c2 433000
10c c3 433000
10c c4 433000
10c c5 433000
10c c6 433000
10c c7 433000
10c c8 433000
10c c9 433000
10c ca 433000
10c cb 433000
10c cc 433000
10c cd 433000
10c ce 433000
10c cf 433000
10c d0 433000
10c d1 433000
10c d2 433000
10c d3 433000
10c d4 433000
10c d5 433000
10c d6 433000
10c d7 433000
10c d8 433000
10c d9 433000
10c da 433000
10c db 433000
10c dc 433000
10c dd 433000
10c de 433000
10c df 433000
10c e0 433000
10c e1 433000
10c e2 433000
10c e3 433000
10c e4 433000
10c e5 433000
10c e6 433000
10c e7 433000
10c e8 433000
10c e9 433000
10c ea 433000
10c eb 433000
10c ec 433000
10c ed 433000
10c ee 433000
10c ef 433000
10c f0 433000
10c f1 433000
10c f2 433000
10c f3 433000
10c f4 433000
10c f5 433000
10c f6 433000
10c f7 433000
10c f8 433000
10c f9 433000
10c fa 433000
10c fb 433000
10c fc 433000
10c fd 433000
10c fe 433000
10c ff 433000
10f 00 43f000
10f 01 43e004
10f 02 43f000
10f 03 43e004
10f 04 43f000
10f 05 43e004
10f 06 43f000
10f 07 43e004
10f 08 43f000
10f 09 43e004
10f 0a 43f000
10f 0b 43e004
10f 0c 43f000
10f 0d 43e004
10f 0e 43f000
10f 0f 43e004
10f 10 43e040
10f 11 43e044
10f 12 43e040
10f 13 43e044
10f 14 43e040
10f 15 43e044
10f 16 43e040
10f 17 43e044
10f 18 43e040
10f 19 43e044
10f 1a 43e040
10f 1b 43e044
10f 1c 43e040
10f 1d 43e044
10f 1e 43e040
10f 1f 43e044
10f 20 43f000
10f 21 43e004
10f 22 43f000
10f 23 43e004
10f 24 43f000
10f 25 43e004
10f 26 43f000
10f 27 43e004
10f 28 43f000
10f 29 43e004
10f 2a 43f000
10f 2b 43e004
10f 2c 43f000
10f 2d 43e004
10f 2e 43f000
10f 2f 43e004
10f 30 43e040
10f 31 43e044
10f 32 43e040
10f 33 43e044
10f 34 43e040
10f 35 43e044
10f 36 43e040
10f 37 43e044
10f 38 43e040
10f 39 43e044
10f 3a 43e040
10f 3b 43e044
10f 3c 43e040
10f 3d 43e044
10f 3e 43e040
10f 3f 43e044
10f 40 43f000
10f 41 43e004
10f 42 43f000
10f 43 43e004
10f 44 43f000
10f 45 43e004
10f 46 43f000
10f 47 43e004
10f 48 43f000
10f 49 43e004
10f 4a 43f000
10f 4b 43e004
10f 4c 43f000
10f 4d 43e004
10f 4e 43f000
10f 4f 43e004
10f 50 43e040
10f 51 43e044
10f 52 43e040
10f 53 43e044
10f 54 43e040
10f 55 43e044
10f 56 43e040
10f 57 43e044
10f 58 43e040
10f 59 43e044
10f 5a 43e040
10f 5b 43e044
10f 5c 43e040
10f 5d 43e044
10f 5e 43e040
10f 5f 43e044
10f 60 43f000
10f 61 43e004
10f 62 43f000
10f 63 43e004
10f 64 43f000
10f 65 43e004
10f 66 43f000
10f 67 43e004
10f 68 43f000
10f 69 43e004
10f 6a 43f000
10f 6b 43e004
10f 6c 43f000
10f 6d 43e004
10f 6e 43f000
10f 6f 43e004
10f 70 43e040
10f 71 43e044
10f 72 43e040
10f 73 43e044
10f 74 43e040
10f 75 43e044
10f 76 43e040
10f 77 43e044
10f 78 43e040
10f 79 43e044
10f 7a 43e040
10f 7b 43e044
10f 7c 43e040
10f 7d 43e044
10f 7e 43e040
10f 7f 43e044
10f 80 43f000
10f 81 43e004
10f 82 43f000
10f 83 43e004
10f 84 43f000
10f 85 43e004
10f 86 43f000
10f 87 43e004
10f 88 43f000
10f 89 43e004
10f 8a 43f000
10f 8b 43e004
10f 8c 43f000
10f 8d 43e004
10f 8e 43f000
10f 8f 43e004
10f 90 43e040
10f 91 43e044
10f 92 43e040
10f 93 43e044
10f 94 43e040
10f 95 43e044
10f 96 43e040
10f 97 43e044
10f 98 43e040
10f 99 43e044
10f 9a 43e040
10f 9b 43e044
10f 9c 43e040
10f 9d 43e044
10f 9e 43e040
10f 9f 43e044
10f a0 43f000
10f a1 43e004
10f a2 43f000
10f a3 43e004
10f a4 43f000
10f a5 43e004
10f a6 43f000
10f a7 43e004
10f a8 43f000
10f a9 43e004
10f aa 43f000
10f ab 43e004
10f ac 43f000
10f ad 43e004
10f ae 43f000
10f af 43e004
10f b0 43e040
10f b1 43e044
10f b2 43e040
10f b3 43e044
10f b4 43e040
10f b5 43e044
10f b6 43e040
10f b7 43e044
10f b8 43e040
10f b9 43e044
10f ba 43e040
10f bb 43e044
10f bc 43e040
10f bd 43e044
10f be 43e040
10f bf 43e044
10f c0 43f000
10f c1 43e004
10f c2 43f000
10f c3 43e004
10f c4 43f000
10f c5 43e004
10f c6 43f000
10f c7 43e004
10f c8 43f000
10f c9 43e004
10f ca 43f000
10f cb 43e004
10f cc 43f000
10f cd 43e004
10f ce 43f000
10f cf 43e004
10f d0 43e040
10f d1 43e044
10f d2 43e040
10f d3 43e044
10f d4 43e040
10f d5 43e044
10f d6 43e040
10f d7 43e044
10f d8 43e040
10f d9 43e044
10f da 43e040
10f db 43e044
10f dc 43e040
10f dd 43e044
10f de 43e040
10f df 43e044
10f e0 43f000
10f e1 43e004
10f e2 43f000
10f e3 43e004
10f e4 43f000
10f e5 43e004
10f e6 43f000
10f e7 43e004
10f e8 43f000
10f e9 43e004
10f ea 43f000
10f eb 43e004
10f ec 43f000
10f ed 43e004
10f ee 43f000
10f ef 43e004
10f f0 43e040
10f f1 43e044
10f f2 43e040
10f f3 43e044
10f f4 43e040
10f f5 43e044
10f f6 43e040
10f f7 43e044
10f f8 43e040
10f f9 43e044
10f fa 43e040
10f fb 43e044
10f fc 43e040
10f fd 43e044
10f fe 43e040
10f ff 43e044
10d 00 437400
10d 01 43d404
10d 02 437400
10d 03 43d404
10d 04 437400
10d 05 43d404
10d 06 437400
10d 07 43d404
10d 08 437400
10d 09 43d404
10d 0a 437400
10d 0b 43d404
10d 0c 437400
10d 0d 43d404
10d 0e 437400
10d 0f 43d404
10d 10 43d440
10d 11 43d444
10d 12 43d440
10d 13 43d444
10d 14 43d440
10d 15 43d444
10d 16 43d440
10d 17 43d444
10d 18 43d440
10d 19 43d444
10d 1a 43d440
10d 1b 43d444
10d 1c 43d440
10d 1d 43d444
10d 1e 43d440
10d 1f 43d444
10d 20 437400
10d 21 43d404
10d 22 437400
10d 23 43d404
10d 24 437400
10d 25 43d404
10d 26 437400
10d 27 43d404
10d 28 437400
10d 29 43d404
10d 2a 437400
10d 2b 43d404
10d 2c 437400
10d 2d 43d404
10d 2e 437400
10d 2f 43d404
10d 30 43d440
10d 31 43d444
10d 32 43d440
10d 33 43d444
10d 34 43d440
10d 35 43d444
10d 36 43d440
10d 37 43d444
10d 38 43d440
10d 39 43d444
10d 3a 43d440
10d 3b 43d444
10d 3c 43d440
10d 3d 43d444
10d 3e 43d440
10d 3f 43d444
10d 40 437400
10d 41 43d404
10d 42 437400
10d 43 43d404
10d 44 437400
10d 45 43d404
10d 46 437400
10d 47 43d404
10d 48 437400
10d 49 43d404
10d 4a 437400
10d 4b 43d404
10d 4c 437400
10d 4d 43d404
10d 4e 437400
10d 4f 43d404
10d 50 43d440
10d 51 43d444
10d 52 43d440
10d 53 43d444
10d 54 43d440
10d 55 43d444
10d 56 43d440
10d 57 43d444
10d 58 43d440
10d 59 43d444
10d 5a 43d440
10d 5b 43d444
10d 5c 43d440
10d 5d 43d444
10d 5e 43d440
10d 5f 43d444
10d 60 437400
10d 61 43d404
10d 62 437400
10d 63 43d404
10d 64 437400
10d 65 43d404
10d 66 437400
10d 67 43d404
10d 68 437400
10d 69 43d404
10d 6a 437400
10d 6b 43d404
10d 6c 437400
10d 6d 43d404
10d 6e 437400
10d 6f 43d404
10d 70 43d440
10d 71 43d444
10d 72 43d440
10d 73 43d444
10d 74 43d440
10d 75 43d444
10d 76 43d440
10d 77 43d444
10d 78 43d440
10d 79 43d444
10d 7a 43d440
10d 7b 43d444
10d 7c 43d440
10d 7d 43d444
10d 7e 43d440
10d 7f 43d444
10d 80 437400
10d 81 43d404
10d 82 437400
10d 83 43d404
10d 84 437400
10d 85 43d404
10d 86 437400
10d 87 43d404
10d 88 437400
10d 89 43d404
10d 8a 437400
10d 8b 43d404
10d 8c 437400
10d 8d 43d404
10d 8e 437400
10d 8f 43d404
10d 90 43d440
10d 91 43d444
10d 92 43d440
10d 93 43d444
10d 94 43d440
10d 95 43d444
10d 96 43d440
10d 97 43d444
10d 98 43d440
10d 99 43d444
10d 9a 43d440
10d 9b 43d444
10d 9c 43d440
10d 9d 43d444
10d 9e 43d440
10d 9f 43d444
10d a0 437400
10d a1 43d404
10d a2 437400
10d a3 43d404
10d a4 437400
10d a5 43d404
10d a6 437400
10d a7 43d404
10d a8 437400
10d a9 43d404
10d aa 437400
10d ab 43d404
10d ac 437400
10d ad 43d404
10d ae 437400
10d af 43d404
10d b0 43d440
10d b1 43d444
10d b2 43d440
10d b3 43d444
10d b4 43d440
10d b5 43d444
10d b6 43d440
10d b7 43d444
10d b8 43d440
10d b9 43d444
10d ba 43d440
10d bb 43d444
10d bc 43d440
10d bd 43d444
10d be 43d440
10d bf 43d444
10d c0 437400
10d c1 43d404
10d c2 437400
10d c3 43d404
10d c4 437400
10d c5 43d404
10d c6 437400
10d c7 43d404
10d c8 437400
10d c9 43d404
10d ca 437400
10d cb 43d404
10d cc 437400
10d cd 43d404
10d ce 437400
10d cf 43d404
10d d0 43d440
10d d1 43d444
10d d2 43d440
10d d3 43d444
10d d4 43d440
10d d5 43d444
10d d6 43d440
10d d7 43d444
10d d8 43d440
10d d9 43d444
10d da 43d440
10d db 43d444
10d dc 43d440
10d dd 43d444
10d de 43d440
10d df 43d444
10d e0 437400
10d e1 43d404
10d e2 437400
10d e3 43d404
10d e4 437400
10d e5 43d404
10d e6 437400
10d e7 43d404
10d e8 437400
10d e9 43d404
10d ea 437400
10d eb 43d404
10d ec 437400
10d ed 43d404
10d ee 437400
10d ef 43d404
10d f0 43d440
10d f1 43d444
10d f2 43d440
10d f3 43d444
10d f4 43d440
10d f5 43d444
10d f6 43d440
10d f7 43d444
10d f8 43d440
10d f9 43d444
10d fa 43d440
10d fb 43d444
10d fc 43d440
10d fd 43d444
10d fe 43d440
10d ff 43d444
104 00 413400
104 01 401404
104 02 413400
104 03 401404
104 04 413400
104 05 401404
104 06 413400
104 07 401404
104 08 413400
104 09 401404
104 0a 413400
104 0b 401404
104 0c 413400
104 0d 401404
104 0e 413400
104 0f 401404
104 10 401440
104 11 401444
104 12 401440
104 13 401444
104 14 401440
104 15 401444
104 16 401440
104 17 401444
104 18 401440
104 19 401444
104 1a 401440
104 1b 401444
104 1c 401440
104 1d 401444
104 1e 401440
104 1f 401444
104 20 413400
104 21 401404
104 22 413400
104 23 401404
104 24 413400
104 25 401404
104 26 413400
104 27 401404
104 28 413400
104 29 401404
104 2a 413400
104 2b 401404
104 2c 413400
104 2d 401404
104 2e 413400
104 2f 401404
104 30 401440
104 31 401444
104 32 401440
104 33 401444
104 34 401440
104 35 401444
104 36 401440
104 37 401444
104 38 401440
104 39 401444
104 3a 401440
104 3b 401444
104 3c 401440
104 3d 401444
104 3e 401440
104 3f 401444
104 40 413400
104 41 401404
104 42 413400
104 43 401404
104 44 413400
104 45 401404
104 46 413400
104 47 401404
104 48 413400
104 49 401404
104 4a 413400
104 4b 401404
104 4c 413400
104 4d 401404
104 4e 413400
104 4f 401404
104 50 401440
104 51 401444
104 52 401440
104 53 401444
104 54 401440
104 55 401444
104 56 401440
104 57 401444
104 58 401440
104 59 401444
104 5a 401440
104 5b 401444
104 5c 401440
104 5d 401444
104 5e 401440
104 5f 401444
104 60 413400
104 61 401404
104 62 413400
104 63 401404
104 64 413400
104 65 401404
104 66 413400
104 67 401404
104 68 413400
104 69 401404
104 6a 413400
104 6b 401404
104 6c 413400
104 6d 401404
104 6e 413400
104 6f 401404
104 70 401440
104 71 401444
104 72 401440
104 73 401444
104 74 401440
104 75 401444
104 76 401440
104 77 401444
104 78 401440
104 79 401444
104 7a 401440
104 7b 401444
104 7c 401440
104 7d 401444
104 7e 401440
104 7f 401444
104 80 413400
104 81 401404
104 82 413400
104 83 401404
104 84 413400
104 85 401404
104 86 413400
104 87 401404
104 88 413400
104 89 401404
104 8a 413400
104 8b 401404
104 8c 413400
104 8d 401404
104 8e 413400
104 8f 401404
104 90 401440
104 91 401444
104 92 401440
104 93 401444
104 94 401440
104 95 401444
104 96 401440
104 97 401444
104 98 401440
104 99 401444
104 9a 401440
104 9b 401444
104 9c 401440
104 9d 401444
104 9e 401440
104 9f 401444
104 a0 413400
104 a1 401404
104 a2 413400
104 a3 401404
104 a4 413400
104 a5 401404
104 a6 413400
104 a7 401404
104 a8 413400
104 a9 401404
104 aa 413400
104 ab 401404
104 ac 413400
104 ad 401404
104 ae 413400
104 af 401404
104 b0 401440
104 b1 401444
104 b2 401440
104 b3 401444
104 b4 401440
104 b5 401444
104 b6 401440
104 b7 401444
104 b8 401440
104 b9 401444
104 ba 401440
104 bb 401444
104 bc 401440
104 bd 401444
104 be 401440
104 bf 401444
104 c0 413400
104 c1 401404
104 c2 413400
104 c3 401404
104 c4 413400
104 c5 401404
104 c6 413400
104 c7 401404
104 c8 413400
104 c9 401404
104 ca 413400
104 cb 401404
104 cc 413400
104 cd 401404
104 ce 413400
104 cf 401404
104 d0 401440
104 d1 401444
104 d2 401440
104 d3 401444
104 d4 401440
104 d5 401444
104 d6 401440
104 d7 401444
104 d8 401440
104 d9 401444
104 da 401440
104 db 401444
104 dc 401440
104 dd 401444
104 de 401440
104 df 401444
104 e0 413400
104 e1 401404
104 e2 413400
104 e3 401404
104 e4 413400
104 e5 401404
104 e6 413400
104 e7 401404
104 e8 413400
104 e9 401404
104 ea 413400
104 eb 401404
104 ec 413400
104 ed 401404
104 ee 413400
104 ef 401404
104 f0 401440
104 f1 401444
104 f2 401440
104 f3 401444
104 f4 401440
104 f5 401444
104 f6 401440
104 f7 401444
104 f8 401440
104 f9 401444
104 fa 401440
104 fb 401444
104 fc 401440
104 fd 401444
104 fe 401440
104 ff 401444
107 00 41f400
107 01 43d404
107 02 41f400
107 03 43d404
107 04 41f400
107 05 43d404
107 06 41f400
107 07 43d404
107 08 41f400
107 09 43d404
107 0a 41f400
107 0b 43d404
107 0c 41f400
107 0d 43d404
107 0e 41f400
107 0f 43d404
107 10 43d440
107 11 43d444
107 12 43d440
107 13 43d444
107 14 43d440
107 15 43d444
107 16 43d440
107 17 43d444
107 18 43d440
107 19 43d444
107 1a 43d440
107 1b 43d444
107 1c 43d440
107 1d 43d444
107 1e 43d440
107 1f 43d444
107 20 41f400
107 21 43d404
107 22 41f400
107 23 43d404
107 24 41f400
107 25 43d404
107 26 41f400
107 27 43d404
107 28 41f400
107 29 43d404
107 2a 41f400
107 2b 43d404
107 2c 41f400
107 2d 43d404
107 2e 41f400
107 2f 43d404
107 30 43d440
107 31 43d444
107 32 43d440
107 33 43d444
107 34 43d440
107 35 43d444
107 36 43d440
107 37 43d444
107 38 43d440
107 39 43d444
107 3a 43d440
107 3b 43d444
107 3c 43d440
107 3d 43d444
107 3e 43d440
107 3f 43d444
107 40 41f400
107 41 43d404
107 42 41f400
107 43 43d404
107 44 41f400
107 45 43d404
107 46 41f400
107 47 43d404
107 48 41f400
107 49 43d404
107 4a 41f400
107 4b 43d404
107 4c 41f400
107 4d 43d404
107 4e 41f400
107 4f 43d404
107 50 43d440
107 51 43d444
107 52 43d440
107 53 43d444
107 54 43d440
107 55 43d444
107 56 43d440
107 57 43d444
107 58 43d440
107 59 43d444
107 5a 43d440
107 5b 43d444
107 5c 43d440
107 5d 43d444
107 5e 43d440
107 5f 43d444
107 60 41f400
107 61 43d404
107 62 41f400
107 63 43d404
107 64 41f400
107 65 43d404
107 66 41f400
107 67 43d404
107 68 41f400
107 69 43d404
107 6a 41f400
107 6b 43d404
107 6c 41f400
107 6d 43d404
107 6e 41f400
107 6f 43d404
107 70 43d440
107 71 43d444
107 72 43d440
107 73 43d444
107 74 43d440
107 75 43d444
107 76 43d440
107 77 43d444
107 78 43d440
107 79 43d444
107 7a 43d440
107 7b 43d444
107 7c 43d440
107 7d 43d444
107 7e 43d440
107 7f 43d444
107 80 41f400
107 81 43d404
107 82 41f400
107 83 43d404
107 84 41f400
107 85 43d404
107 86 41f400
107 87 43d404
107 88 41f400
107 89 43d404
107 8a 41f400
107 8b 43d404
107 8c 41f400
107 8d 43d404
107 8e 41f400
107 8f 43d404
107 90 43d440
107 91 43d444
107 92 43d440
107 93 43d444
107 94 43d440
107 95 43d444
107 96 43d440
107 97 43d444
107 98 43d440
107 99 43d444
107 9a 43d440
107 9b 43d444
107 9c 43d440
107 9d 43d444
107 9e 43d440
107 9f 43d444
107 a0 41f400
107 a1 43d404
107 a2 41f400
107 a3 43d404
107 a4 41f400
107 a5 43d404
107 a6 41f400
107 a7 43d404
107 a8 41f400
107 a9 43d404
107 aa 41f400
107 ab 43d404
107 ac 41f400
107 ad 43d404
107 ae 41f400
107 af 43d404
107 b0 43d440
107 b1 43d444
107 b2 43d440
107 b3 43d444
107 b4 43d440
107 b5 43d444
107 b6 43d440
107 b7 43d444
107 b8 43d440
107 b9 43d444
107 ba 43d440
107 bb 43d444
107 bc 43d440
107 bd 43d444
107 be 43d440
107 bf 43d444
107 c0 41f400
107 c1 43d404
107 c2 41f400
107 c3 43d404
107 c4 41f400
107 c5 43d404
107 c6 41f400
107 c7 43d404
107 c8 41f400
107 c9 43d404
107 ca 41f400
107 cb 43d404
107 cc 41f400
107 cd 43d404
107 ce 41f400
107 cf 43d404
107 d0 43d440
107 d1 43d444
107 d2 43d440
107 d3 43d444
107 d4 43d440
107 d5 43d444
107 d6 43d440
107 d7 43d444
107 d8 43d440
107 d9 43d444
107 da 43d440
107 db 43d444
107 dc 43d440
107 dd 43d444
107 de 43d440
107 df 43d444
107 e0 41f400
107 e1 43d404
107 e2 41f400
107 e3 43d404
107 e4 41f400
107 e5 43d404
107 e6 41f400
107 e7 43d404
107 e8 41f400
107 e9 43d404
107 ea 41f400
107 eb 43d404
107 ec 41f400
107 ed 43d404
107 ee 41f400
107 ef 43d404
107 f0 43d440
107 f1 43d444
107 f2 43d440
107 f3 43d444
107 f4 43d440
107 f5 43d444
107 f6 43d440
107 f7 43d444
107 f8 43d440
107 f9 43d444
107 fa 43d440
107 fb 43d444
107 fc 43d440
107 fd 43d444
107 fe 43d440
107 ff 43d444
105 00 417800
105 01 414804
105 02 417800
105 03 414804
105 04 417800
105 05 414804
105 06 417800
105 07 414804
105 08 417800
105 09 414804
105 0a 417800
105 0b 414804
105 0c 417800
105 0d 414804
105 0e 417800
105 0f 414804
105 10 414840
105 11 414844
105 12 414840
105 13 414844
105 14 414840
105 15 414844
105 16 414840
105 17 414844
105 18 414840
105 19 414844
105 1a 414840
105 1b 414844
105 1c 414840
105 1d 414844
105 1e 414840
105 1f 414844
105 20 417800
105 21 414804
105 22 417800
105 23 414804
105 24 417800
105 25 414804
105 26 417800
105 27 414804
105 28 417800
105 29 414804
105 2a 417800
105 2b 414804
105 2c 417800
105 2d 414804
105 2e 417800
105 2f 414804
105 30 414840
105 31 414844
105 32 414840
105 33 414844
105 34 414840
105 35 414844
105 36 414840
105 37 414844
105 38 414840
105 39 414844
105 3a 414840
105 3b 414844
105 3c 414840
105 3d 414844
105 3e 414840
105 3f 414844
105 40 417800
105 41 414804
105 42 417800
105 43 414804
105 44 417800
105 45 414804
105 46 417800
105 47 414804
105 48 417800
105 49 414804
105 4a 417800
105 4b 414804
105 4c 417800
105 4d 414804
105 4e 417800
105 4f 414804
105 50 414840
105 51 414844
105 52 414840
105 53 414844
105 54 414840
105 55 414844
105 56 414840
105 57 414844
105 58 414840
105 59 414844
105 5a 414840
105 5b 414844
105 5c 414840
105 5d 414844
105 5e 414840
105 5f 414844
105 60 417800
105 61 414804
105 62 417800
105 63 414804
105 64 417800
105 65 414804
105 66 417800
105 67 414804
105 68 417800
105 69 414804
105 6a 417800
105 6b 414804
105 6c 417800
105 6d 414804
105 6e 417800
105 6f 414804
105 70 414840
105 71 414844
105 72 414840
105 73 414844
105 74 414840
105 75 414844
105 76 414840
105 77 414844
105 78 414840
105 79 414844
105 7a 414840
105 7b 414844
105 7c 414840
105 7d 414844
105 7e 414840
105 7f 414844
105 80 417800
105 81 414804
105 82 417800
105 83 414804
105 84 417800
105 85 414804
105 86 417800
105 87 414804
105 88 417800
105 89 414804
105 8a 417800
105 8b 414804
105 8c 417800
105 8d 414804
105 8e 417800
105 8f 414804
105 90 414840
105 91 414844
105 92 414840
105 93 414844
105 94 414840
105 95 414844
105 96 414840
105 97 414844
105 98 414840
105 99 414844
105 9a 414840
105 9b 414844
105 9c 414840
105 9d 414844
105 9e 414840
105 9f 414844
105 a0 417800
105 a1 414804
105 a2 417800
105 a3 414804
105 a4 417800
105 a5 414804
105 a6 417800
105 a7 414804
105 a8 417800
105 a9 414804
105 aa 417800
105 ab 414804
105 ac 417800
105 ad 414804
105 ae 417800
105 af 414804
105 b0 414840
105 b1 414844
105 b2 414840
105 b3 414844
105 b4 414840
105 b5 414844
105 b6 414840
105 b7 414844
105 b8 414840
105 b9 414844
105 ba 414840
105 bb 414844
105 bc 414840
105 bd 414844
105 be 414840
105 bf 414844
105 c0 417800
105 c1 414804
105 c2 417800
105 c3 414804
105 c4 417800
105 c5 414804
105 c6 417800
105 c7 414804
105 c8 417800
105 c9 414804
105 ca 417800
105 cb 414804
105 cc 417800
105 cd 414804
105 ce 417800
105 cf 414804
105 d0 414840
105 d1 414844
105 d2 414840
105 d3 414844
105 d4 414840
105 d5 414844
105 d6 414840
105 d7 414844
105 d8 414840
105 d9 414844
105 da 414840
105 db 414844
105 dc 414840
105 dd 414844
105 de 414840
105 df 414844
105 e0 417800
105 e1 414804
105 e2 417800
105 e3 414804
105 e4 417800
105 e5 414804
105 e6 417800
105 e7 414804
105 e8 417800
105 e9 414804
105 ea 417800
105 eb 414804
105 ec 417800
105 ed 414804
105 ee 417800
105 ef 414804
105 f0 414840
105 f1 414844
105 f2 414840
105 f3 414844
105 f4 414840
105 f5 414844
105 f6 414840
105 f7 414844
105 f8 414840
105 f9 414844
105 fa 414840
105 fb 414844
105 fc 414840
105 fd 414844
105 fe 414840
105 ff 414844
130 00 4c3000
130 01 4c3000
130 02 4c000a
130 03 4c000a
130 04 4c3000
130 05 4c3000
130 06 4c000a
130 07 4c000a
130 08 4c3000
130 09 4c3000
130 0a 4c000a
130 0b 4c000a
130 0c 4c3000
130 0d 4c3000
130 0e 4c000a
130 0f 4c000a
130 10 4c3000
130 11 4c3000
130 12 4c000a
130 13 4c000a
130 14 4c3000
130 15 4c3000
130 16 4c000a
130 17 4c000a
130 18 4c3000
130 19 4c3000
130 1a 4c000a
130 1b 4c000a
130 1c 4c3000
130 1d 4c3000
130 1e 4c000a
130 1f 4c000a
130 20 4c3000
130 21 4c3000
130 22 4c000a
130 23 4c000a
130 24 4c3000
130 25 4c3000
130 26 4c000a
130 27 4c000a
130 28 4c3000
130 29 4c3000
130 2a 4c000a
130 2b 4c000a
130 2c 4c3000
130 2d 4c3000
130 2e 4c000a
130 2f 4c000a
130 30 4c3000
130 31 4c3000
130 32 4c000a
130 33 4c000a
130 34 4c3000
130 35 4c3000
130 36 4c000a
130 37 4c000a
130 38 4c3000
130 39 4c3000
130 3a 4c000a
130 3b 4c000a
130 3c 4c3000
130 3d 4c3000
130 3e 4c000a
130 3f 4c000a
130 40 4c3000
130 41 4c3000
130 42 4c000a
130 43 4c000a
130 44 4c3000
130 45 4c3000
130 46 4c000a
130 47 4c000a
130 48 4c3000
130 49 4c3000
130 4a 4c000a
130 4b 4c000a
130 4c 4c3000
130 4d 4c3000
130 4e 4c000a
130 4f 4c000a
130 50 4c3000
130 51 4c3000
130 52 4c000a
130 53 4c000a
130 54 4c3000
130 55 4c3000
130 56 4c000a
130 57 4c000a
130 58 4c3000
130 59 4c3000
130 5a 4c000a
130 5b 4c000a
130 5c 4c3000
130 5d 4c3000
130 5e 4c000a
130 5f 4c000a
130 60 4c3000
130 61 4c3000
130 62 4c000a
130 63 4c000a
130 64 4c3000
130 65 4c3000
130 66 4c000a
130 67 4c000a
130 68 4c3000
130 69 4c3000
130 6a 4c000a
130 6b 4c000a
130 6c 4c3000
130 6d 4c3000
130 6e 4c000a
130 6f 4c000a
130 70 4c3000
130 71 4c3000
130 72 4c000a
130 73 4c000a
130 74 4c3000
130 75 4c3000
130 76 4c000a
130 77 4c000a
130 78 4c3000
130 79 4c3000
130 7a 4c000a
130 7b 4c000a
130 7c 4c3000
130 7d 4c3000
130 7e 4c000a
130 7f 4c000a
130 80 4c3000
130 81 4c3000
130 82 4c000a
130 83 4c000a
130 84 4c3000
130 85 4c3000
130 86 4c000a
130 87 4c000a
130 88 4c3000
130 89 4c3000
130 8a 4c000a
130 8b 4c000a
130 8c 4c3000
130 8d 4c3000
130 8e 4c000a
130 8f 4c000a
130 90 4c3000
130 91 4c3000
130 92 4c000a
130 93 4c000a
130 94 4c3000
130 95 4c3000
130 96 4c000a
130 97 4c000a
130 98 4c3000
130 99 4c3000
130 9a 4c000a
130 9b 4c000a
130 9c 4c3000
130 9d 4c3000
130 9e 4c000a
130 9f 4c000a
130 a0 4c3000
130 a1 4c3000
130 a2 4c000a
130 a3 4c000a
130 a4 4c3000
130 a5 4c3000
130 a6 4c000a
130 a7 4c000a
130 a8 4c3000
130 a9 4c3000
130 aa 4c000a
130 ab 4c000a
130 ac 4c3000
130 ad 4c3000
130 ae 4c000a
130 af 4c000a
130 b0 4c3000
130 b1 4c3000
130 b2 4c000a
130 b3 4c000a
130 b4 4c3000
130 b5 4c3000
130 b6 4c000a
130 b7 4c000a
130 b8 4c3000
130 b9 4c3000
130 ba 4c000a
130 bb 4c000a
130 bc 4c3000
130 bd 4c3000
130 be 4c000a
130 bf 4c000a
130 c0 4c3000
130 c1 4c3000
130 c2 4c000a
130 c3 4c000a
130 c4 4c3000
130 c5 4c3000
130 c6 4c000a
130 c7 4c000a
130 c8 4c3000
130 c9 4c3000
130 ca 4c000a
130 cb 4c000a
130 cc 4c3000
130 cd 4c3000
130 ce 4c000a
130 cf 4c000a
130 d0 4c3000
130 d1 4c3000
130 d2 4c000a
130 d3 4c000a
130 d4 4c3000
130 d5 4c3000
130 d6 4c000a
130 d7 4c000a
130 d8 4c3000
130 d9 4c3000
130 da 4c000a
130 db 4c000a
130 dc 4c3000
130 dd 4c3000
130 de 4c000a
130 df 4c000a
130 e0 4c3000
130 e1 4c3000
130 e2 4c000a
130 e3 4c000a
130 e4 4c3000
130 e5 4c3000
130 e6 4c000a
130 e7 4c000a
130 e8 4c3000
130 e9 4c3000
130 ea 4c000a
130 eb 4c000a
130 ec 4c3000
130 ed 4c3000
130 ee 4c000a
130 ef 4c000a
130 f0 4c3000
130 f1 4c3000
130 f2 4c000a
130 f3 4c000a
130 f4 4c3000
130 f5 4c3000
130 f6 4c000a
130 f7 4c000a
130 f8 4c3000
130 f9 4c3000
130 fa 4c000a
130 fb 4c000a
130 fc 4c3000
130 fd 4c3000
130 fe 4c000a
130 ff 4c000a
133 00 4cf000
133 01 4cf000
133 02 4cf000
133 03 4cf000
133 04 4cf000
133 05 4cf000
133 06 4cf000
133 07 4cf000
133 08 4cf000
133 09 4cf000
133 0a 4cf000
133 0b 4cf000
133 0c 4cf000
133 0d 4cf000
133 0e 4cf000
133 0f 4cf000
133 10 4cf000
133 11 4cf000
133 12 4cf000
133 13 4cf000
133 14 4cf000
133 15 4cf000
133 16 4cf000
133 17 4cf000
133 18 4cf000
133 19 4cf000
133 1a 4cf000
133 1b 4cf000
133 1c 4cf000
133 1d 4cf000
133 1e 4cf000
133 1f 4cf000
133 20 4cc082
133 21 4cc082
133 22 4cc082
133 23 4cc082
133 24 4cc082
133 25 4cc082
133 26 4cc082
133 27 4cc082
133 28 4cc082
133 29 4cc082
133 2a 4cc082
133 2b 4cc082
133 2c 4cc082
133 2d 4cc082
133 2e 4cc082
133 2f 4cc082
133 30 4cc082
133 31 4cc082
133 32 4cc082
133 33 4cc082
133 34 4cc082
133 35 4cc082
133 36 4cc082
133 37 4cc082
133 38 4cc082
133 39 4cc082
133 3a 4cc082
133 3b 4cc082
133 3c 4cc082
133 3d 4cc082
133 3e 4cc082
133 3f 4cc082
133 40 4cf000
133 41 4cf000
133 42 4cf000
133 43 4cf000
133 44 4cf000
133 45 4cf000
133 46 4cf000
133 47 4cf000
133 48 4cf000
133 49 4cf000
133 4a 4cf000
133 4b 4cf000
133 4c 4cf000
133 4d 4cf000
133 4e 4cf000
133 4f 4cf000
133 50 4cf000
133 51 4cf000
133 52 4cf000
133 53 4cf000
133 54 4cf000
133 55 4cf000
133 56 4cf000
133 57 4cf000
133 58 4cf000
133 59 4cf000
133 5a 4cf000
133 5b 4cf000
133 5c 4cf000
133 5d 4cf000
133 5e 4cf000
133 5f 4cf000
133 60 4cc082
133 61 4cc082
133 62 4cc082
133 63 4cc082
133 64 4cc082
133 65 4cc082
133 66 4cc082
133 67 4cc082
133 68 4cc082
133 69 4cc082
133 6a 4cc082
133 6b 4cc082
133 6c 4cc082
133 6d 4cc082
133 6e 4cc082
133 6f 4cc082
133 70 4cc082
133 71 4cc082
133 72 4cc082
133 73 4cc082
133 74 4cc082
133 75 4cc082
133 76 4cc082
133 77 4cc082
133 78 4cc082
133 79 4cc082
133 7a 4cc082
133 7b 4cc082
133 7c 4cc082
133 7d 4cc082
133 7e 4cc082
133 7f 4cc082
133 80 4cf000
133 81 4cf000
133 82 4cf000
133 83 4cf000
133 84 4cf000
133 85 4cf000
133 86 4cf000
133 87 4cf000
133 88 4cf000
133 89 4cf000
133 8a 4cf000
133 8b 4cf000
133 8c 4cf000
133 8d 4cf000
133 8e 4cf000
133 8f 4cf000
133 90 4cf000
133 91 4cf000
133 92 4cf000
133 93 4cf000
133 94 4cf000
133 95 4cf000
133 96 4cf000
133 97 4cf000
133 98 4cf000
133 99 4cf000
133 9a 4cf000
133 9b 4cf000
133 9c 4cf000
133 9d 4cf000
133 9e 4cf000
133 9f 4cf000
133 a0 4cc082
133 a1 4cc082
133 a2 4cc082
133 a3 4cc082
133 a4 4cc082
133 a5 4cc082
133 a6 4cc082
133 a7 4cc082
133 a8 4cc082
133 a9 4cc082
133 aa 4cc082
133 ab 4cc082
133 ac 4cc082
133 ad 4cc082
133 ae 4cc082
133 af 4cc082
133 b0 4cc082
133 b1 4cc082
133 b2 4cc082
133 b3 4cc082
133 b4 4cc082
133 b5 4cc082
133 b6 4cc082
133 b7 4cc082
133 b8 4cc082
133 b9 4cc082
133 ba 4cc082
133 bb 4cc082
133 bc 4cc082
133 bd 4cc082
133 be 4cc082
133 bf 4cc082
133 c0 4cf000
133 c1 4cf000
133 c2 4cf000
133 c3 4cf000
133 c4 4cf000
133 c5 4cf000
133 c6 4cf000
133 c7 4cf000
133 c8 4cf000
133 c9 4cf000
133 ca 4cf000
133 cb 4cf000
133 cc 4cf000
133 cd 4cf000
133 ce 4cf000
133 cf 4cf000
133 d0 4cf000
133 d1 4cf000
133 d2 4cf000
133 d3 4cf000
133 d4 4cf000
133 d5 4cf000
133 d6 4cf000
133 d7 4cf000
133 d8 4cf000
133 d9 4cf000
133 da 4cf000
133 db 4cf000
133 dc 4cf000
133 dd 4cf000
133 de 4cf000
133 df 4cf000
133 e0 4cc082
133 e1 4cc082
133 e2 4cc082
133 e3 4cc082
133 e4 4cc082
133 e5 4cc082
133 e6 4cc082
133 e7 4cc082
133 e8 4cc082
133 e9 4cc082
133 ea 4cc082
133 eb 4cc082
133 ec 4cc082
133 ed 4cc082
133 ee 4cc082
133 ef 4cc082
133 f0 4cc082
133 f1 4cc082
133 f2 4cc082
133 f3 4cc082
133 f4 4cc082
133 f5 4cc082
133 f6 4cc082
133 f7 4cc082
133 f8 4cc082
133 f9 4cc082
133 fa 4cc082
133 fb 4cc082
133 fc 4cc082
133 fd 4cc082
133 fe 4cc082
133 ff 4cc082
131 00 4c7400
131 01 4c7400
131 02 4c4408
131 03 4c4408
131 04 4c7400
131 05 4c7400
131 06 4c4408
131 07 4c4408
131 08 4c7400
131 09 4c7400
131 0a 4c4408
131 0b 4c4408
131 0c 4c7400
131 0d 4c7400
131 0e 4c4408
131 0f 4c4408
131 10 4c7400
131 11 4c7400
131 12 4c4408
131 13 4c4408
131 14 4c7400
131 15 4c7400
131 16 4c4408
131 17 4c4408
131 18 4c7400
131 19 4c7400
131 1a 4c4408
131 1b 4c4408
131 1c 4c7400
131 1d 4c7400
131 1e 4c4408
131 1f 4c4408
131 20 4c4480
131 21 4c4480
131 22 4c4488
131 23 4c4488
131 24 4c4480
131 25 4c4480
131 26 4c4488
131 27 4c4488
131 28 4c4480
131 29 4c4480
131 2a 4c4488
131 2b 4c4488
131 2c 4c4480
131 2d 4c4480
131 2e 4c4488
131 2f 4c4488
131 30 4c4480
131 31 4c4480
131 32 4c4488
131 33 4c4488
131 34 4c4480
131 35 4c4480
131 36 4c4488
131 37 4c4488
131 38 4c4480
131 39 4c4480
131 3a 4c4488
131 3b 4c4488
131 3c 4c4480
131 3d 4c4480
131 3e 4c4488
131 3f 4c4488
131 40 4c7400
131 41 4c7400
131 42 4c4408
131 43 4c4408
131 44 4c7400
131 45 4c7400
131 46 4c4408
131 47 4c4408
131 48 4c7400
131 49 4c7400
131 4a 4c4408
131 4b 4c4408
131 4c 4c7400
131 4d 4c7400
131 4e 4c4408
131 4f 4c4408
131 50 4c7400
131 51 4c7400
131 52 4c4408
131 53 4c4408
131 54 4c7400
131 55 4c7400
131 56 4c4408
131 57 4c4408
131 58 4c7400
131 59 4c7400
131 5a 4c4408
131 5b 4c4408
131 5c 4c7400
131 5d 4c7400
131 5e 4c4408
131 5f 4c4408
131 60 4c4480
131 61 4c4480
131 62 4c4488
131 63 4c4488
131 64 4c4480
131 65 4c4480
131 66 4c4488
131 67 4c4488
131 68 4c4480
131 69 4c4480
131 6a 4c4488
131 6b 4c4488
131 6c 4c4480
131 6d 4c4480
131 6e 4c4488
131 6f 4c4488
131 70 4c4480
131 71 4c4480
131 72 4c4488
131 73 4c4488
131 74 4c4480
131 75 4c4480
131 76 4c4488
131 77 4c4488
131 78 4c4480
131 79 4c4480
131 7a 4c4488
131 7b 4c4488
131 7c 4c4480
131 7d 4c4480
131 7e 4c4488
131 7f 4c4488
131 80 4c7400
131 81 4c7400
131 82 4c4408
131 83 4c4408
131 84 4c7400
131 85 4c7400
131 86 4c4408
131 87 4c4408
131 88 4c7400
131 89 4c7400
131 8a 4c4408
131 8b 4c4408
131 8c 4c7400
131 8d 4c7400
131 8e 4c4408
131 8f 4c4408
131 90 4c7400
131 91 4c7400
131 92 4c4408
131 93 4c4408
131 94 4c7400
131 95 4c7400
131 96 4c4408
131 97 4c4408
131 98 4c7400
131 99 4c7400
131 9a 4c4408
131 9b 4c4408
131 9c 4c7400
131 9d 4c7400
131 9e 4c4408
131 9f 4c4408
131 a0 4c4480
131 a1 4c4480
131 a2 4c4488
131 a3 4c4488
131 a4 4c4480
131 a5 4c4480
131 a6 4c4488
131 a7 4c4488
131 a8 4c4480
131 a9 4c4480
131 aa 4c4488
131 ab 4c4488
131 ac 4c4480
131 ad 4c4480
131 ae 4c4488
131 af 4c4488
131 b0 4c4480
131 b1 4c4480
131 b2 4c4488
131 b3 4c4488
131 b4 4c4480
131 b5 4c4480
131 b6 4c4488
131 b7 4c4488
131 b8 4c4480
131 b9 4c4480
131 ba 4c4488
131 bb 4c4488
131 bc 4c4480
131 bd 4c4480
131 be 4c4488
131 bf 4c4488
131 c0 4c7400
131 c1 4c7400
131 c2 4c4408
131 c3 4c4408
131 c4 4c7400
131 c5 4c7400
131 c6 4c4408
131 c7 4c4408
131 c8 4c7400
131 c9 4c7400
131 ca 4c4408
131 cb 4c4408
131 cc 4c7400
131 cd 4c7400
131 ce 4c4408
131 cf 4c4408
131 d0 4c7400
131 d1 4c7400
131 d2 4c4408
131 d3 4c4408
131 d4 4c7400
131 d5 4c7400
131 d6 4c4408
131 d7 4c4408
131 d8 4c7400
131 d9 4c7400
131 da 4c4408
131 db 4c4408
131 dc 4c7400
131 dd 4c7400
131 de 4c4408
131 df 4c4408
131 e0 4c4480
131 e1 4c4480
131 e2 4c4488
131 e3 4c4488
131 e4 4c4480
131 e5 4c4480
131 e6 4c4488
131 e7 4c4488
131 e8 4c4480
131 e9 4c4480
131 ea 4c4488
131 eb 4c4488
131 ec 4c4480
131 ed 4c4480
131 ee 4c4488
131 ef 4c4488
131 f0 4c4480
131 f1 4c4480
131 f2 4c4488
131 f3 4c4488
131 f4 4c4480
131 f5 4c4480
131 f6 4c4488
131 f7 4c4488
131 f8 4c4480
131 f9 4c4480
131 fa 4c4488
131 fb 4c4488
131 fc 4c4480
131 fd 4c4480
131 fe 4c4488
131 ff 4c4488
13c 00 4f3000
13c 01 4f3000
13c 02 4f3000
13c 03 4f3000
13c 04 4f3000
13c 05 4f3000
13c 06 4f3000
13c 07 4f3000
13c 08 4f3000
13c 09 4f3000
13c 0a 4f3000
13c 0b 4f3000
13c 0c 4f3000
13c 0d 4f3000
13c 0e 4f3000
13c 0f 4f3000
13c 10 4f3000
13c 11 4f3000
13c 12 4f3000
13c 13 4f3000
13c 14 4f3000
13c 15 4f3000
13c 16 4f3000
13c 17 4f3000
13c 18 4f3000
13c 19 4f3000
13c 1a 4f3000
13c 1b 4f3000
13c 1c 4f3000
13c 1d 4f3000
13c 1e 4f3000
13c 1f 4f3000
13c 20 4f0082
13c 21 4f0082
13c 22 4f0082
13c 23 4f0082
13c 24 4f0082
13c 25 4f0082
13c 26 4f0082
13c 27 4f0082
13c 28 4f0082
13c 29 4f0082
13c 2a 4f0082
13c 2b 4f0082
13c 2c 4f0082
13c 2d 4f0082
13c 2e 4f0082
13c 2f 4f0082
13c 30 4f0082
13c 31 4f0082
13c 32 4f0082
13c 33 4f0082
13c 34 4f0082
13c 35 4f0082
13c 36 4f0082
13c 37 4f0082
13c 38 4f0082
13c 39 4f0082
13c 3a 4f0082
13c 3b 4f0082
13c 3c 4f0082
13c 3d 4f0082
13c 3e 4f0082
13c 3f 4f0082
13c 40 4f3000
13c 41 4f3000
13c 42 4f3000
13c 43 4f3000
13c 44 4f3000
13c 45 4f3000
13c 46 4f3000
13c 47 4f3000
13c 48 4f3000
13c 49 4f3000
13c 4a 4f3000
13c 4b 4f3000
13c 4c 4f3000
13c 4d 4f3000
13c 4e 4f3000
13c 4f 4f3000
13c 50 4f3000
13c 51 4f3000
13c 52 4f3000
13c 53 4f3000
13c 54 4f3000
13c 55 4f3000
13c 56 4f3000
13c 57 4f3000
13c 58 4f3000
13c 59 4f3000
13c 5a 4f3000
13c 5b 4f3000
13c 5c 4f3000
13c 5d 4f3000
13c 5e 4f3000
13c 5f 4f3000
13c 60 4f0082
13c 61 4f0082
13c 62 4f0082
13c 63 4f0082
13c 64 4f0082
13c 65 4f0082
13c 66 4f0082
13c 67 4f0082
13c 68 4f0082
13c 69 4f0082
13c 6a 4f0082
13c 6b 4f0082
13c 6c 4f0082
13c 6d 4f0082
13c 6e 4f0082
13c 6f 4f0082
13c 70 4f0082
13c 71 4f0082
13c 72 4f0082
13c 73 4f0082
13c 74 4f0082
13c 75 4f0082
13c 76 4f0082
13c 77 4f0082
13c 78 4f0082
13c 79 4f0082
13c 7a 4f0082
13c 7b 4f0082
13c 7c 4f0082
13c 7d 4f0082
13c 7e 4f0082
13c 7f 4f0082
13c 80 4f3000
13c 81 4f3000
13c 82 4f3000
13c 83 4f3000
13c 84 4f3000
13c 85 4f3000
13c 86 4f3000
13c 87 4f3000
13c 88 4f3000
13c 89 4f3000
13c 8a 4f3000
13c 8b 4f3000
13c 8c 4f3000
13c 8d 4f3000
13c 8e 4f3000
13c 8f 4f3000
13c 90 4f3000
13c 91 4f3000
13c 92 4f3000
13c 93 4f3000
13c 94 4f3000
13c 95 4f3000
13c 96 4f3000
13c 97 4f3000
13c 98 4f3000
13c 99 4f3000
13c 9a 4f3000
13c 9b 4f3000
13c 9c 4f3000
13c 9d 4f3000
13c 9e 4f3000
13c 9f 4f3000
13c a0 4f0082
13c a1 4f0082
13c a2 4f0082
13c a3 4f0082
13c a4 4f0082
13c a5 4f0082
13c a6 4f0082
13c a7 4f0082
13c a8 4f0082
13c a9 4f0082
13c aa 4f0082
13c ab 4f0082
13c ac 4f0082
13c ad 4f0082
13c ae 4f0082
13c af 4f0082
13c b0 4f0082
13c b1 4f0082
13c b2 4f0082
13c b3 4f0082
13c b4 4f0082
13c b5 4f0082
13c b6 4f0082
13c b7 4f0082
13c b8 4f0082
13c b9 4f0082
13c ba 4f0082
13c bb 4f0082
13c bc 4f0082
13c bd 4f0082
13c be 4f0082
13c bf 4f0082
13c c0 4f3000
13c c1 4f3000
13c c2 4f3000
13c c3 4f3000
13c c4 4f3000
13c c5 4f3000
13c c6 4f3000
13c c7 4f3000
13c c8 4f3000
13c c9 4f3000
13c ca 4f3000
13c cb 4f3000
13c cc 4f3000
13c cd 4f3000
13c ce 4f3000
13c cf 4f3000
13c d0 4f3000
13c d1 4f3000
13c d2 4f3000
13c d3 4f3000
13c d4 4f3000
13c d5 4f3000
13c d6 4f3000
13c d7 4f3000
13c d8 4f3000
13c d9 4f3000
13c da 4f3000
13c db 4f3000
13c dc 4f3000
13c dd 4f3000
13c de 4f3000
13c df 4f3000
13c e0 4f0082
13c e1 4f0082
13c e2 4f0082
13c e3 4f0082
13c e4 4f0082
13c e5 4f0082
13c e6 4f0082
13c e7 4f0082
13c e8 4f0082
13c e9 4f0082
13c ea 4f0082
13c eb 4f0082
13c ec 4f0082
13c ed 4f0082
13c ee 4f0082
13c ef 4f0082
13c f0 4f0082
13c f1 4f0082
13c f2 4f0082
13c f3 4f0082
13c f4 4f0082
13c f5 4f0082
13c f6 4f0082
13c f7 4f0082
13c f8 4f0082
13c f9 4f0082
13c fa 4f0082
13c fb 4f0082
13c fc 4f0082
13c fd 4f0082
13c fe 4f0082
13c ff 4f0082
13f 00 4ff000
13f 01 4ff000
13f 02 4fc00a
13f 03 4fc00a
13f 04 4ff000
13f 05 4ff000
13f 06 4fc00a
13f 07 4fc00a
13f 08 4ff000
13f 09 4ff000
13f 0a 4fc00a
13f 0b 4fc00a
13f 0c 4ff000
13f 0d 4ff000
13f 0e 4fc00a
13f 0f 4fc00a
13f 10 4ff000
13f 11 4ff000
13f 12 4fc00a
13f 13 4fc00a
13f 14 4ff000
13f 15 4ff000
13f 16 4fc00a
13f 17 4fc00a
13f 18 4ff000
13f 19 4ff000
13f 1a 4fc00a
13f 1b 4fc00a
13f 1c 4ff000
13f 1d 4ff000
13f 1e 4fc00a
13f 1f 4fc00a
13f 20 4ff000
13f 21 4ff000
13f 22 4fc00a
13f 23 4fc00a
13f 24 4ff000
13f 25 4ff000
13f 26 4fc00a
13f 27 4fc00a
13f 28 4ff000
13f 29 4ff000
13f 2a 4fc00a
13f 2b 4fc00a
13f 2c 4ff000
13f 2d 4ff000
13f 2e 4fc00a
13f 2f 4fc00a
13f 30 4ff000
13f 31 4ff000
13f 32 4fc00a
13f 33 4fc00a
13f 34 4ff000
13f 35 4ff000
13f 36 4fc00a
13f 37 4fc00a
13f 38 4ff000
13f 39 4ff000
13f 3a 4fc00a
13f 3b 4fc00a
13f 3c 4ff000
13f 3d 4ff000
13f 3e 4fc00a
13f 3f 4fc00a
13f 40 4ff000
13f 41 4ff000
13f 42 4fc00a
13f 43 4fc00a
13f 44 4ff000
13f 45 4ff000
13f 46 4fc00a
13f 47 4fc00a
13f 48 4ff000
13f 49 4ff000
13f 4a 4fc00a
13f 4b 4fc00a
13f 4c 4ff000
13f 4d 4ff000
13f 4e 4fc00a
13f 4f 4fc00a
13f 50 4ff000
13f 51 4ff000
13f 52 4fc00a
13f 53 4fc00a
13f 54 4ff000
13f 55 4ff000
13f 56 4fc00a
13f 57 4fc00a
13f 58 4ff000
13f 59 4ff000
13f 5a 4fc00a
13f 5b 4fc00a
13f 5c 4ff000
13f 5d 4ff000
13f 5e 4fc00a
13f 5f 4fc00a
13f 60 4ff000
13f 61 4ff000
13f 62 4fc00a
13f 63 4fc00a
13f 64 4ff000
13f 65 4ff000
13f 66 4fc00a
13f 67 4fc00a
13f 68 4ff000
13f 69 4ff000
13f 6a 4fc00a
13f 6b 4fc00a
13f 6c 4ff000
13f 6d 4ff000
13f 6e 4fc00a
13f 6f 4fc00a
13f 70 4ff000
13f 71 4ff000
13f 72 4fc00a
13f 73 4fc00a
13f 74 4ff000
13f 75 4ff000
13f 76 4fc00a
13f 77 4fc00a
13f 78 4ff000
13f 79 4ff000
13f 7a 4fc00a
13f 7b 4fc00a
13f 7c 4ff000
13f 7d 4ff000
13f 7e 4fc00a
13f 7f 4fc00a
13f 80 4ff000
13f 81 4ff000
13f 82 4fc00a
13f 83 4fc00a
13f 84 4ff000
13f 85 4ff000
13f 86 4fc00a
13f 87 4fc00a
13f 88 4ff000
13f 89 4ff000
13f 8a 4fc00a
13f 8b 4fc00a
13f 8c 4ff000
13f 8d 4ff000
13f 8e 4fc00a
13f 8f 4fc00a
13f 90 4ff000
13f 91 4ff000
13f 92 4fc00a
13f 93 4fc00a
13f 94 4ff000
13f 95 4ff000
13f 96 4fc00a
13f 97 4fc00a
13f 98 4ff000
13f 99 4ff000
13f 9a 4fc00a
13f 9b 4fc00a
13f 9c 4ff000
13f 9d 4ff000
13f 9e 4fc00a
13f 9f 4fc00a
13f a0 4ff000
13f a1 4ff000
13f a2 4fc00a
13f a3 4fc00a
13f a4 4ff000
13f a5 4ff000
13f a6 4fc00a
13f a7 4fc00a
13f a8 4ff000
13f a9 4ff000
13f aa 4fc00a
13f ab 4fc00a
13f ac 4ff000
13f ad 4ff000
13f ae 4fc00a
13f af 4fc00a
13f b0 4ff000
13f b1 4ff000
13f b2 4fc00a
13f b3 4fc00a
13f b4 4ff000
13f b5 4ff000
13f b6 4fc00a
13f b7 4fc00a
13f b8 4ff000
13f b9 4ff000
13f ba 4fc00a
13f bb 4fc00a
13f bc 4ff000
13f bd 4ff000
13f be 4fc00a
13f bf 4fc00a
13f c0 4ff000
13f c1 4ff000
13f c2 4fc00a
13f c3 4fc00a
13f c4 4ff000
13f c5 4ff000
13f c6 4fc00a
13f c7 4fc00a
13f c8 4ff000
13f c9 4ff000
13f ca 4fc00a
13f cb 4fc00a
13f cc 4ff000
13f cd 4ff000
13f ce 4fc00a
13f cf 4fc00a
13f d0 4ff000
13f d1 4ff000
13f d2 4fc00a
13f d3 4fc00a
13f d4 4ff000
13f d5 4ff000
13f d6 4fc00a
13f d7 4fc00a
13f d8 4ff000
13f d9 4ff000
13f da 4fc00a
13f db 4fc00a
13f dc 4ff000
13f dd 4ff000
13f de 4fc00a
13f df 4fc00a
13f e0 4ff000
13f e1 4ff000
13f e2 4fc00a
13f e3 4fc00a
13f e4 4ff000
13f e5 4ff000
13f e6 4fc00a
13f e7 4fc00a
13f e8 4ff000
13f e9 4ff000
13f ea 4fc00a
13f eb 4fc00a
13f ec 4ff000
13f ed 4ff000
13f ee 4fc00a
13f ef 4fc00a
13f f0 4ff000
13f f1 4ff000
13f f2 4fc00a
13f f3 4fc00a
13f f4 4ff000
13f f5 4ff000
13f f6 4fc00a
13f f7 4fc00a
13f f8 4ff000
13f f9 4ff000
13f fa 4fc00a
13f fb 4fc00a
13f fc 4ff000
13f fd 4ff000
13f fe 4fc00a
13f ff 4fc00a
13d 00 4f7400
13d 01 4f7400
13d 02 4f4408
13d 03 4f4408
13d 04 4f7400
13d 05 4f7400
13d 06 4f4408
13d 07 4f4408
13d 08 4f7400
13d 09 4f7400
13d 0a 4f4408
13d 0b 4f4408
13d 0c 4f7400
13d 0d 4f7400
13d 0e 4f4408
13d 0f 4f4408
13d 10 4f7400
13d 11 4f7400
13d 12 4f4408
13d 13 4f4408
13d 14 4f7400
13d 15 4f7400
13d 16 4f4408
13d 17 4f4408
13d 18 4f7400
13d 19 4f7400
13d 1a 4f4408
13d 1b 4f4408
13d 1c 4f7400
13d 1d 4f7400
13d 1e 4f4408
13d 1f 4f4408
13d 20 4f4480
13d 21 4f4480
13d 22 4f4488
13d 23 4f4488
13d 24 4f4480
13d 25 4f4480
13d 26 4f4488
13d 27 4f4488
13d 28 4f4480
13d 29 4f4480
13d 2a 4f4488
13d 2b 4f4488
13d 2c 4f4480
13d 2d 4f4480
13d 2e 4f4488
13d 2f 4f4488
13d 30 4f4480
13d 31 4f4480
13d 32 4f4488
13d 33 4f4488
13d 34 4f4480
13d 35 4f4480
13d 36 4f4488
13d 37 4f4488
13d 38 4f4480
13d 39 4f4480
13d 3a 4f4488
13d 3b 4f4488
13d 3c 4f4480
13d 3d 4f4480
13d 3e 4f4488
13d 3f 4f4488
13d 40 4f7400
13d 41 4f7400
13d 42 4f4408
13d 43 4f4408
13d 44 4f7400
13d 45 4f7400
13d 46 4f4408
13d 47 4f4408
13d 48 4f7400
13d 49 4f7400
13d 4a 4f4408
13d 4b 4f4408
13d 4c 4f7400
13d 4d 4f7400
13d 4e 4f4408
13d 4f 4f4408
13d 50 4f7400
13d 51 4f7400
13d 52 4f4408
13d 53 4f4408
13d 54 4f7400
13d 55 4f7400
13d 56 4f4408
13d 57 4f4408
13d 58 4f7400
13d 59 4f7400
13d 5a 4f4408
13d 5b 4f4408
13d 5c 4f7400
13d 5d 4f7400
13d 5e 4f4408
13d 5f 4f4408
13d 60 4f4480
13d 61 4f4480
13d 62 4f4488
13d 63 4f4488
13d 64 4f4480
13d 65 4f4480
13d 66 4f4488
13d 67 4f4488
13d 68 4f4480
13d 69 4f4480
13d 6a 4f4488
13d 6b 4f4488
13d 6c 4f4480
13d 6d 4f4480
13d 6e 4f4488
13d 6f 4f4488
13d 70 4f4480
13d 71 4f4480
13d 72 4f4488
13d 73 4f4488
13d 74 4f4480
13d 75 4f4480
13d 76 4f4488
13d 77 4f4488
13d 78 4f4480
13d 79 4f4480
13d 7a 4f4488
13d 7b 4f4488
13d 7c 4f4480
13d 7d 4f4480
13d 7e 4f4488
13d 7f 4f4488
13d 80 4f7400
13d 81 4f7400
13d 82 4f4408
13d 83 4f4408
13d 84 4f7400
13d 85 4f7400
13d 86 4f4408
13d 87 4f4408
13d 88 4f7400
13d 89 4f7400
13d 8a 4f4408
13d 8b 4f4408
13d 8c 4f7400
13d 8d 4f7400
13d 8e 4f4408
13d 8f 4f4408
13d 90 4f7400
13d 91 4f7400
13d 92 4f4408
13d 93 4f4408
13d 94 4f7400
13d 95 4f7400
13d 96 4f4408
13d 97 4f4408
13d 98 4f7400
13d 99 4f7400
13d 9a 4f4408
13d 9b 4f4408
13d 9c 4f7400
13d 9d 4f7400
13d 9e 4f4408
13d 9f 4f4408
13d a0 4f4480
13d a1 4f4480
13d a2 4f4488
13d a3 4f4488
13d a4 4f4480
13d a5 4f4480
13d a6 4f4488
13d a7 4f4488
13d a8 4f4480
13d a9 4f4480
13d aa 4f4488
13d ab 4f4488
13d ac 4f4480
13d ad 4f4480
13d ae 4f4488
13d af 4f4488
13d b0 4f4480
13d b1 4f4480
13d b2 4f4488
13d b3 4f4488
13d b4 4f4480
13d b5 4f4480
13d b6 4f4488
13d b7 4f4488
13d b8 4f4480
13d b9 4f4480
13d ba 4f4488
13d bb 4f4488
13d bc 4f4480
13d bd 4f4480
13d be 4f4488
13d bf 4f4488
13d c0 4f7400
13d c1 4f7400
13d c2 4f4408
13d c3 4f4408
13d c4 4f7400
13d c5 4f7400
13d c6 4f4408
13d c7 4f4408
13d c8 4f7400
13d c9 4f7400
13d ca 4f4408
13d cb 4f4408
13d cc 4f7400
13d cd 4f7400
13d ce 4f4408
13d cf 4f4408
13d d0 4f7400
13d d1 4f7400
13d d2 4f4408
13d d3 4f4408
13d d4 4f7400
13d d5 4f7400
13d d6 4f4408
13d d7 4f4408
13d d8 4f7400
13d d9 4f7400
13d da 4f4408
13d db 4f4408
13d dc 4f7400
13d dd 4f7400
13d de 4f4408
13d df 4f4408
13d e0 4f4480
13d e1 4f4480
13d e2 4f4488
13d e3 4f4488
13d e4 4f4480
13d e5 4f4480
13d e6 4f4488
13d e7 4f4488
13d e8 4f4480
13d e9 4f4480
13d ea 4f4488
13d eb 4f4488
13d ec 4f4480
13d ed 4f4480
13d ee 4f4488
13d ef 4f4488
13d f0 4f4480
13d f1 4f4480
13d f2 4f4488
13d f3 4f4488
13d f4 4f4480
13d f5 4f4480
13d f6 4f4488
13d f7 4f4488
13d f8 4f4480
13d f9 4f4480
13d fa 4f4488
13d fb 4f4488
13d fc 4f4480
13d fd 4f4480
13d fe 4f4488
13d ff 4f4488
134 00 4d3400
134 01 4d3400
134 02 4d0408
134 03 4d0408
134 04 4d3400
134 05 4d3400
134 06 4d0408
134 07 4d0408
134 08 4d3400
134 09 4d3400
134 0a 4d0408
134 0b 4d0408
134 0c 4d3400
134 0d 4d3400
134 0e 4d0408
134 0f 4d0408
134 10 4d3400
134 11 4d3400
134 12 4d0408
134 13 4d0408
134 14 4d3400
134 15 4d3400
134 16 4d0408
134 17 4d0408
134 18 4d3400
134 19 4d3400
134 1a 4d0408
134 1b 4d0408
134 1c 4d3400
134 1d 4d3400
134 1e 4d0408
134 1f 4d0408
134 20 4d0480
134 21 4d0480
134 22 4d0488
134 23 4d0488
134 24 4d0480
134 25 4d0480
134 26 4d0488
134 27 4d0488
134 28 4d0480
134 29 4d0480
134 2a 4d0488
134 2b 4d0488
134 2c 4d0480
134 2d 4d0480
134 2e 4d0488
134 2f 4d0488
134 30 4d0480
134 31 4d0480
134 32 4d0488
134 33 4d0488
134 34 4d0480
134 35 4d0480
134 36 4d0488
134 37 4d0488
134 38 4d0480
134 39 4d0480
134 3a 4d0488
134 3b 4d0488
134 3c 4d0480
134 3d 4d0480
134 3e 4d0488
134 3f 4d0488
134 40 4d3400
134 41 4d3400
134 42 4d0408
134 43 4d0408
134 44 4d3400
134 45 4d3400
134 46 4d0408
134 47 4d0408
134 48 4d3400
134 49 4d3400
134 4a 4d0408
134 4b 4d0408
134 4c 4d3400
134 4d 4d3400
134 4e 4d0408
134 4f 4d0408
134 50 4d3400
134 51 4d3400
134 52 4d0408
134 53 4d0408
134 54 4d3400
134 55 4d3400
134 56 4d0408
134 57 4d0408
134 58 4d3400
134 59 4d3400
134 5a 4d0408
134 5b 4d0408
134 5c 4d3400
134 5d 4d3400
134 5e 4d0408
134 5f 4d0408
134 60 4d0480
134 61 4d0480
134 62 4d0488
134 63 4d0488
134 64 4d0480
134 65 4d0480
134 66 4d0488
134 67 4d0488
134 68 4d0480
134 69 4d0480
134 6a 4d0488
134 6b 4d0488
134 6c 4d0480
134 6d 4d0480
134 6e 4d0488
134 6f 4d0488
134 70 4d0480
134 71 4d0480
134 72 4d0488
134 73 4d0488
134 74 4d0480
134 75 4d0480
134 76 4d0488
134 77 4d0488
134 78 4d0480
134 79 4d0480
134 7a 4d0488
134 7b 4d0488
134 7c 4d0480
134 7d 4d0480
134 7e 4d0488
134 7f 4d0488
134 80 4d3400
134 81 4d3400
134 82 4d0408
134 83 4d0408
134 84 4d3400
134 85 4d3400
134 86 4d0408
134 87 4d0408
134 88 4d3400
134 89 4d3400
134 8a 4d0408
134 8b 4d0408
134 8c 4d3400
134 8d 4d3400
134 8e 4d0408
134 8f 4d0408
134 90 4d3400
134 91 4d3400
134 92 4d0408
134 93 4d0408
134 94 4d3400
134 95 4d3400
134 96 4d0408
134 97 4d0408
134 98 4d3400
134 99 4d3400
134 9a 4d0408
134 9b 4d0408
134 9c 4d3400
134 9d 4d3400
134 9e 4d0408
134 9f 4d0408
134 a0 4d0480
134 a1 4d0480
134 a2 4d0488
134 a3 4d0488
134 a4 4d0480
134 a5 4d0480
134 a6 4d0488
134 a7 4d0488
134 a8 4d0480
134 a9 4d0480
134 aa 4d0488
134 ab 4d0488
134 ac 4d0480
134 ad 4d0480
134 ae 4d0488
134 af 4d0488
134 b0 4d0480
134 b1 4d0480
134 b2 4d0488
134 b3 4d0488
134 b4 4d0480
134 b5 4d0480
134 b6 4d0488
134 b7 4d0488
134 b8 4d0480
134 b9 4d0480
134 ba 4d0488
134 bb 4d0488
134 bc 4d0480
134 bd 4d0480
134 be 4d0488
134 bf 4d0488
134 c0 4d3400
134 c1 4d3400
134 c2 4d0408
134 c3 4d0408
134 c4 4d3400
134 c5 4d3400
134 c6 4d0408
134 c7 4d0408
134 c8 4d3400
134 c9 4d3400
134 ca 4d0408
134 cb 4d0408
134 cc 4d3400
134 cd 4d3400
134 ce 4d0408
134 cf 4d0408
134 d0 4d3400
134 d1 4d3400
134 d2 4d0408
134 d3 4d0408
134 d4 4d3400
134 d5 4d3400
134 d6 4d0408
134 d7 4d0408
134 d8 4d3400
134 d9 4d3400
134 da 4d0408
134 db 4d0408
134 dc 4d3400
134 dd 4d3400
134 de 4d0408
134 df 4d0408
134 e0 4d0480
134 e1 4d0480
134 e2 4d0488
134 e3 4d0488
134 e4 4d0480
134 e5 4d0480
134 e6 4d0488
134 e7 4d0488
134 e8 4d0480
134 e9 4d0480
134 ea 4d0488
134 eb 4d0488
134 ec 4d0480
134 ed 4d0480
134 ee 4d0488
134 ef 4d0488
134 f0 4d0480
134 f1 4d0480
134 f2 4d0488
134 f3 4d0488
134 f4 4d0480
134 f5 4d0480
134 f6 4d0488
134 f7 4d0488
134 f8 4d0480
134 f9 4d0480
134 fa 4d0488
134 fb 4d0488
134 fc 4d0480
134 fd 4d0480
134 fe 4d0488
134 ff 4d0488
137 00 4df400
137 01 4df400
137 02 4dc408
137 03 4dc408
137 04 4df400
137 05 4df400
137 06 4dc408
137 07 4dc408
137 08 4df400
137 09 4df400
137 0a 4dc408
137 0b 4dc408
137 0c 4df400
137 0d 4df400
137 0e 4dc408
137 0f 4dc408
137 10 4df400
137 11 4df400
137 12 4dc408
137 13 4dc408
137 14 4df400
137 15 4df400
137 16 4dc408
137 17 4dc408
137 18 4df400
137 19 4df400
137 1a 4dc408
137 1b 4dc408
137 1c 4df400
137 1d 4df400
137 1e 4dc408
137 1f 4dc408
137 20 4dc480
137 21 4dc480
137 22 4dc488
137 23 4dc488
137 24 4dc480
137 25 4dc480
137 26 4dc488
137 27 4dc488
137 28 4dc480
137 29 4dc480
137 2a 4dc488
137 2b 4dc488
137 2c 4dc480
137 2d 4dc480
137 2e 4dc488
137 2f 4dc488
137 30 4dc480
137 31 4dc480
137 32 4dc488
137 33 4dc488
137 34 4dc480
137 35 4dc480
137 36 4dc488
137 37 4dc488
137 38 4dc480
137 39 4dc480
137 3a 4dc488
137 3b 4dc488
137 3c 4dc480
137 3d 4dc480
137 3e 4dc488
137 3f 4dc488
137 40 4df400
137 41 4df400
137 42 4dc408
137 43 4dc408
137 44 4df400
137 45 4df400
137 46 4dc408
137 47 4dc408
137 48 4df400
137 49 4df400
137 4a 4dc408
137 4b 4dc408
137 4c 4df400
137 4d 4df400
137 4e 4dc408
137 4f 4dc408
137 50 4df400
137 51 4df400
137 52 4dc408
137 53 4dc408
137 54 4df400
137 55 4df400
137 56 4dc408
137 57 4dc408
137 58 4df400
137 59 4df400
137 5a 4dc408
137 5b 4dc408
137 5c 4df400
137 5d 4df400
137 5e 4dc408
137 5f 4dc408
137 60 4dc480
137 61 4dc480
137 62 4dc488
137 63 4dc488
137 64 4dc480
137 65 4dc480
137 66 4dc488
137 67 4dc488
137 68 4dc480
137 69 4dc480
137 6a 4dc488
137 6b 4dc488
137 6c 4dc480
137 6d 4dc480
137 6e 4dc488
137 6f 4dc488
137 70 4dc480
137 71 4dc480
137 72 4dc488
137 73 4dc488
137 74 4dc480
137 75 4dc480
137 76 4dc488
137 77 4dc488
137 78 4dc480
137 79 4dc480
137 7a 4dc488
137 7b 4dc488
137 7c 4dc480
137 7d 4dc480
137 7e 4dc488
137 7f 4dc488
137 80 4df400
137 81 4df400
137 82 4dc408
137 83 4dc408
137 84 4df400
137 85 4df400
137 86 4dc408
137 87 4dc408
137 88 4df400
137 89 4df400
137 8a 4dc408
137 8b 4dc408
137 8c 4df400
137 8d 4df400
137 8e 4dc408
137 8f 4dc408
137 90 4df400
137 91 4df400
137 92 4dc408
137 93 4dc408
137 94 4df400
137 95 4df400
137 96 4dc408
137 97 4dc408
137 98 4df400
137 99 4df400
137 9a 4dc408
137 9b 4dc408
137 9c 4df400
137 9d 4df400
137 9e 4dc408
137 9f 4dc408
137 a0 4dc480
137 a1 4dc480
137 a2 4dc488
137 a3 4dc488
137 a4 4dc480
137 a5 4dc480
137 a6 4dc488
137 a7 4dc488
137 a8 4dc480
137 a9 4dc480
137 aa 4dc488
137 ab 4dc488
137 ac 4dc480
137 ad 4dc480
137 ae 4dc488
137 af 4dc488
137 b0 4dc480
137 b1 4dc480
137 b2 4dc488
137 b3 4dc488
137 b4 4dc480
137 b5 4dc480
137 b6 4dc488
137 b7 4dc488
137 b8 4dc480
137 b9 4dc480
137 ba 4dc488
137 bb 4dc488
137 bc 4dc480
137 bd 4dc480
137 be 4dc488
137 bf 4dc488
137 c0 4df400
137 c1 4df400
137 c2 4dc408
137 c3 4dc408
137 c4 4df400
137 c5 4df400
137 c6 4dc408
137 c7 4dc408
137 c8 4df400
137 c9 4df400
137 ca 4dc408
137 cb 4dc408
137 cc 4df400
137 cd 4df400
137 ce 4dc408
137 cf 4dc408
137 d0 4df400
137 d1 4df400
137 d2 4dc408
137 d3 4dc408
137 d4 4df400
137 d5 4df400
137 d6 4dc408
137 d7 4dc408
137 d8 4df400
137 d9 4df400
137 da 4dc408
137 db 4dc408
137 dc 4df400
137 dd 4df400
137 de 4dc408
137 df 4dc408
137 e0 4dc480
137 e1 4dc480
137 e2 4dc488
137 e3 4dc488
137 e4 4dc480
137 e5 4dc480
137 e6 4dc488
137 e7 4dc488
137 e8 4dc480
137 e9 4dc480
137 ea 4dc488
137 eb 4dc488
137 ec 4dc480
137 ed 4dc480
137 ee 4dc488
137 ef 4dc488
137 f0 4dc480
137 f1 4dc480
137 f2 4dc488
137 f3 4dc488
137 f4 4dc480
137 f5 4dc480
137 f6 4dc488
137 f7 4dc488
137 f8 4dc480
137 f9 4dc480
137 fa 4dc488
137 fb 4dc488
137 fc 4dc480
137 fd 4dc480
137 fe 4dc488
137 ff 4dc488
135 00 4d7800
135 01 4d7800
135 02 4d4808
135 03 4d4808
135 04 4d7800
135 05 4d7800
135 06 4d4808
135 07 4d4808
135 08 4d7800
135 09 4d7800
135 0a 4d4808
135 0b 4d4808
135 0c 4d7800
135 0d 4d7800
135 0e 4d4808
135 0f 4d4808
135 10 4d7800
135 11 4d7800
135 12 4d4808
135 13 4d4808
135 14 4d7800
135 15 4d7800
135 16 4d4808
135 17 4d4808
135 18 4d7800
135 19 4d7800
135 1a 4d4808
135 1b 4d4808
135 1c 4d7800
135 1d 4d7800
135 1e 4d4808
135 1f 4d4808
135 20 4d4880
135 21 4d4880
135 22 4d4888
135 23 4d4888
135 24 4d4880
135 25 4d4880
135 26 4d4888
135 27 4d4888
135 28 4d4880
135 29 4d4880
135 2a 4d4888
135 2b 4d4888
135 2c 4d4880
135 2d 4d4880
135 2e 4d4888
135 2f 4d4888
135 30 4d4880
135 31 4d4880
135 32 4d4888
135 33 4d4888
135 34 4d4880
135 35 4d4880
135 36 4d4888
135 37 4d4888
135 38 4d4880
135 39 4d4880
135 3a 4d4888
135 3b 4d4888
135 3c 4d4880
135 3d 4d4880
135 3e 4d4888
135 3f 4d4888
135 40 4d7800
135 41 4d7800
135 42 4d4808
135 43 4d4808
135 44 4d7800
135 45 4d7800
135 46 4d4808
135 47 4d4808
135 48 4d7800
135 49 4d7800
135 4a 4d4808
135 4b 4d4808
135 4c 4d7800
135 4d 4d7800
135 4e 4d4808
135 4f 4d4808
135 50 4d7800
135 51 4d7800
135 52 4d4808
135 53 4d4808
135 54 4d7800
135 55 4d7800
135 56 4d4808
135 57 4d4808
135 58 4d7800
135 59 4d7800
135 5a 4d4808
135 5b 4d4808
135 5c 4d7800
135 5d 4d7800
135 5e 4d4808
135 5f 4d4808
135 60 4d4880
135 61 4d4880
135 62 4d4888
135 63 4d4888
135 64 4d4880
135 65 4d4880
135 66 4d4888
135 67 4d4888
135 68 4d4880
135 69 4d4880
135 6a 4d4888
135 6b 4d4888
135 6c 4d4880
135 6d 4d4880
135 6e 4d4888
135 6f 4d4888
135 70 4d4880
135 71 4d4880
135 72 4d4888
135 73 4d4888
135 74 4d4880
135 75 4d4880
135 76 4d4888
135 77 4d4888
135 78 4d4880
135 79 4d4880
135 7a 4d4888
135 7b 4d4888
135 7c 4d4880
135 7d 4d4880
135 7e 4d4888
135 7f 4d4888
135 80 4d7800
135 81 4d7800
135 82 4d4808
135 83 4d4808
135 84 4d7800
135 85 4d7800
135 86 4d4808
135 87 4d4808
135 88 4d7800
135 89 4d7800
135 8a 4d4808
135 8b 4d4808
135 8c 4d7800
135 8d 4d7800
135 8e 4d4808
135 8f 4d4808
135 90 4d7800
135 91 4d7800
135 92 4d4808
135 93 4d4808
135 94 4d7800
135 95 4d7800
135 96 4d4808
135 97 4d4808
135 98 4d7800
135 99 4d7800
135 9a 4d4808
135 9b 4d4808
135 9c 4d7800
135 9d 4d7800
135 9e 4d4808
135 9f 4d4808
135 a0 4d4880
135 a1 4d4880
135 a2 4d4888
135 a3 4d4888
135 a4 4d4880
135 a5 4d4880
135 a6 4d4888
135 a7 4d4888
135 a8 4d4880
135 a9 4d4880
135 aa 4d4888
135 ab 4d4888
135 ac 4d4880
135 ad 4d4880
135 ae 4d4888
135 af 4d4888
135 b0 4d4880
135 b1 4d4880
135 b2 4d4888
135 b3 4d4888
135 b4 4d4880
135 b5 4d4880
135 b6 4d4888
135 b7 4d4888
135 b8 4d4880
135 b9 4d4880
135 ba 4d4888
135 bb 4d4888
135 bc 4d4880
135 bd 4d4880
135 be 4d4888
135 bf 4d4888
135 c0 4d7800
135 c1 4d7800
135 c2 4d4808
135 c3 4d4808
135 c4 4d7800
135 c5 4d7800
135 c6 4d4808
135 c7 4d4808
135 c8 4d7800
135 c9 4d7800
135 ca 4d4808
135 cb 4d4808
135 cc 4d7800
135 cd 4d7800
135 ce 4d4808
135 cf 4d4808
135 d0 4d7800
135 d1 4d7800
135 d2 4d4808
135 d3 4d4808
135 d4 4d7800
135 d5 4d7800
135 d6 4d4808
135 d7 4d4808
135 d8 4d7800
135 d9 4d7800
135 da 4d4808
135 db 4d4808
135 dc 4d7800
135 dd 4d7800
135 de 4d4808
135 df 4d4808
135 e0 4d4880
135 e1 4d4880
135 e2 4d4888
135 e3 4d4888
135 e4 4d4880
135 e5 4d4880
135 e6 4d4888
135 e7 4d4888
135 e8 4d4880
135 e9 4d4880
135 ea 4d4888
135 eb 4d4888
135 ec 4d4880
135 ed 4d4880
135 ee 4d4888
135 ef 4d4888
135 f0 4d4880
135 f1 4d4880
135 f2 4d4888
135 f3 4d4888
135 f4 4d4880
135 f5 4d4880
135 f6 4d4888
135 f7 4d4888
135 f8 4d4880
135 f9 4d4880
135 fa 4d4888
135 fb 4d4888
135 fc 4d4880
135 fd 4d4880
135 fe 4d4888
135 ff 4d4888
110 00 443400
110 01 001404
110 02 0c1408
110 03 04140c
110 04 443400
110 05 001404
110 06 0c1408
110 07 04140c
110 08 443400
110 09 001404
110 0a 0c1408
110 0b 04140c
110 0c 443400
110 0d 001404
110 0e 0c1408
110 0f 04140c
110 10 c01440
110 11 401444
110 12 440448
110 13 44044c
110 14 c01440
110 15 401444
110 16 440448
110 17 44044c
110 18 c01440
110 19 401444
110 1a 440448
110 1b 44044c
110 1c c01440
110 1d 401444
110 1e 440448
110 1f 44044c
110 20 443400
110 21 001404
110 22 0c1408
110 23 04140c
110 24 443400
110 25 001404
110 26 0c1408
110 27 04140c
110 28 443400
110 29 001404
110 2a 0c1408
110 2b 04140c
110 2c 443400
110 2d 001404
110 2e 0c1408
110 2f 04140c
110 30 c01440
110 31 401444
110 32 440448
110 33 44044c
110 34 c01440
110 35 401444
110 36 440448
110 37 44044c
110 38 c01440
110 39 401444
110 3a 440448
110 3b 44044c
110 3c c01440
110 3d 401444
110 3e 440448
110 3f 44044c
110 40 443400
110 41 001404
110 42 0c1408
110 43 04140c
110 44 443400
110 45 001404
110 46 0c1408
110 47 04140c
110 48 443400
110 49 001404
110 4a 0c1408
110 4b 04140c
110 4c 443400
110 4d 001404
110 4e 0c1408
110 4f 04140c
110 50 c01440
110 51 401444
110 52 440448
110 53 44044c
110 54 c01440
110 55 401444
110 56 440448
110 57 44044c
110 58 c01440
110 59 401444
110 5a 440448
110 5b 44044c
110 5c c01440
110 5d 401444
110 5e 440448
110 5f 44044c
110 60 443400
110 61 001404
110 62 0c1408
110 63 04140c
110 64 443400
110 65 001404
110 66 0c1408
110 67 04140c
110 68 443400
110 69 001404
110 6a 0c1408
110 6b 04140c
110 6c 443400
110 6d 001404
110 6e 0c1408
110 6f 04140c
110 70 c01440
110 71 401444
110 72 440448
110 73 44044c
110 74 c01440
110 75 401444
110 76 440448
110 77 44044c
110 78 c01440
110 79 401444
110 7a 440448
110 7b 44044c
110 7c c01440
110 7d 401444
110 7e 440448
110 7f 44044c
110 80 443400
110 81 001404
110 82 0c1408
110 83 04140c
110 84 443400
110 85 001404
110 86 0c1408
110 87 04140c
110 88 443400
110 89 001404
110 8a 0c1408
110 8b 04140c
110 8c 443400
110 8d 001404
110 8e 0c1408
110 8f 04140c
110 90 c01440
110 91 401444
110 92 440448
110 93 44044c
110 94 c01440
110 95 401444
110 96 440448
110 97 44044c
110 98 c01440
110 99 401444
110 9a 440448
110 9b 44044c
110 9c c01440
110 9d 401444
110 9e 440448
110 9f 44044c
110 a0 443400
110 a1 001404
110 a2 0c1408
110 a3 04140c
110 a4 443400
110 a5 001404
110 a6 0c1408
110 a7 04140c
110 a8 443400
110 a9 001404
110 aa 0c1408
110 ab 04140c
110 ac 443400
110 ad 001404
110 ae 0c1408
110 af 04140c
110 b0 c01440
110 b1 401444
110 b2 440448
110 b3 44044c
110 b4 c01440
110 b5 401444
110 b6 440448
110 b7 44044c
110 b8 c01440
110 b9 401444
110 ba 440448
110 bb 44044c
110 bc c01440
110 bd 401444
110 be 440448
110 bf 44044c
110 c0 443400
110 c1 001404
110 c2 0c1408
110 c3 04140c
110 c4 443400
110 c5 001404
110 c6 0c1408
110 c7 04140c
110 c8 443400
110 c9 001404
110 ca 0c1408
110 cb 04140c
110 cc 443400
110 cd 001404
110 ce 0c1408
110 cf 04140c
110 d0 c01440
110 d1 401444
110 d2 440448
110 d3 44044c
110 d4 c01440
110 d5 401444
110 d6 440448
110 d7 44044c
110 d8 c01440
110 d9 401444
110 da 440448
110 db 44044c
110 dc c01440
110 dd 401444
110 de 440448
110 df 44044c
110 e0 443400
110 e1 001404
110 e2 0c1408
110 e3 04140c
110 e4 443400
110 e5 001404
110 e6 0c1408
110 e7 04140c
110 e8 443400
110 e9 001404
110 ea 0c1408
110 eb 04140c
110 ec 443400
110 ed 001404
110 ee 0c1408
110 ef 04140c
110 f0 c01440
110 f1 401444
110 f2 440448
110 f3 44044c
110 f4 c01440
110 f5 401444
110 f6 440448
110 f7 44044c
110 f8 c01440
110 f9 401444
110 fa 440448
110 fb 44044c
110 fc c01440
110 fd 401444
110 fe 440448
110 ff 44044c
113 00 44f400
113 01 44f400
113 02 44f400
113 03 44f400
113 04 44f400
113 05 44f400
113 06 44f400
113 07 44f400
113 08 44f400
113 09 44f400
113 0a 44f400
113 0b 44f400
113 0c 44f400
113 0d 44f400
113 0e 44f400
113 0f 44f400
113 10 44f400
113 11 44f400
113 12 44f400
113 13 44f400
113 14 44f400
113 15 44f400
113 16 44f400
113 17 44f400
113 18 44f400
113 19 44f400
113 1a 44f400
113 1b 44f400
113 1c 44f400
113 1d 44f400
113 1e 44f400
113 1f 44f400
113 20 ccd480
113 21 ccd480
113 22 ccd480
113 23 ccd480
113 24 ccd480
113 25 ccd480
113 26 ccd480
113 27 ccd480
113 28 ccd480
113 29 ccd480
113 2a ccd480
113 2b ccd480
113 2c ccd480
113 2d ccd480
113 2e ccd480
113 2f ccd480
113 30 ccd480
113 31 ccd480
113 32 ccd480
113 33 ccd480
113 34 ccd480
113 35 ccd480
113 36 ccd480
113 37 ccd480
113 38 ccd480
113 39 ccd480
113 3a ccd480
113 3b ccd480
113 3c ccd480
113 3d ccd480
113 3e ccd480
113 3f ccd480
113 40 44f400
113 41 44f400
113 42 44f400
113 43 44f400
113 44 44f400
113 45 44f400
113 46 44f400
113 47 44f400
113 48 44f400
113 49 44f400
113 4a 44f400
113 4b 44f400
113 4c 44f400
113 4d 44f400
113 4e 44f400
113 4f 44f400
113 50 44f400
113 51 44f400
113 52 44f400
113 53 44f400
113 54 44f400
113 55 44f400
113 56 44f400
113 57 44f400
113 58 44f400
113 59 44f400
113 5a 44f400
113 5b 44f400
113 5c 44f400
113 5d 44f400
113 5e 44f400
113 5f 44f400
113 60 ccd480
113 61 ccd480
113 62 ccd480
113 63 ccd480
113 64 ccd480
113 65 ccd480
113 66 ccd480
113 67 ccd480
113 68 ccd480
113 69 ccd480
113 6a ccd480
113 6b ccd480
113 6c ccd480
113 6d ccd480
113 6e ccd480
113 6f ccd480
113 70 ccd480
113 71 ccd480
113 72 ccd480
113 73 ccd480
113 74 ccd480
113 75 ccd480
113 76 ccd480
113 77 ccd480
113 78 ccd480
113 79 ccd480
113 7a ccd480
113 7b ccd480
113 7c ccd480
113 7d ccd480
113 7e ccd480
113 7f ccd480
113 80 44f400
113 81 44f400
113 82 44f400
113 83 44f400
113 84 44f400
113 85 44f400
113 86 44f400
113 87 44f400
113 88 44f400
113 89 44f400
113 8a 44f400
113 8b 44f400
113 8c 44f400
113 8d 44f400
113 8e 44f400
113 8f 44f400
113 90 44f400
113 91 44f400
113 92 44f400
113 93 44f400
113 94 44f400
113 95 44f400
113 96 44f400
113 97 44f400
113 98 44f400
113 99 44f400
113 9a 44f400
113 9b 44f400
113 9c 44f400
113 9d 44f400
113 9e 44f400
113 9f 44f400
113 a0 ccd480
113 a1 ccd480
113 a2 ccd480
113 a3 ccd480
113 a4 ccd480
113 a5 ccd480
113 a6 ccd480
113 a7 ccd480
113 a8 ccd480
113 a9 ccd480
113 aa ccd480
113 ab ccd480
113 ac ccd480
113 ad ccd480
113 ae ccd480
113 af ccd480
113 b0 ccd480
113 b1 ccd480
113 b2 ccd480
113 b3 ccd480
113 b4 ccd480
113 b5 ccd480
113 b6 ccd480
113 b7 ccd480
113 b8 ccd480
113 b9 ccd480
113 ba ccd480
113 bb ccd480
113 bc ccd480
113 bd ccd480
113 be ccd480
113 bf ccd480
113 c0 44f400
113 c1 44f400
113 c2 44f400
113 c3 44f400
113 c4 44f400
113 c5 44f400
113 c6 44f400
113 c7 44f400
113 c8 44f400
113 c9 44f400
113 ca 44f400
113 cb 44f400
113 cc 44f400
113 cd 44f400
113 ce 44f400
113 cf 44f400
113 d0 44f400
113 d1 44f400
113 d2 44f400
113 d3 44f400
113 d4 44f400
113 d5 44f400
113 d6 44f400
113 d7 44f400
113 d8 44f400
113 d9 44f400
113 da 44f400
113 db 44f400
113 dc 44f400
113 dd 44f400
113 de 44f400
113 df 44f400
113 e0 ccd480
113 e1 ccd480
113 e2 ccd480
113 e3 ccd480
113 e4 ccd480
113 e5 ccd480
113 e6 ccd480
113 e7 ccd480
113 e8 ccd480
113 e9 ccd480
113 ea ccd480
113 eb ccd480
113 ec ccd480
113 ed ccd480
113 ee ccd480
113 ef ccd480
113 f0 ccd480
113 f1 ccd480
113 f2 ccd480
113 f3 ccd480
113 f4 ccd480
113 f5 ccd480
113 f6 ccd480
113 f7 ccd480
113 f8 ccd480
113 f9 ccd480
113 fa ccd480
113 fb ccd480
113 fc ccd480
113 fd ccd480
113 fe ccd480
113 ff ccd480
111 00 447800
111 01 444804
111 02 444808
111 03 44480c
111 04 447800
111 05 444804
111 06 444808
111 07 44480c
111 08 447800
111 09 444804
111 0a 444808
111 0b 44480c
111 0c 447800
111 0d 444804
111 0e 444808
111 0f 44480c
111 10 444840
111 11 444844
111 12 444848
111 13 44484c
111 14 444840
111 15 444844
111 16 444848
111 17 44484c
111 18 444840
111 19 444844
111 1a 444848
111 1b 44484c
111 1c 444840
111 1d 444844
111 1e 444848
111 1f 44484c
111 20 444880
111 21 444884
111 22 444888
111 23 44488c
111 24 444880
111 25 444884
111 26 444888
111 27 44488c
111 28 444880
111 29 444884
111 2a 444888
111 2b 44488c
111 2c 444880
111 2d 444884
111 2e 444888
111 2f 44488c
111 30 4448c0
111 31 4448c4
111 32 4448c8
111 33 4448cc
111 34 4448c0
111 35 4448c4
111 36 4448c8
111 37 4448cc
111 38 4448c0
111 39 4448c4
111 3a 4448c8
111 3b 4448cc
111 3c 4448c0
111 3d 4448c4
111 3e 4448c8
111 3f 4448cc
111 40 447800
111 41 444804
111 42 444808
111 43 44480c
111 44 447800
111 45 444804
111 46 444808
111 47 44480c
111 48 447800
111 49 444804
111 4a 444808
111 4b 44480c
111 4c 447800
111 4d 444804
111 4e 444808
111 4f 44480c
111 50 444840
111 51 444844
111 52 444848
111 53 44484c
111 54 444840
111 55 444844
111 56 444848
111 57 44484c
111 58 444840
111 59 444844
111 5a 444848
111 5b 44484c
111 5c 444840
111 5d 444844
111 5e 444848
111 5f 44484c
111 60 444880
111 61 444884
111 62 444888
111 63 44488c
111 64 444880
111 65 444884
111 66 444888
111 67 44488c
111 68 444880
111 69 444884
111 6a 444888
111 6b 44488c
111 6c 444880
111 6d 444884
111 6e 444888
111 6f 44488c
111 70 4448c0
111 71 4448c4
111 72 4448c8
111 73 4448cc
111 74 4448c0
111 75 4448c4
111 76 4448c8
111 77 4448cc
111 78 4448c0
111 79 4448c4
111 7a 4448c8
111 7b 4448cc
111 7c 4448c0
111 7d 4448c4
111 7e 4448c8
111 7f 4448cc
111 80 447800
111 81 444804
111 82 444808
111 83 44480c
111 84 447800
111 85 444804
111 86 444808
111 87 44480c
111 88 447800
111 89 444804
111 8a 444808
111 8b 44480c
111 8c 447800
111 8d 444804
111 8e 444808
111 8f 44480c
111 90 444840
111 91 444844
111 92 444848
111 93 44484c
111 94 444840
111 95 444844
111 96 444848
111 97 44484c
111 98 444840
111 99 444844
111 9a 444848
111 9b 44484c
111 9c 444840
111 9d 444844
111 9e 444848
111 9f 44484c
111 a0 444880
111 a1 444884
111 a2 444888
111 a3 44488c
111 a4 444880
111 a5 444884
111 a6 444888
111 a7 44488c
111 a8 444880
111 a9 444884
111 aa 444888
111 ab 44488c
111 ac 444880
111 ad 444884
111 ae 444888
111 af 44488c
111 b0 4448c0
111 b1 4448c4
111 b2 4448c8
111 b3 4448cc
111 b4 4448c0
111 b5 4448c4
111 b6 4448c8
111 b7 4448cc
111 b8 4448c0
111 b9 4448c4
111 ba 4448c8
111 bb 4448cc
111 bc 4448c0
111 bd 4448c4
111 be 4448c8
111 bf 4448cc
111 c0 447800
111 c1 444804
111 c2 444808
111 c3 44480c
111 c4 447800
111 c5 444804
111 c6 444808
111 c7 44480c
111 c8 447800
111 c9 444804
111 ca 444808
111 cb 44480c
111 cc 447800
111 cd 444804
111 ce 444808
111 cf 44480c
111 d0 444840
111 d1 444844
111 d2 444848
111 d3 44484c
111 d4 444840
111 d5 444844
111 d6 444848
111 d7 44484c
111 d8 444840
111 d9 444844
111 da 444848
111 db 44484c
111 dc 444840
111 dd 444844
111 de 444848
111 df 44484c
111 e0 444880
111 e1 444884
111 e2 444888
111 e3 44488c
111 e4 444880
111 e5 444884
111 e6 444888
111 e7 44488c
111 e8 444880
111 e9 444884
111 ea 444888
111 eb 44488c
111 ec 444880
111 ed 444884
111 ee 444888
111 ef 44488c
111 f0 4448c0
111 f1 4448c4
111 f2 4448c8
111 f3 4448cc
111 f4 4448c0
111 f5 4448c4
111 f6 4448c8
111 f7 4448cc
111 f8 4448c0
111 f9 4448c4
111 fa 4448c8
111 fb 4448cc
111 fc 4448c0
111 fd 4448c4
111 fe 4448c8
111 ff 4448cc
11c 00 473400
11c 01 473400
11c 02 473400
11c 03 473400
11c 04 473400
11c 05 473400
11c 06 473400
11c 07 473400
11c 08 473400
11c 09 473400
11c 0a 473400
11c 0b 473400
11c 0c 473400
11c 0d 473400
11c 0e 473400
11c 0f 473400
11c 10 473400
11c 11 473400
11c 12 473400
11c 13 473400
11c 14 473400
11c 15 473400
11c 16 473400
11c 17 473400
11c 18 473400
11c 19 473400
11c 1a 473400
11c 1b 473400
11c 1c 473400
11c 1d 473400
11c 1e 473400
11c 1f 473400
11c 20 cf1480
11c 21 cf1480
11c 22 cf1480
11c 23 cf1480
11c 24 cf1480
11c 25 cf1480
11c 26 cf1480
11c 27 cf1480
11c 28 cf1480
11c 29 cf1480
11c 2a cf1480
11c 2b cf1480
11c 2c cf1480
11c 2d cf1480
11c 2e cf1480
11c 2f cf1480
11c 30 cf1480
11c 31 cf1480
11c 32 cf1480
11c 33 cf1480
11c 34 cf1480
11c 35 cf1480
11c 36 cf1480
11c 37 cf1480
11c 38 cf1480
11c 39 cf1480
11c 3a cf1480
11c 3b cf1480
11c 3c cf1480
11c 3d cf1480
11c 3e cf1480
11c 3f cf1480
11c 40 473400
11c 41 473400
11c 42 473400
11c 43 473400
11c 44 473400
11c 45 473400
11c 46 473400
11c 47 473400
11c 48 473400
11c 49 473400
11c 4a 473400
11c 4b 473400
11c 4c 473400
11c 4d 473400
11c 4e 473400
11c 4f 473400
11c 50 473400
11c 51 473400
11c 52 473400
11c 53 473400
11c 54 473400
11c 55 473400
11c 56 473400
11c 57 473400
11c 58 473400
11c 59 473400
11c 5a 473400
11c 5b 473400
11c 5c 473400
11c 5d 473400
11c 5e 473400
11c 5f 473400
11c 60 cf1480
11c 61 cf1480
11c 62 cf1480
11c 63 cf1480
11c 64 cf1480
11c 65 cf1480
11c 66 cf1480
11c 67 cf1480
11c 68 cf1480
11c 69 cf1480
11c 6a cf1480
11c 6b cf1480
11c 6c cf1480
11c 6d cf1480
11c 6e cf1480
11c 6f cf1480
11c 70 cf1480
11c 71 cf1480
11c 72 cf1480
11c 73 cf1480
11c 74 cf1480
11c 75 cf1480
11c 76 cf1480
11c 77 cf1480
11c 78 cf1480
11c 79 cf1480
11c 7a cf1480
11c 7b cf1480
11c 7c cf1480
11c 7d cf1480
11c 7e cf1480
11c 7f cf1480
11c 80 473400
11c 81 473400
11c 82 473400
11c 83 473400
11c 84 473400
11c 85 473400
11c 86 473400
11c 87 473400
11c 88 473400
11c 89 473400
11c 8a 473400
11c 8b 473400
11c 8c 473400
11c 8d 473400
11c 8e 473400
11c 8f 473400
11c 90 473400
11c 91 473400
11c 92 473400
11c 93 473400
11c 94 473400
11c 95 473400
11c 96 473400
11c 97 473400
11c 98 473400
11c 99 473400
11c 9a 473400
11c 9b 473400
11c 9c 473400
11c 9d 473400
11c 9e 473400
11c 9f 473400
11c a0 cf1480
11c a1 cf1480
11c a2 cf1480
11c a3 cf1480
11c a4 cf1480
11c a5 cf1480
11c a6 cf1480
11c a7 cf1480
11c a8 cf1480
11c a9 cf1480
11c aa cf1480
11c ab cf1480
11c ac cf1480
11c ad cf1480
11c ae cf1480
11c af cf1480
11c b0 cf1480
11c b1 cf1480
11c b2 cf1480
11c b3 cf1480
11c b4 cf1480
11c b5 cf1480
11c b6 cf1480
11c b7 cf1480
11c b8 cf1480
11c b9 cf1480
11c ba cf1480
11c bb cf1480
11c bc cf1480
11c bd cf1480
11c be cf1480
11c bf cf1480
11c c0 473400
11c c1 473400
11c c2 473400
11c c3 473400
11c c4 473400
11c c5 473400
11c c6 473400
11c c7 473400
11c c8 473400
11c c9 473400
11c ca 473400
11c cb 473400
11c cc 473400
11c cd 473400
11c ce 473400
11c cf 473400
11c d0 473400
11c d1 473400
11c d2 473400
11c d3 473400
11c d4 473400
11c d5 473400
11c d6 473400
11c d7 473400
11c d8 473400
11c d9 473400
11c da 473400
11c db 473400
11c dc 473400
11c dd 473400
11c de 473400
11c df 473400
11c e0 cf1480
11c e1 cf1480
11c e2 cf1480
11c e3 cf1480
11c e4 cf1480
11c e5 cf1480
11c e6 cf1480
11c e7 cf1480
11c e8 cf1480
11c e9 cf1480
11c ea cf1480
11c eb cf1480
11c ec cf1480
11c ed cf1480
11c ee cf1480
11c ef cf1480
11c f0 cf1480
11c f1 cf1480
11c f2 cf1480
11c f3 cf1480
11c f4 cf1480
11c f5 cf1480
11c f6 cf1480
11c f7 cf1480
11c f8 cf1480
11c f9 cf1480
11c fa cf1480
11c fb cf1480
11c fc cf1480
11c fd cf1480
11c fe cf1480
11c ff cf1480
11f 00 47f400
11f 01 03d404
11f 02 0fd408
11f 03 07d40c
11f 04 47f400
11f 05 03d404
11f 06 0fd408
11f 07 07d40c
11f 08 47f400
11f 09 03d404
11f 0a 0fd408
11f 0b 07d40c
11f 0c 47f400
11f 0d 03d404
11f 0e 0fd408
11f 0f 07d40c
11f 10 c3d440
11f 11 43d444
11f 12 47c448
11f 13 47c44c
11f 14 c3d440
11f 15 43d444
11f 16 47c448
11f 17 47c44c
11f 18 c3d440
11f 19 43d444
11f 1a 47c448
11f 1b 47c44c
11f 1c c3d440
11f 1d 43d444
11f 1e 47c448
11f 1f 47c44c
11f 20 47f400
11f 21 03d404
11f 22 0fd408
11f 23 07d40c
11f 24 47f400
11f 25 03d404
11f 26 0fd408
11f 27 07d40c
11f 28 47f400
11f 29 03d404
11f 2a 0fd408
11f 2b 07d40c
11f 2c 47f400
11f 2d 03d404
11f 2e 0fd408
11f 2f 07d40c
11f 30 c3d440
11f 31 43d444
11f 32 47c448
11f 33 47c44c
11f 34 c3d440
11f 35 43d444
11f 36 47c448
11f 37 47c44c
11f 38 c3d440
11f 39 43d444
11f 3a 47c448
11f 3b 47c44c
11f 3c c3d440
11f 3d 43d444
11f 3e 47c448
11f 3f 47c44c
11f 40 47f400
11f 41 03d404
11f 42 0fd408
11f 43 07d40c
11f 44 47f400
11f 45 03d404
11f 46 0fd408
11f 47 07d40c
11f 48 47f400
11f 49 03d404
11f 4a 0fd408
11f 4b 07d40c
11f 4c 47f400
11f 4d 03d404
11f 4e 0fd408
11f 4f 07d40c
11f 50 c3d440
11f 51 43d444
11f 52 47c448
11f 53 47c44c
11f 54 c3d440
11f 55 43d444
11f 56 47c448
11f 57 47c44c
11f 58 c3d440
11f 59 43d444
11f 5a 47c448
11f 5b 47c44c
11f 5c c3d440
11f 5d 43d444
11f 5e 47c448
11f 5f 47c44c
11f 60 47f400
11f 61 03d404
11f 62 0fd408
11f 63 07d40c
11f 64 47f400
11f 65 03d404
11f 66 0fd408
11f 67 07d40c
11f 68 47f400
11f 69 03d404
11f 6a 0fd408
11f 6b 07d40c
11f 6c 47f400
11f 6d 03d404
11f 6e 0fd408
11f 6f 07d40c
11f 70 c3d440
11f 71 43d444
11f 72 47c448
11f 73 47c44c
11f 74 c3d440
11f 75 43d444
11f 76 47c448
11f 77 47c44c
11f 78 c3d440
11f 79 43d444
11f 7a 47c448
11f 7b 47c44c
11f 7c c3d440
11f 7d 43d444
11f 7e 47c448
11f 7f 47c44c
11f 80 47f400
11f 81 03d404
11f 82 0fd408
11f 83 07d40c
11f 84 47f400
11f 85 03d404
11f 86 0fd408
11f 87 07d40c
11f 88 47f400
11f 89 03d404
11f 8a 0fd408
11f 8b 07d40c
11f 8c 47f400
11f 8d 03d404
11f 8e 0fd408
11f 8f 07d40c
11f 90 c3d440
11f 91 43d444
11f 92 47c448
11f 93 47c44c
11f 94 c3d440
11f 95 43d444
11f 96 47c448
11f 97 47c44c
11f 98 c3d440
11f 99 43d444
11f 9a 47c448
11f 9b 47c44c
11f 9c c3d440
11f 9d 43d444
11f 9e 47c448
11f 9f 47c44c
11f a0 47f400
11f a1 03d404
11f a2 0fd408
11f a3 07d40c
11f a4 47f400
11f a5 03d404
11f a6 0fd408
11f a7 07d40c
11f a8 47f400
11f a9 03d404
11f aa 0fd408
11f ab 07d40c
11f ac 47f400
11f ad 03d404
11f ae 0fd408
11f af 07d40c
11f b0 c3d440
11f b1 43d444
11f b2 47c448
11f b3 47c44c
11f b4 c3d440
11f b5 43d444
11f b6 47c448
11f b7 47c44c
11f b8 c3d440
11f b9 43d444
11f ba 47c448
11f bb 47c44c
11f bc c3d440
11f bd 43d444
11f be 47c448
11f bf 47c44c
11f c0 47f400
11f c1 03d404
11f c2 0fd408
11f c3 07d40c
11f c4 47f400
11f c5 03d404
11f c6 0fd408
11f c7 07d40c
11f c8 47f400
11f c9 03d404
11f ca 0fd408
11f cb 07d40c
11f cc 47f400
11f cd 03d404
11f ce 0fd408
11f cf 07d40c
11f d0 c3d440
11f d1 43d444
11f d2 47c448
11f d3 47c44c
11f d4 c3d440
11f d5 43d444
11f d6 47c448
11f d7 47c44c
11f d8 c3d440
11f d9 43d444
11f da 47c448
11f db 47c44c
11f dc c3d440
11f dd 43d444
11f de 47c448
11f df 47c44c
11f e0 47f400
11f e1 03d404
11f e2 0fd408
11f e3 07d40c
11f e4 47f400
11f e5 03d404
11f e6 0fd408
11f e7 07d40c
11f e8 47f400
11f e9 03d404
11f ea 0fd408
11f eb 07d40c
11f ec 47f400
11f ed 03d404
11f ee 0fd408
11f ef 07d40c
11f f0 c3d440
11f f1 43d444
11f f2 47c448
11f f3 47c44c
11f f4 c3d440
11f f5 43d444
11f f6 47c448
11f f7 47c44c
11f f8 c3d440
11f f9 43d444
11f fa 47c448
11f fb 47c44c
11f fc c3d440
11f fd 43d444
11f fe 47c448
11f ff 47c44c
11d 00 477800
11d 01 474804
11d 02 474808
11d 03 47480c
11d 04 477800
11d 05 474804
11d 06 474808
11d 07 47480c
11d 08 477800
11d 09 474804
11d 0a 474808
11d 0b 47480c
11d 0c 477800
11d 0d 474804
11d 0e 474808
11d 0f 47480c
11d 10 474840
11d 11 474844
11d 12 474848
11d 13 47484c
11d 14 474840
11d 15 474844
11d 16 474848
11d 17 47484c
11d 18 474840
11d 19 474844
11d 1a 474848
11d 1b 47484c
11d 1c 474840
11d 1d 474844
11d 1e 474848
11d 1f 47484c
11d 20 474880
11d 21 474884
11d 22 474888
11d 23 47488c
11d 24 474880
11d 25 474884
11d 26 474888
11d 27 47488c
11d 28 474880
11d 29 474884
11d 2a 474888
11d 2b 47488c
11d 2c 474880
11d 2d 474884
11d 2e 474888
11d 2f 47488c
11d 30 4748c0
11d 31 4748c4
11d 32 4748c8
11d 33 4748cc
11d 34 4748c0
11d 35 4748c4
11d 36 4748c8
11d 37 4748cc
11d 38 4748c0
11d 39 4748c4
11d 3a 4748c8
11d 3b 4748cc
11d 3c 4748c0
11d 3d 4748c4
11d 3e 4748c8
11d 3f 4748cc
11d 40 477800
11d 41 474804
11d 42 474808
11d 43 47480c
11d 44 477800
11d 45 474804
11d 46 474808
11d 47 47480c
11d 48 477800
11d 49 474804
11d 4a 474808
11d 4b 47480c
11d 4c 477800
11d 4d 474804
11d 4e 474808
11d 4f 47480c
11d 50 474840
11d 51 474844
11d 52 474848
11d 53 47484c
11d 54 474840
11d 55 474844
11d 56 474848
11d 57 47484c
11d 58 474840
11d 59 474844
11d 5a 474848
11d 5b 47484c
11d 5c 474840
11d 5d 474844
11d 5e 474848
11d 5f 47484c
11d 60 474880
11d 61 474884
11d 62 474888
11d 63 47488c
11d 64 474880
11d 65 474884
11d 66 474888
11d 67 47488c
11d 68 474880
11d 69 474884
11d 6a 474888
11d 6b 47488c
11d 6c 474880
11d 6d 474884
11d 6e 474888
11d 6f 47488c
11d 70 4748c0
11d 71 4748c4
11d 72 4748c8
11d 73 4748cc
11d 74 4748c0
11d 75 4748c4
11d 76 4748c8
11d 77 4748cc
11d 78 4748c0
11d 79 4748c4
11d 7a 4748c8
11d 7b 4748cc
11d 7c 4748c0
11d 7d 4748c4
11d 7e 4748c8
11d 7f 4748cc
11d 80 477800
11d 81 474804
11d 82 474808
11d 83 47480c
11d 84 477800
11d 85 474804
11d 86 474808
11d 87 47480c
11d 88 477800
11d 89 474804
11d 8a 474808
11d 8b 47480c
11d 8c 477800
11d 8d 474804
11d 8e 474808
11d 8f 47480c
11d 90 474840
11d 91 474844
11d 92 474848
11d 93 47484c
11d 94 474840
11d 95 474844
11d 96 474848
11d 97 47484c
11d 98 474840
11d 99 474844
11d 9a 474848
11d 9b 47484c
11d 9c 474840
11d 9d 474844
11d 9e 474848
11d 9f 47484c
11d a0 474880
11d a1 474884
11d a2 474888
11d a3 47488c
11d a4 474880
11d a5 474884
11d a6 474888
11d a7 47488c
11d a8 474880
11d a9 474884
11d aa 474888
11d ab 47488c
11d ac 474880
11d ad 474884
11d ae 474888
11d af 47488c
11d b0 4748c0
11d b1 4748c4
11d b2 4748c8
11d b3 4748cc
11d b4 4748c0
11d b5 4748c4
11d b6 4748c8
11d b7 4748cc
11d b8 4748c0
11d b9 4748c4
11d ba 4748c8
11d bb 4748cc
11d bc 4748c0
11d bd 4748c4
11d be 4748c8
11d bf 4748cc
11d c0 477800
11d c1 474804
11d c2 474808
11d c3 47480c
11d c4 477800
11d c5 474804
11d c6 474808
11d c7 47480c
11d c8 477800
11d c9 474804
11d ca 474808
11d cb 47480c
11d cc 477800
11d cd 474804
11d ce 474808
11d cf 47480c
11d d0 474840
11d d1 474844
11d d2 474848
11d d3 47484c
11d d4 474840
11d d5 474844
11d d6 474848
11d d7 47484c
11d d8 474840
11d d9 474844
11d da 474848
11d db 47484c
11d dc 474840
11d dd 474844
11d de 474848
11d df 47484c
11d e0 474880
11d e1 474884
11d e2 474888
11d e3 47488c
11d e4 474880
11d e5 474884
11d e6 474888
11d e7 47488c
11d e8 474880
11d e9 474884
11d ea 474888
11d eb 47488c
11d ec 474880
11d ed 474884
11d ee 474888
11d ef 47488c
11d f0 4748c0
11d f1 4748c4
11d f2 4748c8
11d f3 4748cc
11d f4 4748c0
11d f5 4748c4
11d f6 4748c8
11d f7 4748cc
11d f8 4748c0
11d f9 4748c4
11d fa 4748c8
11d fb 4748cc
11d fc 4748c0
11d fd 4748c4
11d fe 4748c8
11d ff 4748cc
114 00 453800
114 01 450804
114 02 450808
114 03 45080c
114 04 453800
114 05 450804
114 06 450808
114 07 45080c
114 08 453800
114 09 450804
114 0a 450808
114 0b 45080c
114 0c 453800
114 0d 450804
114 0e 450808
114 0f 45080c
114 10 450840
114 11 450844
114 12 450848
114 13 45084c
114 14 450840
114 15 450844
114 16 450848
114 17 45084c
114 18 450840
114 19 450844
114 1a 450848
114 1b 45084c
114 1c 450840
114 1d 450844
114 1e 450848
114 1f 45084c
114 20 450880
114 21 450884
114 22 450888
114 23 45088c
114 24 450880
114 25 450884
114 26 450888
114 27 45088c
114 28 450880
114 29 450884
114 2a 450888
114 2b 45088c
114 2c 450880
114 2d 450884
114 2e 450888
114 2f 45088c
114 30 4508c0
114 31 4508c4
114 32 4508c8
114 33 4508cc
114 34 4508c0
114 35 4508c4
114 36 4508c8
114 37 4508cc
114 38 4508c0
114 39 4508c4
114 3a 4508c8
114 3b 4508cc
114 3c 4508c0
114 3d 4508c4
114 3e 4508c8
114 3f 4508cc
114 40 453800
114 41 450804
114 42 450808
114 43 45080c
114 44 453800
114 45 450804
114 46 450808
114 47 45080c
114 48 453800
114 49 450804
114 4a 450808
114 4b 45080c
114 4c 453800
114 4d 450804
114 4e 450808
114 4f 45080c
114 50 450840
114 51 450844
114 52 450848
114 53 45084c
114 54 450840
114 55 450844
114 56 450848
114 57 45084c
114 58 450840
114 59 450844
114 5a 450848
114 5b 45084c
114 5c 450840
114 5d 450844
114 5e 450848
114 5f 45084c
114 60 450880
114 61 450884
114 62 450888
114 63 45088c
114 64 450880
114 65 450884
114 66 450888
114 67 45088c
114 68 450880
114 69 450884
114 6a 450888
114 6b 45088c
114 6c 450880
114 6d 450884
114 6e 450888
114 6f 45088c
114 70 4508c0
114 71 4508c4
114 72 4508c8
114 73 4508cc
114 74 4508c0
114 75 4508c4
114 76 4508c8
114 77 4508cc
114 78 4508c0
114 79 4508c4
114 7a 4508c8
114 7b 4508cc
114 7c 4508c0
114 7d 4508c4
114 7e 4508c8
114 7f 4508cc
114 80 453800
114 81 450804
114 82 450808
114 83 45080c
114 84 453800
114 85 450804
114 86 450808
114 87 45080c
114 88 453800
114 89 450804
114 8a 450808
114 8b 45080c
114 8c 453800
114 8d 450804
114 8e 450808
114 8f 45080c
114 90 450840
114 91 450844
114 92 450848
114 93 45084c
114 94 450840
114 95 450844
114 96 450848
114 97 45084c
114 98 450840
114 99 450844
114 9a 450848
114 9b 45084c
114 9c 450840
114 9d 450844
114 9e 450848
114 9f 45084c
114 a0 450880
114 a1 450884
114 a2 450888
114 a3 45088c
114 a4 450880
114 a5 450884
114 a6 450888
114 a7 45088c
114 a8 450880
114 a9 450884
114 aa 450888
114 ab 45088c
114 ac 450880
114 ad 450884
114 ae 450888
114 af 45088c
114 b0 4508c0
114 b1 4508c4
114 b2 4508c8
114 b3 4508cc
114 b4 4508c0
114 b5 4508c4
114 b6 4508c8
114 b7 4508cc
114 b8 4508c0
114 b9 4508c4
114 ba 4508c8
114 bb 4508cc
114 bc 4508c0
114 bd 4508c4
114 be 4508c8
114 bf 4508cc
114 c0 453800
114 c1 450804
114 c2 450808
114 c3 45080c
114 c4 453800
114 c5 450804
114 c6 450808
114 c7 45080c
114 c8 453800
114 c9 450804
114 ca 450808
114 cb 45080c
114 cc 453800
114 cd 450804
114 ce 450808
114 cf 45080c
114 d0 450840
114 d1 450844
114 d2 450848
114 d3 45084c
114 d4 450840
114 d5 450844
114 d6 450848
114 d7 45084c
114 d8 450840
114 d9 450844
114 da 450848
114 db 45084c
114 dc 450840
114 dd 450844
114 de 450848
114 df 45084c
114 e0 450880
114 e1 450884
114 e2 450888
114 e3 45088c
114 e4 450880
114 e5 450884
114 e6 450888
114 e7 45088c
114 e8 450880
114 e9 450884
114 ea 450888
114 eb 45088c
114 ec 450880
114 ed 450884
114 ee 450888
114 ef 45088c
114 f0 4508c0
114 f1 4508c4
114 f2 4508c8
114 f3 4508cc
114 f4 4508c0
114 f5 4508c4
114 f6 4508c8
114 f7 4508cc
114 f8 4508c0
114 f9 4508c4
114 fa 4508c8
114 fb 4508cc
114 fc 4508c0
114 fd 4508c4
114 fe 4508c8
114 ff 4508cc
117 00 45f800
117 01 45c804
117 02 45c808
117 03 45c80c
117 04 45f800
117 05 45c804
117 06 45c808
117 07 45c80c
117 08 45f800
117 09 45c804
117 0a 45c808
117 0b 45c80c
117 0c 45f800
117 0d 45c804
117 0e 45c808
117 0f 45c80c
117 10 45c840
117 11 45c844
117 12 45c848
117 13 45c84c
117 14 45c840
117 15 45c844
117 16 45c848
117 17 45c84c
117 18 45c840
117 19 45c844
117 1a 45c848
117 1b 45c84c
117 1c 45c840
117 1d 45c844
117 1e 45c848
117 1f 45c84c
117 20 45c880
117 21 45c884
117 22 45c888
117 23 45c88c
117 24 45c880
117 25 45c884
117 26 45c888
117 27 45c88c
117 28 45c880
117 29 45c884
117 2a 45c888
117 2b 45c88c
117 2c 45c880
117 2d 45c884
117 2e 45c888
117 2f 45c88c
117 30 45c8c0
117 31 45c8c4
117 32 45c8c8
117 33 45c8cc
117 34 45c8c0
117 35 45c8c4
117 36 45c8c8
117 37 45c8cc
117 38 45c8c0
117 39 45c8c4
117 3a 45c8c8
117 3b 45c8cc
117 3c 45c8c0
117 3d 45c8c4
117 3e 45c8c8
117 3f 45c8cc
117 40 45f800
117 41 45c804
117 42 45c808
117 43 45c80c
117 44 45f800
117 45 45c804
117 46 45c808
117 47 45c80c
117 48 45f800
117 49 45c804
117 4a 45c808
117 4b 45c80c
117 4c 45f800
117 4d 45c804
117 4e 45c808
117 4f 45c80c
117 50 45c840
117 51 45c844
117 52 45c848
117 53 45c84c
117 54 45c840
117 55 45c844
117 56 45c848
117 57 45c84c
117 58 45c840
117 59 45c844
117 5a 45c848
117 5b 45c84c
117 5c 45c840
117 5d 45c844
117 5e 45c848
117 5f 45c84c
117 60 45c880
117 61 45c884
117 62 45c888
117 63 45c88c
117 64 45c880
117 65 45c884
117 66 45c888
117 67 45c88c
117 68 45c880
117 69 45c884
117 6a 45c888
117 6b 45c88c
117 6c 45c880
117 6d 45c884
117 6e 45c888
117 6f 45c88c
117 70 45c8c0
117 71 45c8c4
117 72 45c8c8
117 73 45c8cc
117 74 45c8c0
117 75 45c8c4
117 76 45c8c8
117 77 45c8cc
117 78 45c8c0
117 79 45c8c4
117 7a 45c8c8
117 7b 45c8cc
117 7c 45c8c0
117 7d 45c8c4
117 7e 45c8c8
117 7f 45c8cc
117 80 45f800
117 81 45c804
117 82 45c808
117 83 45c80c
117 84 45f800
117 85 45c804
117 86 45c808
117 87 45c80c
117 88 45f800
117 89 45c804
117 8a 45c808
117 8b 45c80c
117 8c 45f800
117 8d 45c804
117 8e 45c808
117 8f 45c80c
117 90 45c840
117 91 45c844
117 92 45c848
117 93 45c84c
117 94 45c840
117 95 45c844
117 96 45c848
117 97 45c84c
117 98 45c840
117 99 45c844
117 9a 45c848
117 9b 45c84c
117 9c 45c840
117 9d 45c844
117 9e 45c848
117 9f 45c84c
117 a0 45c880
117 a1 45c884
117 a2 45c888
117 a3 45c88c
117 a4 45c880
117 a5 45c884
117 a6 45c888
117 a7 45c88c
117 a8 45c880
117 a9 45c884
117 aa 45c888
117 ab 45c88c
117 ac 45c880
117 ad 45c884
117 ae 45c888
117 af 45c88c
117 b0 45c8c0
117 b1 45c8c4
117 b2 45c8c8
117 b3 45c8cc
117 b4 45c8c0
117 b5 45c8c4
117 b6 45c8c8
117 b7 45c8cc
117 b8 45c8c0
117 b9 45c8c4
117 ba 45c8c8
117 bb 45c8cc
117 bc 45c8c0
117 bd 45c8c4
117 be 45c8c8
117 bf 45c8cc
117 c0 45f800
117 c1 45c804
117 c2 45c808
117 c3 45c80c
117 c4 45f800
117 c5 45c804
117 c6 45c808
117 c7 45c80c
117 c8 45f800
117 c9 45c804
117 ca 45c808
117 cb 45c80c
117 cc 45f800
117 cd 45c804
117 ce 45c808
117 cf 45c80c
117 d0 45c840
117 d1 45c844
117 d2 45c848
117 d3 45c84c
117 d4 45c840
117 d5 45c844
117 d6 45c848
117 d7 45c84c
117 d8 45c840
117 d9 45c844
117 da 45c848
117 db 45c84c
117 dc 45c840
117 dd 45c844
117 de 45c848
117 df 45c84c
117 e0 45c880
117 e1 45c884
117 e2 45c888
117 e3 45c88c
117 e4 45c880
117 e5 45c884
117 e6 45c888
117 e7 45c88c
117 e8 45c880
117 e9 45c884
117 ea 45c888
117 eb 45c88c
117 ec 45c880
117 ed 45c884
117 ee 45c888
117 ef 45c88c
117 f0 45c8c0
117 f1 45c8c4
117 f2 45c8c8
117 f3 45c8cc
117 f4 45c8c0
117 f5 45c8c4
117 f6 45c8c8
117 f7 45c8cc
117 f8 45c8c0
117 f9 45c8c4
117 fa 45c8c8
117 fb 45c8cc
117 fc 45c8c0
117 fd 45c8c4
117 fe 45c8c8
117 ff 45c8cc
115 00 457c00
115 01 454c04
115 02 454c08
115 03 454c0c
115 04 457c00
115 05 454c04
115 06 454c08
115 07 454c0c
115 08 457c00
115 09 454c04
115 0a 454c08
115 0b 454c0c
115 0c 457c00
115 0d 454c04
115 0e 454c08
115 0f 454c0c
115 10 454c40
115 11 454c44
115 12 454c48
115 13 454c4c
115 14 454c40
115 15 454c44
115 16 454c48
115 17 454c4c
115 18 454c40
115 19 454c44
115 1a 454c48
115 1b 454c4c
115 1c 454c40
115 1d 454c44
115 1e 454c48
115 1f 454c4c
115 20 454c80
115 21 454c84
115 22 454c88
115 23 454c8c
115 24 454c80
115 25 454c84
115 26 454c88
115 27 454c8c
115 28 454c80
115 29 454c84
115 2a 454c88
115 2b 454c8c
115 2c 454c80
115 2d 454c84
115 2e 454c88
115 2f 454c8c
115 30 454cc0
115 31 454cc4
115 32 454cc8
115 33 454ccc
115 34 454cc0
115 35 454cc4
115 36 454cc8
115 37 454ccc
115 38 454cc0
115 39 454cc4
115 3a 454cc8
115 3b 454ccc
115 3c 454cc0
115 3d 454cc4
115 3e 454cc8
115 3f 454ccc
115 40 457c00
115 41 454c04
115 42 454c08
115 43 454c0c
115 44 457c00
115 45 454c04
115 46 454c08
115 47 454c0c
115 48 457c00
115 49 454c04
115 4a 454c08
115 4b 454c0c
115 4c 457c00
115 4d 454c04
115 4e 454c08
115 4f 454c0c
115 50 454c40
115 51 454c44
115 52 454c48
115 53 454c4c
115 54 454c40
115 55 454c44
115 56 454c48
115 57 454c4c
115 58 454c40
115 59 454c44
115 5a 454c48
115 5b 454c4c
115 5c 454c40
115 5d 454c44
115 5e 454c48
115 5f 454c4c
115 60 454c80
115 61 454c84
115 62 454c88
115 63 454c8c
115 64 454c80
115 65 454c84
115 66 454c88
115 67 454c8c
115 68 454c80
115 69 454c84
115 6a 454c88
115 6b 454c8c
115 6c 454c80
115 6d 454c84
115 6e 454c88
115 6f 454c8c
115 70 454cc0
115 71 454cc4
115 72 454cc8
115 73 454ccc
115 74 454cc0
115 75 454cc4
115 76 454cc8
115 77 454ccc
115 78 454cc0
115 79 454cc4
115 7a 454cc8
115 7b 454ccc
115 7c 454cc0
115 7d 454cc4
115 7e 454cc8
115 7f 454ccc
115 80 457c00
115 81 454c04
115 82 454c08
115 83 454c0c
115 84 457c00
115 85 454c04
115 86 454c08
115 87 454c0c
115 88 457c00
115 89 454c04
115 8a 454c08
115 8b 454c0c
115 8c 457c00
115 8d 454c04
115 8e 454c08
115 8f 454c0c
115 90 454c40
115 91 454c44
115 92 454c48
115 93 454c4c
115 94 454c40
115 95 454c44
115 96 454c48
115 97 454c4c
115 98 454c40
115 99 454c44
115 9a 454c48
115 9b 454c4c
115 9c 454c40
115 9d 454c44
115 9e 454c48
115 9f 454c4c
115 a0 454c80
115 a1 454c84
115 a2 454c88
115 a3 454c8c
115 a4 454c80
115 a5 454c84
115 a6 454c88
115 a7 454c8c
115 a8 454c80
115 a9 454c84
115 aa 454c88
115 ab 454c8c
115 ac 454c80
115 ad 454c84
115 ae 454c88
115 af 454c8c
115 b0 454cc0
115 b1 454cc4
115 b2 454cc8
115 b3 454ccc
115 b4 454cc0
115 b5 454cc4
115 b6 454cc8
115 b7 454ccc
115 b8 454cc0
115 b9 454cc4
115 ba 454cc8
115 bb 454ccc
115 bc 454cc0
115 bd 454cc4
115 be 454cc8
115 bf 454ccc
115 c0 457c00
115 c1 454c04
115 c2 454c08
115 c3 454c0c
115 c4 457c00
115 c5 454c04
115 c6 454c08
115 c7 454c0c
115 c8 457c00
115 c9 454c04
115 ca 454c08
115 cb 454c0c
115 cc 457c00
115 cd 454c04
115 ce 454c08
115 cf 454c0c
115 d0 454c40
115 d1 454c44
115 d2 454c48
115 d3 454c4c
115 d4 454c40
115 d5 454c44
115 d6 454c48
115 d7 454c4c
115 d8 454c40
115 d9 454c44
115 da 454c48
115 db 454c4c
115 dc 454c40
115 dd 454c44
115 de 454c48
115 df 454c4c
115 e0 454c80
115 e1 454c84
115 e2 454c88
115 e3 454c8c
115 e4 454c80
115 e5 454c84
115 e6 454c88
115 e7 454c8c
115 e8 454c80
115 e9 454c84
115 ea 454c88
115 eb 454c8c
115 ec 454c80
115 ed 454c84
115 ee 454c88
115 ef 454c8c
115 f0 454cc0
115 f1 454cc4
115 f2 454cc8
115 f3 454ccc
115 f4 454cc0
115 f5 454cc4
115 f6 454cc8
115 f7 454ccc
115 f8 454cc0
115 f9 454cc4
115 fa 454cc8
115 fb 454ccc
115 fc 454cc0
115 fd 454cc4
115 fe 454cc8
115 ff 454ccc
1c0 00 703000
1c0 01 703000
1c0 02 703000
1c0 03 703000
1c0 04 700012
1c0 05 700012
1c0 06 700012
1c0 07 700012
1c0 08 703000
1c0 09 703000
1c0 0a 703000
1c0 0b 703000
1c0 0c 700012
1c0 0d 700012
1c0 0e 700012
1c0 0f 700012
1c0 10 703000
1c0 11 703000
1c0 12 703000
1c0 13 703000
1c0 14 700012
1c0 15 700012
1c0 16 700012
1c0 17 700012
1c0 18 703000
1c0 19 703000
1c0 1a 703000
1c0 1b 703000
1c0 1c 700012
1c0 1d 700012
1c0 1e 700012
1c0 1f 700012
1c0 20 703000
1c0 21 703000
1c0 22 703000
1c0 23 703000
1c0 24 700012
1c0 25 700012
1c0 26 700012
1c0 27 700012
1c0 28 703000
1c0 29 703000
1c0 2a 703000
1c0 2b 703000
1c0 2c 700012
1c0 2d 700012
1c0 2e 700012
1c0 2f 700012
1c0 30 703000
1c0 31 703000
1c0 32 703000
1c0 33 703000
1c0 34 700012
1c0 35 700012
1c0 36 700012
1c0 37 700012
1c0 38 703000
1c0 39 703000
1c0 3a 703000
1c0 3b 703000
1c0 3c 700012
1c0 3d 700012
1c0 3e 700012
1c0 3f 700012
1c0 40 703000
1c0 41 703000
1c0 42 703000
1c0 43 703000
1c0 44 700012
1c0 45 700012
1c0 46 700012
1c0 47 700012
1c0 48 703000
1c0 49 703000
1c0 4a 703000
1c0 4b 703000
1c0 4c 700012
1c0 4d 700012
1c0 4e 700012
1c0 4f 700012
1c0 50 703000
1c0 51 703000
1c0 52 703000
1c0 53 703000
1c0 54 700012
1c0 55 700012
1c0 56 700012
1c0 57 700012
1c0 58 703000
1c0 59 703000
1c0 5a 703000
1c0 5b 703000
1c0 5c 700012
1c0 5d 700012
1c0 5e 700012
1c0 5f 700012
1c0 60 703000
1c0 61 703000
1c0 62 703000
1c0 63 703000
1c0 64 700012
1c0 65 700012
1c0 66 700012
1c0 67 700012
1c0 68 703000
1c0 69 703000
1c0 6a 703000
1c0 6b 703000
1c0 6c 700012
1c0 6d 700012
1c0 6e 700012
1c0 6f 700012
1c0 70 703000
1c0 71 703000
1c0 72 703000
1c0 73 703000
1c0 74 700012
1c0 75 700012
1c0 76 700012
1c0 77 700012
1c0 78 703000
1c0 79 703000
1c0 7a 703000
1c0 7b 703000
1c0 7c 700012
1c0 7d 700012
1c0 7e 700012
1c0 7f 700012
1c0 80 703000
1c0 81 703000
1c0 82 703000
1c0 83 703000
1c0 84 700012
1c0 85 700012
1c0 86 700012
1c0 87 700012
1c0 88 703000
1c0 89 703000
1c0 8a 703000
1c0 8b 703000
1c0 8c 700012
1c0 8d 700012
1c0 8e 700012
1c0 8f 700012
1c0 90 703000
1c0 91 703000
1c0 92 703000
1c0 93 703000
1c0 94 700012
1c0 95 700012
1c0 96 700012
1c0 97 700012
1c0 98 703000
1c0 99 703000
1c0 9a 703000
1c0 9b 703000
1c0 9c 700012
1c0 9d 700012
1c0 9e 700012
1c0 9f 700012
1c0 a0 703000
1c0 a1 703000
1c0 a2 703000
1c0 a3 703000
1c0 a4 700012
1c0 a5 700012
1c0 a6 700012
1c0 a7 700012
1c0 a8 703000
1c0 a9 703000
1c0 aa 703000
1c0 ab 703000
1c0 ac 700012
1c0 ad 700012
1c0 ae 700012
1c0 af 700012
1c0 b0 703000
1c0 b1 703000
1c0 b2 703000
1c0 b3 703000
1c0 b4 700012
1c0 b5 700012
1c0 b6 700012
1c0 b7 700012
1c0 b8 703000
1c0 b9 703000
1c0 ba 703000
1c0 bb 703000
1c0 bc 700012
1c0 bd 700012
1c0 be 700012
1c0 bf 700012
1c0 c0 703000
1c0 c1 703000
1c0 c2 703000
1c0 c3 703000
1c0 c4 700012
1c0 c5 700012
1c0 c6 700012
1c0 c7 700012
1c0 c8 703000
1c0 c9 703000
1c0 ca 703000
1c0 cb 703000
1c0 cc 700012
1c0 cd 700012
1c0 ce 700012
1c0 cf 700012
1c0 d0 703000
1c0 d1 703000
1c0 d2 703000
1c0 d3 703000
1c0 d4 700012
1c0 d5 700012
1c0 d6 700012
1c0 d7 700012
1c0 d8 703000
1c0 d9 703000
1c0 da 703000
1c0 db 703000
1c0 dc 700012
1c0 dd 700012
1c0 de 700012
1c0 df 700012
1c0 e0 703000
1c0 e1 703000
1c0 e2 703000
1c0 e3 703000
1c0 e4 700012
1c0 e5 700012
1c0 e6 700012
1c0 e7 700012
1c0 e8 703000
1c0 e9 703000
1c0 ea 703000
1c0 eb 703000
1c0 ec 700012
1c0 ed 700012
1c0 ee 700012
1c0 ef 700012
1c0 f0 703000
1c0 f1 703000
1c0 f2 703000
1c0 f3 703000
1c0 f4 700012
1c0 f5 700012
1c0 f6 700012
1c0 f7 700012
1c0 f8 703000
1c0 f9 703000
1c0 fa 703000
1c0 fb 703000
1c0 fc 700012
1c0 fd 700012
1c0 fe 700012
1c0 ff 700012
1c3 00 70f000
1c3 01 70f000
1c3 02 70f000
1c3 03 70f000
1c3 04 70f000
1c3 05 70f000
1c3 06 70f000
1c3 07 70f000
1c3 08 70f000
1c3 09 70f000
1c3 0a 70f000
1c3 0b 70f000
1c3 0c 70f000
1c3 0d 70f000
1c3 0e 70f000
1c3 0f 70f000
1c3 10 70f000
1c3 11 70f000
1c3 12 70f000
1c3 13 70f000
1c3 14 70f000
1c3 15 70f000
1c3 16 70f000
1c3 17 70f000
1c3 18 70f000
1c3 19 70f000
1c3 1a 70f000
1c3 1b 70f000
1c3 1c 70f000
1c3 1d 70f000
1c3 1e 70f000
1c3 1f 70f000
1c3 20 70f000
1c3 21 70f000
1c3 22 70f000
1c3 23 70f000
1c3 24 70f000
1c3 25 70f000
1c3 26 70f000
1c3 27 70f000
1c3 28 70f000
1c3 29 70f000
1c3 2a 70f000
1c3 2b 70f000
1c3 2c 70f000
1c3 2d 70f000
1c3 2e 70f000
1c3 2f 70f000
1c3 30 70f000
1c3 31 70f000
1c3 32 70f000
1c3 33 70f000
1c3 34 70f000
1c3 35 70f000
1c3 36 70f000
1c3 37 70f000
1c3 38 70f000
1c3 39 70f000
1c3 3a 70f000
1c3 3b 70f000
1c3 3c 70f000
1c3 3d 70f000
1c3 3e 70f000
1c3 3f 70f000
1c3 40 70c102
1c3 41 70c102
1c3 42 70c102
1c3 43 70c102
1c3 44 70c102
1c3 45 70c102
1c3 46 70c102
1c3 47 70c102
1c3 48 70c102
1c3 49 70c102
1c3 4a 70c102
1c3 4b 70c102
1c3 4c 70c102
1c3 4d 70c102
1c3 4e 70c102
1c3 4f 70c102
1c3 50 70c102
1c3 51 70c102
1c3 52 70c102
1c3 53 70c102
1c3 54 70c102
1c3 55 70c102
1c3 56 70c102
1c3 57 70c102
1c3 58 70c102
1c3 59 70c102
1c3 5a 70c102
1c3 5b 70c102
1c3 5c 70c102
1c3 5d 70c102
1c3 5e 70c102
1c3 5f 70c102
1c3 60 70c102
1c3 61 70c102
1c3 62 70c102
1c3 63 70c102
1c3 64 70c102
1c3 65 70c102
1c3 66 70c102
1c3 67 70c102
1c3 68 70c102
1c3 69 70c102
1c3 6a 70c102
1c3 6b 70c102
1c3 6c 70c102
1c3 6d 70c102
1c3 6e 70c102
1c3 6f 70c102
1c3 70 70c102
1c3 71 70c102
1c3 72 70c102
1c3 73 70c102
1c3 74 70c102
1c3 75 70c102
1c3 76 70c102
1c3 77 70c102
1c3 78 70c102
1c3 79 70c102
1c3 7a 70c102
1c3 7b 70c102
1c3 7c 70c102
1c3 7d 70c102
1c3 7e 70c102
1c3 7f 70c102
1c3 80 70f000
1c3 81 70f000
1c3 82 70f000
1c3 83 70f000
1c3 84 70f000
1c3 85 70f000
1c3 86 70f000
1c3 87 70f000
1c3 88 70f000
1c3 89 70f000
1c3 8a 70f000
1c3 8b 70f000
1c3 8c 70f000
1c3 8d 70f000
1c3 8e 70f000
1c3 8f 70f000
1c3 90 70f000
1c3 91 70f000
1c3 92 70f000
1c3 93 70f000
1c3 94 70f000
1c3 95 70f000
1c3 96 70f000
1c3 97 70f000
1c3 98 70f000
1c3 99 70f000
1c3 9a 70f000
1c3 9b 70f000
1c3 9c 70f000
1c3 9d 70f000
1c3 9e 70f000
1c3 9f 70f000
1c3 a0 70f000
1c3 a1 70f000
1c3 a2 70f000
1c3 a3 70f000
1c3 a4 70f000
1c3 a5 70f000
1c3 a6 70f000
1c3 a7 70f000
1c3 a8 70f000
1c3 a9 70f000
1c3 aa 70f000
1c3 ab 70f000
1c3 ac 70f000
1c3 ad 70f000
1c3 ae 70f000
1c3 af 70f000
1c3 b0 70f000
1c3 b1 70f000
1c3 b2 70f000
1c3 b3 70f000
1c3 b4 70f000
1c3 b5 70f000
1c3 b6 70f000
1c3 b7 70f000
1c3 b8 70f000
1c3 b9 70f000
1c3 ba 70f000
1c3 bb 70f000
1c3 bc 70f000
1c3 bd 70f000
1c3 be 70f000
1c3 bf 70f000
1c3 c0 70c102
1c3 c1 70c102
1c3 c2 70c102
1c3 c3 70c102
1c3 c4 70c102
1c3 c5 70c102
1c3 c6 70c102
1c3 c7 70c102
1c3 c8 70c102
1c3 c9 70c102
1c3 ca 70c102
1c3 cb 70c102
1c3 cc 70c102
1c3 cd 70c102
1c3 ce 70c102
1c3 cf 70c102
1c3 d0 70c102
1c3 d1 70c102
1c3 d2 70c102
1c3 d3 70c102
1c3 d4 70c102
1c3 d5 70c102
1c3 d6 70c102
1c3 d7 70c102
1c3 d8 70c102
1c3 d9 70c102
1c3 da 70c102
1c3 db 70c102
1c3 dc 70c102
1c3 dd 70c102
1c3 de 70c102
1c3 df 70c102
1c3 e0 70c102
1c3 e1 70c102
1c3 e2 70c102
1c3 e3 70c102
1c3 e4 70c102
1c3 e5 70c102
1c3 e6 70c102
1c3 e7 70c102
1c3 e8 70c102
1c3 e9 70c102
1c3 ea 70c102
1c3 eb 70c102
1c3 ec 70c102
1c3 ed 70c102
1c3 ee 70c102
1c3 ef 70c102
1c3 f0 70c102
1c3 f1 70c102
1c3 f2 70c102
1c3 f3 70c102
1c3 f4 70c102
1c3 f5 70c102
1c3 f6 70c102
1c3 f7 70c102
1c3 f8 70c102
1c3 f9 70c102
1c3 fa 70c102
1c3 fb 70c102
1c3 fc 70c102
1c3 fd 70c102
1c3 fe 70c102
1c3 ff 70c102
1c1 00 707400
1c1 01 707400
1c1 02 707400
1c1 03 707400
1c1 04 704410
1c1 05 704410
1c1 06 704410
1c1 07 704410
1c1 08 707400
1c1 09 707400
1c1 0a 707400
1c1 0b 707400
1c1 0c 704410
1c1 0d 704410
1c1 0e 704410
1c1 0f 704410
1c1 10 707400
1c1 11 707400
1c1 12 707400
1c1 13 707400
1c1 14 704410
1c1 15 704410
1c1 16 704410
1c1 17 704410
1c1 18 707400
1c1 19 707400
1c1 1a 707400
1c1 1b 707400
1c1 1c 704410
1c1 1d 704410
1c1 1e 704410
1c1 1f 704410
1c1 20 707400
1c1 21 707400
1c1 22 707400
1c1 23 707400
1c1 24 704410
1c1 25 704410
1c1 26 704410
1c1 27 704410
1c1 28 707400
1c1 29 707400
1c1 2a 707400
1c1 2b 707400
1c1 2c 704410
1c1 2d 704410
1c1 2e 704410
1c1 2f 704410
1c1 30 707400
1c1 31 707400
1c1 32 707400
1c1 33 707400
1c1 34 704410
1c1 35 704410
1c1 36 704410
1c1 37 704410
1c1 38 707400
1c1 39 707400
1c1 3a 707400
1c1 3b 707400
1c1 3c 704410
1c1 3d 704410
1c1 3e 704410
1c1 3f 704410
1c1 40 704500
1c1 41 704500
1c1 42 704500
1c1 43 704500
1c1 44 704510
1c1 45 704510
1c1 46 704510
1c1 47 704510
1c1 48 704500
1c1 49 704500
1c1 4a 704500
1c1 4b 704500
1c1 4c 704510
1c1 4d 704510
1c1 4e 704510
1c1 4f 704510
1c1 50 704500
1c1 51 704500
1c1 52 704500
1c1 53 704500
1c1 54 704510
1c1 55 704510
1c1 56 704510
1c1 57 704510
1c1 58 704500
1c1 59 704500
1c1 5a 704500
1c1 5b 704500
1c1 5c 704510
1c1 5d 704510
1c1 5e 704510
1c1 5f 704510
1c1 60 704500
1c1 61 704500
1c1 62 704500
1c1 63 704500
1c1 64 704510
1c1 65 704510
1c1 66 704510
1c1 67 704510
1c1 68 704500
1c1 69 704500
1c1 6a 704500
1c1 6b 704500
1c1 6c 704510
1c1 6d 704510
1c1 6e 704510
1c1 6f 704510
1c1 70 704500
1c1 71 704500
1c1 72 704500
1c1 73 704500
1c1 74 704510
1c1 75 704510
1c1 76 704510
1c1 77 704510
1c1 78 704500
1c1 79 704500
1c1 7a 704500
1c1 7b 704500
1c1 7c 704510
1c1 7d 704510
1c1 7e 704510
1c1 7f 704510
1c1 80 707400
1c1 81 707400
1c1 82 707400
1c1 83 707400
1c1 84 704410
1c1 85 704410
1c1 86 704410
1c1 87 704410
1c1 88 707400
1c1 89 707400
1c1 8a 707400
1c1 8b 707400
1c1 8c 704410
1c1 8d 704410
1c1 8e 704410
1c1 8f 704410
1c1 90 707400
1c1 91 707400
1c1 92 707400
1c1 93 707400
1c1 94 704410
1c1 95 704410
1c1 96 704410
1c1 97 704410
1c1 98 707400
1c1 99 707400
1c1 9a 707400
1c1 9b 707400
1c1 9c 704410
1c1 9d 704410
1c1 9e 704410
1c1 9f 704410
1c1 a0 707400
1c1 a1 707400
1c1 a2 707400
1c1 a3 707400
1c1 a4 704410
1c1 a5 704410
1c1 a6 704410
1c1 a7 704410
1c1 a8 707400
1c1 a9 707400
1c1 aa 707400
1c1 ab 707400
1c1 ac 704410
1c1 ad 704410
1c1 ae 704410
1c1 af 704410
1c1 b0 707400
1c1 b1 707400
1c1 b2 707400
1c1 b3 707400
1c1 b4 704410
1c1 b5 704410
1c1 b6 704410
1c1 b7 704410
1c1 b8 707400
1c1 b9 707400
1c1 ba 707400
1c1 bb 707400
1c1 bc 704410
1c1 bd 704410
1c1 be 704410
1c1 bf 704410
1c1 c0 704500
1c1 c1 704500
1c1 c2 704500
1c1 c3 704500
1c1 c4 704510
1c1 c5 704510
1c1 c6 704510
1c1 c7 704510
1c1 c8 704500
1c1 c9 704500
1c1 ca 704500
1c1 cb 704500
1c1 cc 704510
1c1 cd 704510
1c1 ce 704510
1c1 cf 704510
1c1 d0 704500
1c1 d1 704500
1c1 d2 704500
1c1 d3 704500
1c1 d4 704510
1c1 d5 704510
1c1 d6 704510
1c1 d7 704510
1c1 d8 704500
1c1 d9 704500
1c1 da 704500
1c1 db 704500
1c1 dc 704510
1c1 dd 704510
1c1 de 704510
1c1 df 704510
1c1 e0 704500
1c1 e1 704500
1c1 e2 704500
1c1 e3 704500
1c1 e4 704510
1c1 e5 704510
1c1 e6 704510
1c1 e7 704510
1c1 e8 704500
1c1 e9 704500
1c1 ea 704500
1c1 eb 704500
1c1 ec 704510
1c1 ed 704510
1c1 ee 704510
1c1 ef 704510
1c1 f0 704500
1c1 f1 704500
1c1 f2 704500
1c1 f3 704500
1c1 f4 704510
1c1 f5 704510
1c1 f6 704510
1c1 f7 704510
1c1 f8 704500
1c1 f9 704500
1c1 fa 704500
1c1 fb 704500
1c1 fc 704510
1c1 fd 704510
1c1 fe 704510
1c1 ff 704510
1cc 00 733000
1cc 01 733000
1cc 02 733000
1cc 03 733000
1cc 04 733000
1cc 05 733000
1cc 06 733000
1cc 07 733000
1cc 08 733000
1cc 09 733000
1cc 0a 733000
1cc 0b 733000
1cc 0c 733000
1cc 0d 733000
1cc 0e 733000
1cc 0f 733000
1cc 10 733000
1cc 11 733000
1cc 12 733000
1cc 13 733000
1cc 14 733000
1cc 15 733000
1cc 16 733000
1cc 17 733000
1cc 18 733000
1cc 19 733000
1cc 1a 733000
1cc 1b 733000
1cc 1c 733000
1cc 1d 733000
1cc 1e 733000
1cc 1f 733000
1cc 20 733000
1cc 21 733000
1cc 22 733000
1cc 23 733000
1cc 24 733000
1cc 25 733000
1cc 26 733000
1cc 27 733000
1cc 28 733000
1cc 29 733000
1cc 2a 733000
1cc 2b 733000
1cc 2c 733000
1cc 2d 733000
1cc 2e 733000
1cc 2f 733000
1cc 30 733000
1cc 31 733000
1cc 32 733000
1cc 33 733000
1cc 34 733000
1cc 35 733000
1cc 36 733000
1cc 37 733000
1cc 38 733000
1cc 39 733000
1cc 3a 733000
1cc 3b 733000
1cc 3c 733000
1cc 3d 733000
1cc 3e 733000
1cc 3f 733000
1cc 40 730102
1cc 41 730102
1cc 42 730102
1cc 43 730102
1cc 44 730102
1cc 45 730102
1cc 46 730102
1cc 47 730102
1cc 48 730102
1cc 49 730102
1cc 4a 730102
1cc 4b 730102
1cc 4c 730102
1cc 4d 730102
1cc 4e 730102
1cc 4f 730102
1cc 50 730102
1cc 51 730102
1cc 52 730102
1cc 53 730102
1cc 54 730102
1cc 55 730102
1cc 56 730102
1cc 57 730102
1cc 58 730102
1cc 59 730102
1cc 5a 730102
1cc 5b 730102
1cc 5c 730102
1cc 5d 730102
1cc 5e 730102
1cc 5f 730102
1cc 60 730102
1cc 61 730102
1cc 62 730102
1cc 63 730102
1cc 64 730102
1cc 65 730102
1cc 66 730102
1cc 67 730102
1cc 68 730102
1cc 69 730102
1cc 6a 730102
1cc 6b 730102
1cc 6c 730102
1cc 6d 730102
1cc 6e 730102
1cc 6f 730102
1cc 70 730102
1cc 71 730102
1cc 72 730102
1cc 73 730102
1cc 74 730102
1cc 75 730102
1cc 76 730102
1cc 77 730102
1cc 78 730102
1cc 79 730102
1cc 7a 730102
1cc 7b 730102
1cc 7c 730102
1cc 7d 730102
1cc 7e 730102
1cc 7f 730102
1cc 80 733000
1cc 81 733000
1cc 82 733000
1cc 83 733000
1cc 84 733000
1cc 85 733000
1cc 86 733000
1cc 87 733000
1cc 88 733000
1cc 89 733000
1cc 8a 733000
1cc 8b 733000
1cc 8c 733000
1cc 8d 733000
1cc 8e 733000
1cc 8f 733000
1cc 90 733000
1cc 91 733000
1cc 92 733000
1cc 93 733000
1cc 94 733000
1cc 95 733000
1cc 96 733000
1cc 97 733000
1cc 98 733000
1cc 99 733000
1cc 9a 733000
1cc 9b 733000
1cc 9c 733000
1cc 9d 733000
1cc 9e 733000
1cc 9f 733000
1cc a0 733000
1cc a1 733000
1cc a2 733000
1cc a3 733000
1cc a4 733000
1cc a5 733000
1cc a6 733000
1cc a7 733000
1cc a8 733000
1cc a9 733000
1cc aa 733000
1cc ab 733000
1cc ac 733000
1cc ad 733000
1cc ae 733000
1cc af 733000
1cc b0 733000
1cc b1 733000
1cc b2 733000
1cc b3 733000
1cc b4 733000
1cc b5 733000
1cc b6 733000
1cc b7 733000
1cc b8 733000
1cc b9 733000
1cc ba 733000
1cc bb 733000
1cc bc 733000
1cc bd 733000
1cc be 733000
1cc bf 733000
1cc c0 730102
1cc c1 730102
1cc c2 730102
1cc c3 730102
1cc c4 730102
1cc c5 730102
1cc c6 730102
1cc c7 730102
1cc c8 730102
1cc c9 730102
1cc ca 730102
1cc cb 730102
1cc cc 730102
1cc cd 730102
1cc ce 730102
1cc cf 730102
1cc d0 730102
1cc d1 730102
1cc d2 730102
1cc d3 730102
1cc d4 730102
1cc d5 730102
1cc d6 730102
1cc d7 730102
1cc d8 730102
1cc d9 730102
1cc da 730102
1cc db 730102
1cc dc 730102
1cc dd 730102
1cc de 730102
1cc df 730102
1cc e0 730102
1cc e1 730102
1cc e2 730102
1cc e3 730102
1cc e4 730102
1cc e5 730102
1cc e6 730102
1cc e7 730102
1cc e8 730102
1cc e9 730102
1cc ea 730102
1cc eb 730102
1cc ec 730102
1cc ed 730102
1cc ee 730102
1cc ef 730102
1cc f0 730102
1cc f1 730102
1cc f2 730102
1cc f3 730102
1cc f4 730102
1cc f5 730102
1cc f6 730102
1cc f7 730102
1cc f8 730102
1cc f9 730102
1cc fa 730102
1cc fb 730102
1cc fc 730102
1cc fd 730102
1cc fe 730102
1cc ff 730102
1cf 00 73f000
1cf 01 73f000
1cf 02 73f000
1cf 03 73f000
1cf 04 73c012
1cf 05 73c012
1cf 06 73c012
1cf 07 73c012
1cf 08 73f000
1cf 09 73f000
1cf 0a 73f000
1cf 0b 73f000
1cf 0c 73c012
1cf 0d 73c012
1cf 0e 73c012
1cf 0f 73c012
1cf 10 73f000
1cf 11 73f000
1cf 12 73f000
1cf 13 73f000
1cf 14 73c012
1cf 15 73c012
1cf 16 73c012
1cf 17 73c012
1cf 18 73f000
1cf 19 73f000
1cf 1a 73f000
1cf 1b 73f000
1cf 1c 73c012
1cf 1d 73c012
1cf 1e 73c012
1cf 1f 73c012
1cf 20 73f000
1cf 21 73f000
1cf 22 73f000
1cf 23 73f000
1cf 24 73c012
1cf 25 73c012
1cf 26 73c012
1cf 27 73c012
1cf 28 73f000
1cf 29 73f000
1cf 2a 73f000
1cf 2b 73f000
1cf 2c 73c012
1cf 2d 73c012
1cf 2e 73c012
1cf 2f 73c012
1cf 30 73f000
1cf 31 73f000
1cf 32 73f000
1cf 33 73f000
1cf 34 73c012
1cf 35 73c012
1cf 36 73c012
1cf 37 73c012
1cf 38 73f000
1cf 39 73f000
1cf 3a 73f000
1cf 3b 73f000
1cf 3c 73c012
1cf 3d 73c012
1cf 3e 73c012
1cf 3f 73c012
1cf 40 73f000
1cf 41 73f000
1cf 42 73f000
1cf 43 73f000
1cf 44 73c012
1cf 45 73c012
1cf 46 73c012
1cf 47 73c012
1cf 48 73f000
1cf 49 73f000
1cf 4a 73f000
1cf 4b 73f000
1cf 4c 73c012
1cf 4d 73c012
1cf 4e 73c012
1cf 4f 73c012
1cf 50 73f000
1cf 51 73f000
1cf 52 73f000
1cf 53 73f000
1cf 54 73c012
1cf 55 73c012
1cf 56 73c012
1cf 57 73c012
1cf 58 73f000
1cf 59 73f000
1cf 5a 73f000
1cf 5b 73f000
1cf 5c 73c012
1cf 5d 73c012
1cf 5e 73c012
1cf 5f 73c012
1cf 60 73f000
1cf 61 73f000
1cf 62 73f000
1cf 63 73f000
1cf 64 73c012
1cf 65 73c012
1cf 66 73c012
1cf 67 73c012
1cf 68 73f000
1cf 69 73f000
1cf 6a 73f000
1cf 6b 73f000
1cf 6c 73c012
1cf 6d 73c012
1cf 6e 73c012
1cf 6f 73c012
1cf 70 73f000
1cf 71 73f000
1cf 72 73f000
1cf 73 73f000
1cf 74 73c012
1cf 75 73c012
1cf 76 73c012
1cf 77 73c012
1cf 78 73f000
1cf 79 73f000
1cf 7a 73f000
1cf 7b 73f000
1cf 7c 73c012
1cf 7d 73c012
1cf 7e 73c012
1cf 7f 73c012
1cf 80 73f000
1cf 81 73f000
1cf 82 73f000
1cf 83 73f000
1cf 84 73c012
1cf 85 73c012
1cf 86 73c012
1cf 87 73c012
1cf 88 73f000
1cf 89 73f000
1cf 8a 73f000
1cf 8b 73f000
1cf 8c 73c012
1cf 8d 73c012
1cf 8e 73c012
1cf 8f 73c012
1cf 90 73f000
1cf 91 73f000
1cf 92 73f000
1cf 93 73f000
1cf 94 73c012
1cf 95 73c012
1cf 96 73c012
1cf 97 73c012
1cf 98 73f000
1cf 99 73f000
1cf 9a 73f000
1cf 9b 73f000
1cf 9c 73c012
1cf 9d 73c012
1cf 9e 73c012
1cf 9f 73c012
1cf a0 73f000
1cf a1 73f000
1cf a2 73f000
1cf a3 73f000
1cf a4 73c012
1cf a5 73c012
1cf a6 73c012
1cf a7 73c012
1cf a8 73f000
1cf a9 73f000
1cf aa 73f000
1cf ab 73f000
1cf ac 73c012
1cf ad 73c012
1cf ae 73c012
1cf af 73c012
1cf b0 73f000
1cf b1 73f000
1cf b2 73f000
1cf b3 73f000
1cf b4 73c012
1cf b5 73c012
1cf b6 73c012
1cf b7 73c012
1cf b8 73f000
1cf b9 73f000
1cf ba 73f000
1cf bb 73f000
1cf bc 73c012
1cf bd 73c012
1cf be 73c012
1cf bf 73c012
1cf c0 73f000
1cf c1 73f000
1cf c2 73f000
1cf c3 73f000
1cf c4 73c012
1cf c5 73c012
1cf c6 73c012
1cf c7 73c012
1cf c8 73f000
1cf c9 73f000
1cf ca 73f000
1cf cb 73f000
1cf cc 73c012
1cf cd 73c012
1cf ce 73c012
1cf cf 73c012
1cf d0 73f000
1cf d1 73f000
1cf d2 73f000
1cf d3 73f000
1cf d4 73c012
1cf d5 73c012
1cf d6 73c012
1cf d7 73c012
1cf d8 73f000
1cf d9 73f000
1cf da 73f000
1cf db 73f000
1cf dc 73c012
1cf dd 73c012
1cf de 73c012
1cf df 73c012
1cf e0 73f000
1cf e1 73f000
1cf e2 73f000
1cf e3 73f000
1cf e4 73c012
1cf e5 73c012
1cf e6 73c012
1cf e7 73c012
1cf e8 73f000
1cf e9 73f000
1cf ea 73f000
1cf eb 73f000
1cf ec 73c012
1cf ed 73c012
1cf ee 73c012
1cf ef 73c012
1cf f0 73f000
1cf f1 73f000
1cf f2 73f000
1cf f3 73f000
1cf f4 73c012
1cf f5 73c012
1cf f6 73c012
1cf f7 73c012
1cf f8 73f000
1cf f9 73f000
1cf fa 73f000
1cf fb 73f000
1cf fc 73c012
1cf fd 73c012
1cf fe 73c012
1cf ff 73c012
1cd 00 737400
1cd 01 737400
1cd 02 737400
1cd 03 737400
1cd 04 734410
1cd 05 734410
1cd 06 734410
1cd 07 734410
1cd 08 737400
1cd 09 737400
1cd 0a 737400
1cd 0b 737400
1cd 0c 734410
1cd 0d 734410
1cd 0e 734410
1cd 0f 734410
1cd 10 737400
1cd 11 737400
1cd 12 737400
1cd 13 737400
1cd 14 734410
1cd 15 734410
1cd 16 734410
1cd 17 734410
1cd 18 737400
1cd 19 737400
1cd 1a 737400
1cd 1b 737400
1cd 1c 734410
1cd 1d 734410
1cd 1e 734410
1cd 1f 734410
1cd 20 737400
1cd 21 737400
1cd 22 737400
1cd 23 737400
1cd 24 734410
1cd 25 734410
1cd 26 734410
1cd 27 734410
1cd 28 737400
1cd 29 737400
1cd 2a 737400
1cd 2b 737400
1cd 2c 734410
1cd 2d 734410
1cd 2e 734410
1cd 2f 734410
1cd 30 737400
1cd 31 737400
1cd 32 737400
1cd 33 737400
1cd 34 734410
1cd 35 734410
1cd 36 734410
1cd 37 734410
1cd 38 737400
1cd 39 737400
1cd 3a 737400
1cd 3b 737400
1cd 3c 734410
1cd 3d 734410
1cd 3e 734410
1cd 3f 734410
1cd 40 734500
1cd 41 734500
1cd 42 734500
1cd 43 734500
1cd 44 734510
1cd 45 734510
1cd 46 734510
1cd 47 734510
1cd 48 734500
1cd 49 734500
1cd 4a 734500
1cd 4b 734500
1cd 4c 734510
1cd 4d 734510
1cd 4e 734510
1cd 4f 734510
1cd 50 734500
1cd 51 734500
1cd 52 734500
1cd 53 734500
1cd 54 734510
1cd 55 734510
1cd 56 734510
1cd 57 734510
1cd 58 734500
1cd 59 734500
1cd 5a 734500
1cd 5b 734500
1cd 5c 734510
1cd 5d 734510
1cd 5e 734510
1cd 5f 734510
1cd 60 734500
1cd 61 734500
1cd 62 734500
1cd 63 734500
1cd 64 734510
1cd 65 734510
1cd 66 734510
1cd 67 734510
1cd 68 734500
1cd 69 734500
1cd 6a 734500
1cd 6b 734500
1cd 6c 734510
1cd 6d 734510
1cd 6e 734510
1cd 6f 734510
1cd 70 734500
1cd 71 734500
1cd 72 734500
1cd 73 734500
1cd 74 734510
1cd 75 734510
1cd 76 734510
1cd 77 734510
1cd 78 734500
1cd 79 734500
1cd 7a 734500
1cd 7b 734500
1cd 7c 734510
1cd 7d 734510
1cd 7e 734510
1cd 7f 734510
1cd 80 737400
1cd 81 737400
1cd 82 737400
1cd 83 737400
1cd 84 734410
1cd 85 734410
1cd 86 734410
1cd 87 734410
1cd 88 737400
1cd 89 737400
1cd 8a 737400
1cd 8b 737400
1cd 8c 734410
1cd 8d 734410
1cd 8e 734410
1cd 8f 734410
1cd 90 737400
1cd 91 737400
1cd 92 737400
1cd 93 737400
1cd 94 734410
1cd 95 734410
1cd 96 734410
1cd 97 734410
1cd 98 737400
1cd 99 737400
1cd 9a 737400
1cd 9b 737400
1cd 9c 734410
1cd 9d 734410
1cd 9e 734410
1cd 9f 734410
1cd a0 737400
1cd a1 737400
1cd a2 737400
1cd a3 737400
1cd a4 734410
1cd a5 734410
1cd a6 734410
1cd a7 734410
1cd a8 737400
1cd a9 737400
1cd aa 737400
1cd ab 737400
1cd ac 734410
1cd ad 734410
1cd ae 734410
1cd af 734410
1cd b0 737400
1cd b1 737400
1cd b2 737400
1cd b3 737400
1cd b4 734410
1cd b5 734410
1cd b6 734410
1cd b7 734410
1cd b8 737400
1cd b9 737400
1cd ba 737400
1cd bb 737400
1cd bc 734410
1cd bd 734410
1cd be 734410
1cd bf 734410
1cd c0 734500
1cd c1 734500
1cd c2 734500
1cd c3 734500
1cd c4 734510
1cd c5 734510
1cd c6 734510
1cd c7 734510
1cd c8 734500
1cd c9 734500
1cd ca 734500
1cd cb 734500
1cd cc 734510
1cd cd 734510
1cd ce 734510
1cd cf 734510
1cd d0 734500
1cd d1 734500
1cd d2 734500
1cd d3 734500
1cd d4 734510
1cd d5 734510
1cd d6 734510
1cd d7 734510
1cd d8 734500
1cd d9 734500
1cd da 734500
1cd db 734500
1cd dc 734510
1cd dd 734510
1cd de 734510
1cd df 734510
1cd e0 734500
1cd e1 734500
1cd e2 734500
1cd e3 734500
1cd e4 734510
1cd e5 734510
1cd e6 734510
1cd e7 734510
1cd e8 734500
1cd e9 734500
1cd ea 734500
1cd eb 734500
1cd ec 734510
1cd ed 734510
1cd ee 734510
1cd ef 734510
1cd f0 734500
1cd f1 734500
1cd f2 734500
1cd f3 734500
1cd f4 734510
1cd f5 734510
1cd f6 734510
1cd f7 734510
1cd f8 734500
1cd f9 734500
1cd fa 734500
1cd fb 734500
1cd fc 734510
1cd fd 734510
1cd fe 734510
1cd ff 734510
1c4 00 713400
1c4 01 713400
1c4 02 713400
1c4 03 713400
1c4 04 710410
1c4 05 710410
1c4 06 710410
1c4 07 710410
1c4 08 713400
1c4 09 713400
1c4 0a 713400
1c4 0b 713400
1c4 0c 710410
1c4 0d 710410
1c4 0e 710410
1c4 0f 710410
1c4 10 713400
1c4 11 713400
1c4 12 713400
1c4 13 713400
1c4 14 710410
1c4 15 710410
1c4 16 710410
1c4 17 710410
1c4 18 713400
1c4 19 713400
1c4 1a 713400
1c4 1b 713400
1c4 1c 710410
1c4 1d 710410
1c4 1e 710410
1c4 1f 710410
1c4 20 713400
1c4 21 713400
1c4 22 713400
1c4 23 713400
1c4 24 710410
1c4 25 710410
1c4 26 710410
1c4 27 710410
1c4 28 713400
1c4 29 713400
1c4 2a 713400
1c4 2b 713400
1c4 2c 710410
1c4 2d 710410
1c4 2e 710410
1c4 2f 710410
1c4 30 713400
1c4 31 713400
1c4 32 713400
1c4 33 713400
1c4 34 710410
1c4 35 710410
1c4 36 710410
1c4 37 710410
1c4 38 713400
1c4 39 713400
1c4 3a 713400
1c4 3b 713400
1c4 3c 710410
1c4 3d 710410
1c4 3e 710410
1c4 3f 710410
1c4 40 710500
1c4 41 710500
1c4 42 710500
1c4 43 710500
1c4 44 710510
1c4 45 710510
1c4 46 710510
1c4 47 710510
1c4 48 710500
1c4 49 710500
1c4 4a 710500
1c4 4b 710500
1c4 4c 710510
1c4 4d 710510
1c4 4e 710510
1c4 4f 710510
1c4 50 710500
1c4 51 710500
1c4 52 710500
1c4 53 710500
1c4 54 710510
1c4 55 710510
1c4 56 710510
1c4 57 710510
1c4 58 710500
1c4 59 710500
1c4 5a 710500
1c4 5b 710500
1c4 5c 710510
1c4 5d 710510
1c4 5e 710510
1c4 5f 710510
1c4 60 710500
1c4 61 710500
1c4 62 710500
1c4 63 710500
1c4 64 710510
1c4 65 710510
1c4 66 710510
1c4 67 710510
1c4 68 710500
1c4 69 710500
1c4 6a 710500
1c4 6b 710500
1c4 6c 710510
1c4 6d 710510
1c4 6e 710510
1c4 6f 710510
1c4 70 710500
1c4 71 710500
1c4 72 710500
1c4 73 710500
1c4 74 710510
1c4 75 710510
1c4 76 710510
1c4 77 710510
1c4 78 710500
1c4 79 710500
1c4 7a 710500
1c4 7b 710500
1c4 7c 710510
1c4 7d 710510
1c4 7e 710510
1c4 7f 710510
1c4 80 713400
1c4 81 713400
1c4 82 713400
1c4 83 713400
1c4 84 710410
1c4 85 710410
1c4 86 710410
1c4 87 710410
1c4 88 713400
1c4 89 713400
1c4 8a 713400
1c4 8b 713400
1c4 8c 710410
1c4 8d 710410
1c4 8e 710410
1c4 8f 710410
1c4 90 713400
1c4 91 713400
1c4 92 713400
1c4 93 713400
1c4 94 710410
1c4 95 710410
1c4 96 710410
1c4 97 710410
1c4 98 713400
1c4 99 713400
1c4 9a 713400
1c4 9b 713400
1c4 9c 710410
1c4 9d 710410
1c4 9e 710410
1c4 9f 710410
1c4 a0 713400
1c4 a1 713400
1c4 a2 713400
1c4 a3 713400
1c4 a4 710410
1c4 a5 710410
1c4 a6 710410
1c4 a7 710410
1c4 a8 713400
1c4 a9 713400
1c4 aa 713400
1c4 ab 713400
1c4 ac 710410
1c4 ad 710410
1c4 ae 710410
1c4 af 710410
1c4 b0 713400
1c4 b1 713400
1c4 b2 713400
1c4 b3 713400
1c4 b4 710410
1c4 b5 710410
1c4 b6 710410
1c4 b7 710410
1c4 b8 713400
1c4 b9 713400
1c4 ba 713400
1c4 bb 713400
1c4 bc 710410
1c4 bd 710410
1c4 be 710410
1c4 bf 710410
1c4 c0 710500
1c4 c1 710500
1c4 c2 710500
1c4 c3 710500
1c4 c4 710510
1c4 c5 710510
1c4 c6 710510
1c4 c7 710510
1c4 c8 710500
1c4 c9 710500
1c4 ca 710500
1c4 cb 710500
1c4 cc 710510
1c4 cd 710510
1c4 ce 710510
1c4 cf 710510
1c4 d0 710500
1c4 d1 710500
1c4 d2 710500
1c4 d3 710500
1c4 d4 710510
1c4 d5 710510
1c4 d6 710510
1c4 d7 710510
1c4 d8 710500
1c4 d9 710500
1c4 da 710500
1c4 db 710500
1c4 dc 710510
1c4 dd 710510
1c4 de 710510
1c4 df 710510
1c4 e0 710500
1c4 e1 710500
1c4 e2 710500
1c4 e3 710500
1c4 e4 710510
1c4 e5 710510
1c4 e6 710510
1c4 e7 710510
1c4 e8 710500
1c4 e9 710500
1c4 ea 710500
1c4 eb 710500
1c4 ec 710510
1c4 ed 710510
1c4 ee 710510
1c4 ef 710510
1c4 f0 710500
1c4 f1 710500
1c4 f2 710500
1c4 f3 710500
1c4 f4 710510
1c4 f5 710510
1c4 f6 710510
1c4 f7 710510
1c4 f8 710500
1c4 f9 710500
1c4 fa 710500
1c4 fb 710500
1c4 fc 710510
1c4 fd 710510
1c4 fe 710510
1c4 ff 710510
1c7 00 71f400
1c7 01 71f400
1c7 02 71f400
1c7 03 71f400
1c7 04 71c410
1c7 05 71c410
1c7 06 71c410
1c7 07 71c410
1c7 08 71f400
1c7 09 71f400
1c7 0a 71f400
1c7 0b 71f400
1c7 0c 71c410
1c7 0d 71c410
1c7 0e 71c410
1c7 0f 71c410
1c7 10 71f400
1c7 11 71f400
1c7 12 71f400
1c7 13 71f400
1c7 14 71c410
1c7 15 71c410
1c7 16 71c410
1c7 17 71c410
1c7 18 71f400
1c7 19 71f400
1c7 1a 71f400
1c7 1b 71f400
1c7 1c 71c410
1c7 1d 71c410
1c7 1e 71c410
1c7 1f 71c410
1c7 20 71f400
1c7 21 71f400
1c7 22 71f400
1c7 23 71f400
1c7 24 71c410
1c7 25 71c410
1c7 26 71c410
1c7 27 71c410
1c7 28 71f400
1c7 29 71f400
1c7 2a 71f400
1c7 2b 71f400
1c7 2c 71c410
1c7 2d 71c410
1c7 2e 71c410
1c7 2f 71c410
1c7 30 71f400
1c7 31 71f400
1c7 32 71f400
1c7 33 71f400
1c7 34 71c410
1c7 35 71c410
1c7 36 71c410
1c7 37 71c410
1c7 38 71f400
1c7 39 71f400
1c7 3a 71f400
1c7 3b 71f400
1c7 3c 71c410
1c7 3d 71c410
1c7 3e 71c410
1c7 3f 71c410
1c7 40 71c500
1c7 41 71c500
1c7 42 71c500
1c7 43 71c500
1c7 44 71c510
1c7 45 71c510
1c7 46 71c510
1c7 47 71c510
1c7 48 71c500
1c7 49 71c500
1c7 4a 71c500
1c7 4b 71c500
1c7 4c 71c510
1c7 4d 71c510
1c7 4e 71c510
1c7 4f 71c510
1c7 50 71c500
1c7 51 71c500
1c7 52 71c500
1c7 53 71c500
1c7 54 71c510
1c7 55 71c510
1c7 56 71c510
1c7 57 71c510
1c7 58 71c500
1c7 59 71c500
1c7 5a 71c500
1c7 5b 71c500
1c7 5c 71c510
1c7 5d 71c510
1c7 5e 71c510
1c7 5f 71c510
1c7 60 71c500
1c7 61 71c500
1c7 62 71c500
1c7 63 71c500
1c7 64 71c510
1c7 65 71c510
1c7 66 71c510
1c7 67 71c510
1c7 68 71c500
1c7 69 71c500
1c7 6a 71c500
1c7 6b 71c500
1c7 6c 71c510
1c7 6d 71c510
1c7 6e 71c510
1c7 6f 71c510
1c7 70 71c500
1c7 71 71c500
1c7 72 71c500
1c7 73 71c500
1c7 74 71c510
1c7 75 71c510
1c7 76 71c510
1c7 77 71c510
1c7 78 71c500
1c7 79 71c500
1c7 7a 71c500
1c7 7b 71c500
1c7 7c 71c510
1c7 7d 71c510
1c7 7e 71c510
1c7 7f 71c510
1c7 80 71f400
1c7 81 71f400
1c7 82 71f400
1c7 83 71f400
1c7 84 71c410
1c7 85 71c410
1c7 86 71c410
1c7 87 71c410
1c7 88 71f400
1c7 89 71f400
1c7 8a 71f400
1c7 8b 71f400
1c7 8c 71c410
1c7 8d 71c410
1c7 8e 71c410
1c7 8f 71c410
1c7 90 71f400
1c7 91 71f400
1c7 92 71f400
1c7 93 71f400
1c7 94 71c410
1c7 95 71c410
1c7 96 71c410
1c7 97 71c410
1c7 98 71f400
1c7 99 71f400
1c7 9a 71f400
1c7 9b 71f400
1c7 9c 71c410
1c7 9d 71c410
1c7 9e 71c410
1c7 9f 71c410
1c7 a0 71f400
1c7 a1 71f400
1c7 a2 71f400
1c7 a3 71f400
1c7 a4 71c410
1c7 a5 71c410
1c7 a6 71c410
1c7 a7 71c410
1c7 a8 71f400
1c7 a9 71f400
1c7 aa 71f400
1c7 ab 71f400
1c7 ac 71c410
1c7 ad 71c410
1c7 ae 71c410
1c7 af 71c410
1c7 b0 71f400
1c7 b1 71f400
1c7 b2 71f400
1c7 b3 71f400
1c7 b4 71c410
1c7 b5 71c410
1c7 b6 71c410
1c7 b7 71c410
1c7 b8 71f400
1c7 b9 71f400
1c7 ba 71f400
1c7 bb 71f400
1c7 bc 71c410
1c7 bd 71c410
1c7 be 71c410
1c7 bf 71c410
1c7 c0 71c500
1c7 c1 71c500
1c7 c2 71c500
1c7 c3 71c500
1c7 c4 71c510
1c7 c5 71c510
1c7 c6 71c510
1c7 c7 71c510
1c7 c8 71c500
1c7 c9 71c500
1c7 ca 71c500
1c7 cb 71c500
1c7 cc 71c510
1c7 cd 71c510
1c7 ce 71c510
1c7 cf 71c510
1c7 d0 71c500
1c7 d1 71c500
1c7 d2 71c500
1c7 d3 71c500
1c7 d4 71c510
1c7 d5 71c510
1c7 d6 71c510
1c7 d7 71c510
1c7 d8 71c500
1c7 d9 71c500
1c7 da 71c500
1c7 db 71c500
1c7 dc 71c510
1c7 dd 71c510
1c7 de 71c510
1c7 df 71c510
1c7 e0 71c500
1c7 e1 71c500
1c7 e2 71c500
1c7 e3 71c500
1c7 e4 71c510
1c7 e5 71c510
1c7 e6 71c510
1c7 e7 71c510
1c7 e8 71c500
1c7 e9 71c500
1c7 ea 71c500
1c7 eb 71c500
1c7 ec 71c510
1c7 ed 71c510
1c7 ee 71c510
1c7 ef 71c510
1c7 f0 71c500
1c7 f1 71c500
1c7 f2 71c500
1c7 f3 71c500
1c7 f4 71c510
1c7 f5 71c510
1c7 f6 71c510
1c7 f7 71c510
1c7 f8 71c500
1c7 f9 71c500
1c7 fa 71c500
1c7 fb 71c500
1c7 fc 71c510
1c7 fd 71c510
1c7 fe 71c510
1c7 ff 71c510
1c5 00 717800
1c5 01 717800
1c5 02 717800
1c5 03 717800
1c5 04 714810
1c5 05 714810
1c5 06 714810
1c5 07 714810
1c5 08 717800
1c5 09 717800
1c5 0a 717800
1c5 0b 717800
1c5 0c 714810
1c5 0d 714810
1c5 0e 714810
1c5 0f 714810
1c5 10 717800
1c5 11 717800
1c5 12 717800
1c5 13 717800
1c5 14 714810
1c5 15 714810
1c5 16 714810
1c5 17 714810
1c5 18 717800
1c5 19 717800
1c5 1a 717800
1c5 1b 717800
1c5 1c 714810
1c5 1d 714810
1c5 1e 714810
1c5 1f 714810
1c5 20 717800
1c5 21 717800
1c5 22 717800
1c5 23 717800
1c5 24 714810
1c5 25 714810
1c5 26 714810
1c5 27 714810
1c5 28 717800
1c5 29 717800
1c5 2a 717800
1c5 2b 717800
1c5 2c 714810
1c5 2d 714810
1c5 2e 714810
1c5 2f 714810
1c5 30 717800
1c5 31 717800
1c5 32 717800
1c5 33 717800
1c5 34 714810
1c5 35 714810
1c5 36 714810
1c5 37 714810
1c5 38 717800
1c5 39 717800
1c5 3a 717800
1c5 3b 717800
1c5 3c 714810
1c5 3d 714810
1c5 3e 714810
1c5 3f 714810
1c5 40 714900
1c5 41 714900
1c5 42 714900
1c5 43 714900
1c5 44 714910
1c5 45 714910
1c5 46 714910
1c5 47 714910
1c5 48 714900
1c5 49 714900
1c5 4a 714900
1c5 4b 714900
1c5 4c 714910
1c5 4d 714910
1c5 4e 714910
1c5 4f 714910
1c5 50 714900
1c5 51 714900
1c5 52 714900
1c5 53 714900
1c5 54 714910
1c5 55 714910
1c5 56 714910
1c5 57 714910
1c5 58 714900
1c5 59 714900
1c5 5a 714900
1c5 5b 714900
1c5 5c 714910
1c5 5d 714910
1c5 5e 714910
1c5 5f 714910
1c5 60 714900
1c5 61 714900
1c5 62 714900
1c5 63 714900
1c5 64 714910
1c5 65 714910
1c5 66 714910
1c5 67 714910
1c5 68 714900
1c5 69 714900
1c5 6a 714900
1c5 6b 714900
1c5 6c 714910
1c5 6d 714910
1c5 6e 714910
1c5 6f 714910
1c5 70 714900
1c5 71 714900
1c5 72 714900
1c5 73 714900
1c5 74 714910
1c5 75 714910
1c5 76 714910
1c5 77 714910
1c5 78 714900
1c5 79 714900
1c5 7a 714900
1c5 7b 714900
1c5 7c 714910
1c5 7d 714910
1c5 7e 714910
1c5 7f 714910
1c5 80 717800
1c5 81 717800
1c5 82 717800
1c5 83 717800
1c5 84 714810
1c5 85 714810
1c5 86 714810
1c5 87 714810
1c5 88 717800
1c5 89 717800
1c5 8a 717800
1c5 8b 717800
1c5 8c 714810
1c5 8d 714810
1c5 8e 714810
1c5 8f 714810
1c5 90 717800
1c5 91 717800
1c5 92 717800
1c5 93 717800
1c5 94 714810
1c5 95 714810
1c5 96 714810
1c5 97 714810
1c5 98 717800
1c5 99 717800
1c5 9a 717800
1c5 9b 717800
1c5 9c 714810
1c5 9d 714810
1c5 9e 714810
1c5 9f 714810
1c5 a0 717800
1c5 a1 717800
1c5 a2 717800
1c5 a3 717800
1c5 a4 714810
1c5 a5 714810
1c5 a6 714810
1c5 a7 714810
1c5 a8 717800
1c5 a9 717800
1c5 aa 717800
1c5 ab 717800
1c5 ac 714810
1c5 ad 714810
1c5 ae 714810
1c5 af 714810
1c5 b0 717800
1c5 b1 717800
1c5 b2 717800
1c5 b3 717800
1c5 b4 714810
1c5 b5 714810
1c5 b6 714810
1c5 b7 714810
1c5 b8 717800
1c5 b9 717800
1c5 ba 717800
1c5 bb 717800
1c5 bc 714810
1c5 bd 714810
1c5 be 714810
1c5 bf 714810
1c5 c0 714900
1c5 c1 714900
1c5 c2 714900
1c5 c3 714900
1c5 c4 714910
1c5 c5 714910
1c5 c6 714910
1c5 c7 714910
1c5 c8 714900
1c5 c9 714900
1c5 ca 714900
1c5 cb 714900
1c5 cc 714910
1c5 cd 714910
1c5 ce 714910
1c5 cf 714910
1c5 d0 714900
1c5 d1 714900
1c5 d2 714900
1c5 d3 714900
1c5 d4 714910
1c5 d5 714910
1c5 d6 714910
1c5 d7 714910
1c5 d8 714900
1c5 d9 714900
1c5 da 714900
1c5 db 714900
1c5 dc 714910
1c5 dd 714910
1c5 de 714910
1c5 df 714910
1c5 e0 714900
1c5 e1 714900
1c5 e2 714900
1c5 e3 714900
1c5 e4 714910
1c5 e5 714910
1c5 e6 714910
1c5 e7 714910
1c5 e8 714900
1c5 e9 714900
1c5 ea 714900
1c5 eb 714900
1c5 ec 714910
1c5 ed 714910
1c5 ee 714910
1c5 ef 714910
1c5 f0 714900
1c5 f1 714900
1c5 f2 714900
1c5 f3 714900
1c5 f4 714910
1c5 f5 714910
1c5 f6 714910
1c5 f7 714910
1c5 f8 714900
1c5 f9 714900
1c5 fa 714900
1c5 fb 714900
1c5 fc 714910
1c5 fd 714910
1c5 fe 714910
1c5 ff 714910
1f0 00 7c3000
1f0 01 7c3000
1f0 02 7c3000
1f0 03 7c3000
1f0 04 7c3000
1f0 05 7c3000
1f0 06 7c3000
1f0 07 7c3000
1f0 08 7c3000
1f0 09 7c3000
1f0 0a 7c3000
1f0 0b 7c3000
1f0 0c 7c3000
1f0 0d 7c3000
1f0 0e 7c3000
1f0 0f 7c3000
1f0 10 7c3000
1f0 11 7c3000
1f0 12 7c3000
1f0 13 7c3000
1f0 14 7c3000
1f0 15 7c3000
1f0 16 7c3000
1f0 17 7c3000
1f0 18 7c3000
1f0 19 7c3000
1f0 1a 7c3000
1f0 1b 7c3000
1f0 1c 7c3000
1f0 1d 7c3000
1f0 1e 7c3000
1f0 1f 7c3000
1f0 20 7c3000
1f0 21 7c3000
1f0 22 7c3000
1f0 23 7c3000
1f0 24 7c3000
1f0 25 7c3000
1f0 26 7c3000
1f0 27 7c3000
1f0 28 7c3000
1f0 29 7c3000
1f0 2a 7c3000
1f0 2b 7c3000
1f0 2c 7c3000
1f0 2d 7c3000
1f0 2e 7c3000
1f0 2f 7c3000
1f0 30 7c3000
1f0 31 7c3000
1f0 32 7c3000
1f0 33 7c3000
1f0 34 7c3000
1f0 35 7c3000
1f0 36 7c3000
1f0 37 7c3000
1f0 38 7c3000
1f0 39 7c3000
1f0 3a 7c3000
1f0 3b 7c3000
1f0 3c 7c3000
1f0 3d 7c3000
1f0 3e 7c3000
1f0 3f 7c3000
1f0 40 7c3000
1f0 41 7c3000
1f0 42 7c3000
1f0 43 7c3000
1f0 44 7c3000
1f0 45 7c3000
1f0 46 7c3000
1f0 47 7c3000
1f0 48 7c3000
1f0 49 7c3000
1f0 4a 7c3000
1f0 4b 7c3000
1f0 4c 7c3000
1f0 4d 7c3000
1f0 4e 7c3000
1f0 4f 7c3000
1f0 50 7c3000
1f0 51 7c3000
1f0 52 7c3000
1f0 53 7c3000
1f0 54 7c3000
1f0 55 7c3000
1f0 56 7c3000
1f0 57 7c3000
1f0 58 7c3000
1f0 59 7c3000
1f0 5a 7c3000
1f0 5b 7c3000
1f0 5c 7c3000
1f0 5d 7c3000
1f0 5e 7c3000
1f0 5f 7c3000
1f0 60 7c3000
1f0 61 7c3000
1f0 62 7c3000
1f0 63 7c3000
1f0 64 7c3000
1f0 65 7c3000
1f0 66 7c3000
1f0 67 7c3000
1f0 68 7c3000
1f0 69 7c3000
1f0 6a 7c3000
1f0 6b 7c3000
1f0 6c 7c3000
1f0 6d 7c3000
1f0 6e 7c3000
1f0 6f 7c3000
1f0 70 7c3000
1f0 71 7c3000
1f0 72 7c3000
1f0 73 7c3000
1f0 74 7c3000
1f0 75 7c3000
1f0 76 7c3000
1f0 77 7c3000
1f0 78 7c3000
1f0 79 7c3000
1f0 7a 7c3000
1f0 7b 7c3000
1f0 7c 7c3000
1f0 7d 7c3000
1f0 7e 7c3000
1f0 7f 7c3000
1f0 80 7c3000
1f0 81 7c3000
1f0 82 7c3000
1f0 83 7c3000
1f0 84 7c3000
1f0 85 7c3000
1f0 86 7c3000
1f0 87 7c3000
1f0 88 7c3000
1f0 89 7c3000
1f0 8a 7c3000
1f0 8b 7c3000
1f0 8c 7c3000
1f0 8d 7c3000
1f0 8e 7c3000
1f0 8f 7c3000
1f0 90 7c3000
1f0 91 7c3000
1f0 92 7c3000
1f0 93 7c3000
1f0 94 7c3000
1f0 95 7c3000
1f0 96 7c3000
1f0 97 7c3000
1f0 98 7c3000
1f0 99 7c3000
1f0 9a 7c3000
1f0 9b 7c3000
1f0 9c 7c3000
1f0 9d 7c3000
1f0 9e 7c3000
1f0 9f 7c3000
1f0 a0 7c3000
1f0 a1 7c3000
1f0 a2 7c3000
1f0 a3 7c3000
1f0 a4 7c3000
1f0 a5 7c3000
1f0 a6 7c3000
1f0 a7 7c3000
1f0 a8 7c3000
1f0 a9 7c3000
1f0 aa 7c3000
1f0 ab 7c3000
1f0 ac 7c3000
1f0 ad 7c3000
1f0 ae 7c3000
1f0 af 7c3000
1f0 b0 7c3000
1f0 b1 7c3000
1f0 b2 7c3000
1f0 b3 7c3000
1f0 b4 7c3000
1f0 b5 7c3000
1f0 b6 7c3000
1f0 b7 7c3000
1f0 b8 7c3000
1f0 b9 7c3000
1f0 ba 7c3000
1f0 bb 7c3000
1f0 bc 7c3000
1f0 bd 7c3000
1f0 be 7c3000
1f0 bf 7c3000
1f0 c0 7c3000
1f0 c1 7c3000
1f0 c2 7c3000
1f0 c3 7c3000
1f0 c4 7c3000
1f0 c5 7c3000
1f0 c6 7c3000
1f0 c7 7c3000
1f0 c8 7c3000
1f0 c9 7c3000
1f0 ca 7c3000
1f0 cb 7c3000
1f0 cc 7c3000
1f0 cd 7c3000
1f0 ce 7c3000
1f0 cf 7c3000
1f0 d0 7c3000
1f0 d1 7c3000
1f0 d2 7c3000
1f0 d3 7c3000
1f0 d4 7c3000
1f0 d5 7c3000
1f0 d6 7c3000
1f0 d7 7c3000
1f0 d8 7c3000
1f0 d9 7c3000
1f0 da 7c3000
1f0 db 7c3000
1f0 dc 7c3000
1f0 dd 7c3000
1f0 de 7c3000
1f0 df 7c3000
1f0 e0 7c3000
1f0 e1 7c3000
1f0 e2 7c3000
1f0 e3 7c3000
1f0 e4 7c3000
1f0 e5 7c3000
1f0 e6 7c3000
1f0 e7 7c3000
1f0 e8 7c3000
1f0 e9 7c3000
1f0 ea 7c3000
1f0 eb 7c3000
1f0 ec 7c3000
1f0 ed 7c3000
1f0 ee 7c3000
1f0 ef 7c3000
1f0 f0 7c3000
1f0 f1 7c3000
1f0 f2 7c3000
1f0 f3 7c3000
1f0 f4 7c3000
1f0 f5 7c3000
1f0 f6 7c3000
1f0 f7 7c3000
1f0 f8 7c3000
1f0 f9 7c3000
1f0 fa 7c3000
1f0 fb 7c3000
1f0 fc 7c3000
1f0 fd 7c3000
1f0 fe 7c3000
1f0 ff 7c3000
1f3 00 7cf000
1f3 01 7cf000
1f3 02 7cf000
1f3 03 7cf000
1f3 04 7cf000
1f3 05 7cf000
1f3 06 7cf000
1f3 07 7cf000
1f3 08 7ce020
1f3 09 7ce020
1f3 0a 7ce020
1f3 0b 7ce020
1f3 0c 7ce020
1f3 0d 7ce020
1f3 0e 7ce020
1f3 0f 7ce020
1f3 10 7cf000
1f3 11 7cf000
1f3 12 7cf000
1f3 13 7cf000
1f3 14 7cf000
1f3 15 7cf000
1f3 16 7cf000
1f3 17 7cf000
1f3 18 7ce020
1f3 19 7ce020
1f3 1a 7ce020
1f3 1b 7ce020
1f3 1c 7ce020
1f3 1d 7ce020
1f3 1e 7ce020
1f3 1f 7ce020
1f3 20 7cf000
1f3 21 7cf000
1f3 22 7cf000
1f3 23 7cf000
1f3 24 7cf000
1f3 25 7cf000
1f3 26 7cf000
1f3 27 7cf000
1f3 28 7ce020
1f3 29 7ce020
1f3 2a 7ce020
1f3 2b 7ce020
1f3 2c 7ce020
1f3 2d 7ce020
1f3 2e 7ce020
1f3 2f 7ce020
1f3 30 7cf000
1f3 31 7cf000
1f3 32 7cf000
1f3 33 7cf000
1f3 34 7cf000
1f3 35 7cf000
1f3 36 7cf000
1f3 37 7cf000
1f3 38 7ce020
1f3 39 7ce020
1f3 3a 7ce020
1f3 3b 7ce020
1f3 3c 7ce020
1f3 3d 7ce020
1f3 3e 7ce020
1f3 3f 7ce020
1f3 40 7cf000
1f3 41 7cf000
1f3 42 7cf000
1f3 43 7cf000
1f3 44 7cf000
1f3 45 7cf000
1f3 46 7cf000
1f3 47 7cf000
1f3 48 7ce020
1f3 49 7ce020
1f3 4a 7ce020
1f3 4b 7ce020
1f3 4c 7ce020
1f3 4d 7ce020
1f3 4e 7ce020
1f3 4f 7ce020
1f3 50 7cf000
1f3 51 7cf000
1f3 52 7cf000
1f3 53 7cf000
1f3 54 7cf000
1f3 55 7cf000
1f3 56 7cf000
1f3 57 7cf000
1f3 58 7ce020
1f3 59 7ce020
1f3 5a 7ce020
1f3 5b 7ce020
1f3 5c 7ce020
1f3 5d 7ce020
1f3 5e 7ce020
1f3 5f 7ce020
1f3 60 7cf000
1f3 61 7cf000
1f3 62 7cf000
1f3 63 7cf000
1f3 64 7cf000
1f3 65 7cf000
1f3 66 7cf000
1f3 67 7cf000
1f3 68 7ce020
1f3 69 7ce020
1f3 6a 7ce020
1f3 6b 7ce020
1f3 6c 7ce020
1f3 6d 7ce020
1f3 6e 7ce020
1f3 6f 7ce020
1f3 70 7cf000
1f3 71 7cf000
1f3 72 7cf000
1f3 73 7cf000
1f3 74 7cf000
1f3 75 7cf000
1f3 76 7cf000
1f3 77 7cf000
1f3 78 7ce020
1f3 79 7ce020
1f3 7a 7ce020
1f3 7b 7ce020
1f3 7c 7ce020
1f3 7d 7ce020
1f3 7e 7ce020
1f3 7f 7ce020
1f3 80 7ce200
1f3 81 7ce200
1f3 82 7ce200
1f3 83 7ce200
1f3 84 7ce200
1f3 85 7ce200
1f3 86 7ce200
1f3 87 7ce200
1f3 88 7ce220
1f3 89 7ce220
1f3 8a 7ce220
1f3 8b 7ce220
1f3 8c 7ce220
1f3 8d 7ce220
1f3 8e 7ce220
1f3 8f 7ce220
1f3 90 7ce200
1f3 91 7ce200
1f3 92 7ce200
1f3 93 7ce200
1f3 94 7ce200
1f3 95 7ce200
1f3 96 7ce200
1f3 97 7ce200
1f3 98 7ce220
1f3 99 7ce220
1f3 9a 7ce220
1f3 9b 7ce220
1f3 9c 7ce220
1f3 9d 7ce220
1f3 9e 7ce220
1f3 9f 7ce220
1f3 a0 7ce200
1f3 a1 7ce200
1f3 a2 7ce200
1f3 a3 7ce200
1f3 a4 7ce200
1f3 a5 7ce200
1f3 a6 7ce200
1f3 a7 7ce200
1f3 a8 7ce220
1f3 a9 7ce220
1f3 aa 7ce220
1f3 ab 7ce220
1f3 ac 7ce220
1f3 ad 7ce220
1f3 ae 7ce220
1f3 af 7ce220
1f3 b0 7ce200
1f3 b1 7ce200
1f3 b2 7ce200
1f3 b3 7ce200
1f3 b4 7ce200
1f3 b5 7ce200
1f3 b6 7ce200
1f3 b7 7ce200
1f3 b8 7ce220
1f3 b9 7ce220
1f3 ba 7ce220
1f3 bb 7ce220
1f3 bc 7ce220
1f3 bd 7ce220
1f3 be 7ce220
1f3 bf 7ce220
1f3 c0 7ce200
1f3 c1 7ce200
1f3 c2 7ce200
1f3 c3 7ce200
1f3 c4 7ce200
1f3 c5 7ce200
1f3 c6 7ce200
1f3 c7 7ce200
1f3 c8 7ce220
1f3 c9 7ce220
1f3 ca 7ce220
1f3 cb 7ce220
1f3 cc 7ce220
1f3 cd 7ce220
1f3 ce 7ce220
1f3 cf 7ce220
1f3 d0 7ce200
1f3 d1 7ce200
1f3 d2 7ce200
1f3 d3 7ce200
1f3 d4 7ce200
1f3 d5 7ce200
1f3 d6 7ce200
1f3 d7 7ce200
1f3 d8 7ce220
1f3 d9 7ce220
1f3 da 7ce220
1f3 db 7ce220
1f3 dc 7ce220
1f3 dd 7ce220
1f3 de 7ce220
1f3 df 7ce220
1f3 e0 7ce200
1f3 e1 7ce200
1f3 e2 7ce200
1f3 e3 7ce200
1f3 e4 7ce200
1f3 e5 7ce200
1f3 e6 7ce200
1f3 e7 7ce200
1f3 e8 7ce220
1f3 e9 7ce220
1f3 ea 7ce220
1f3 eb 7ce220
1f3 ec 7ce220
1f3 ed 7ce220
1f3 ee 7ce220
1f3 ef 7ce220
1f3 f0 7ce200
1f3 f1 7ce200
1f3 f2 7ce200
1f3 f3 7ce200
1f3 f4 7ce200
1f3 f5 7ce200
1f3 f6 7ce200
1f3 f7 7ce200
1f3 f8 7ce220
1f3 f9 7ce220
1f3 fa 7ce220
1f3 fb 7ce220
1f3 fc 7ce220
1f3 fd 7ce220
1f3 fe 7ce220
1f3 ff 7ce220
1f1 00 7c7400
1f1 01 7c7400
1f1 02 7c7400
1f1 03 7c7400
1f1 04 7c7400
1f1 05 7c7400
1f1 06 7c7400
1f1 07 7c7400
1f1 08 7cd420
1f1 09 7cd420
1f1 0a 7cd420
1f1 0b 7cd420
1f1 0c 7cd420
1f1 0d 7cd420
1f1 0e 7cd420
1f1 0f 7cd420
1f1 10 7c7400
1f1 11 7c7400
1f1 12 7c7400
1f1 13 7c7400
1f1 14 7c7400
1f1 15 7c7400
1f1 16 7c7400
1f1 17 7c7400
1f1 18 7cd420
1f1 19 7cd420
1f1 1a 7cd420
1f1 1b 7cd420
1f1 1c 7cd420
1f1 1d 7cd420
1f1 1e 7cd420
1f1 1f 7cd420
1f1 20 7c7400
1f1 21 7c7400
1f1 22 7c7400
1f1 23 7c7400
1f1 24 7c7400
1f1 25 7c7400
1f1 26 7c7400
1f1 27 7c7400
1f1 28 7cd420
1f1 29 7cd420
1f1 2a 7cd420
1f1 2b 7cd420
1f1 2c 7cd420
1f1 2d 7cd420
1f1 2e 7cd420
1f1 2f 7cd420
1f1 30 7c7400
1f1 31 7c7400
1f1 32 7c7400
1f1 33 7c7400
1f1 34 7c7400
1f1 35 7c7400
1f1 36 7c7400
1f1 37 7c7400
1f1 38 7cd420
1f1 39 7cd420
1f1 3a 7cd420
1f1 3b 7cd420
1f1 3c 7cd420
1f1 3d 7cd420
1f1 3e 7cd420
1f1 3f 7cd420
1f1 40 7c7400
1f1 41 7c7400
1f1 42 7c7400
1f1 43 7c7400
1f1 44 7c7400
1f1 45 7c7400
1f1 46 7c7400
1f1 47 7c7400
1f1 48 7cd420
1f1 49 7cd420
1f1 4a 7cd420
1f1 4b 7cd420
1f1 4c 7cd420
1f1 4d 7cd420
1f1 4e 7cd420
1f1 4f 7cd420
1f1 50 7c7400
1f1 51 7c7400
1f1 52 7c7400
1f1 53 7c7400
1f1 54 7c7400
1f1 55 7c7400
1f1 56 7c7400
1f1 57 7c7400
1f1 58 7cd420
1f1 59 7cd420
1f1 5a 7cd420
1f1 5b 7cd420
1f1 5c 7cd420
1f1 5d 7cd420
1f1 5e 7cd420
1f1 5f 7cd420
1f1 60 7c7400
1f1 61 7c7400
1f1 62 7c7400
1f1 63 7c7400
1f1 64 7c7400
1f1 65 7c7400
1f1 66 7c7400
1f1 67 7c7400
1f1 68 7cd420
1f1 69 7cd420
1f1 6a 7cd420
1f1 6b 7cd420
1f1 6c 7cd420
1f1 6d 7cd420
1f1 6e 7cd420
1f1 6f 7cd420
1f1 70 7c7400
1f1 71 7c7400
1f1 72 7c7400
1f1 73 7c7400
1f1 74 7c7400
1f1 75 7c7400
1f1 76 7c7400
1f1 77 7c7400
1f1 78 7cd420
1f1 79 7cd420
1f1 7a 7cd420
1f1 7b 7cd420
1f1 7c 7cd420
1f1 7d 7cd420
1f1 7e 7cd420
1f1 7f 7cd420
1f1 80 7cd600
1f1 81 7cd600
1f1 82 7cd600
1f1 83 7cd600
1f1 84 7cd600
1f1 85 7cd600
1f1 86 7cd600
1f1 87 7cd600
1f1 88 7cd620
1f1 89 7cd620
1f1 8a 7cd620
1f1 8b 7cd620
1f1 8c 7cd620
1f1 8d 7cd620
1f1 8e 7cd620
1f1 8f 7cd620
1f1 90 7cd600
1f1 91 7cd600
1f1 92 7cd600
1f1 93 7cd600
1f1 94 7cd600
1f1 95 7cd600
1f1 96 7cd600
1f1 97 7cd600
1f1 98 7cd620
1f1 99 7cd620
1f1 9a 7cd620
1f1 9b 7cd620
1f1 9c 7cd620
1f1 9d 7cd620
1f1 9e 7cd620
1f1 9f 7cd620
1f1 a0 7cd600
1f1 a1 7cd600
1f1 a2 7cd600
1f1 a3 7cd600
1f1 a4 7cd600
1f1 a5 7cd600
1f1 a6 7cd600
1f1 a7 7cd600
1f1 a8 7cd620
1f1 a9 7cd620
1f1 aa 7cd620
1f1 ab 7cd620
1f1 ac 7cd620
1f1 ad 7cd620
1f1 ae 7cd620
1f1 af 7cd620
1f1 b0 7cd600
1f1 b1 7cd600
1f1 b2 7cd600
1f1 b3 7cd600
1f1 b4 7cd600
1f1 b5 7cd600
1f1 b6 7cd600
1f1 b7 7cd600
1f1 b8 7cd620
1f1 b9 7cd620
1f1 ba 7cd620
1f1 bb 7cd620
1f1 bc 7cd620
1f1 bd 7cd620
1f1 be 7cd620
1f1 bf 7cd620
1f1 c0 7cd600
1f1 c1 7cd600
1f1 c2 7cd600
1f1 c3 7cd600
1f1 c4 7cd600
1f1 c5 7cd600
1f1 c6 7cd600
1f1 c7 7cd600
1f1 c8 7cd620
1f1 c9 7cd620
1f1 ca 7cd620
1f1 cb 7cd620
1f1 cc 7cd620
1f1 cd 7cd620
1f1 ce 7cd620
1f1 cf 7cd620
1f1 d0 7cd600
1f1 d1 7cd600
1f1 d2 7cd600
1f1 d3 7cd600
1f1 d4 7cd600
1f1 d5 7cd600
1f1 d6 7cd600
1f1 d7 7cd600
1f1 d8 7cd620
1f1 d9 7cd620
1f1 da 7cd620
1f1 db 7cd620
1f1 dc 7cd620
1f1 dd 7cd620
1f1 de 7cd620
1f1 df 7cd620
1f1 e0 7cd600
1f1 e1 7cd600
1f1 e2 7cd600
1f1 e3 7cd600
1f1 e4 7cd600
1f1 e5 7cd600
1f1 e6 7cd600
1f1 e7 7cd600
1f1 e8 7cd620
1f1 e9 7cd620
1f1 ea 7cd620
1f1 eb 7cd620
1f1 ec 7cd620
1f1 ed 7cd620
1f1 ee 7cd620
1f1 ef 7cd620
1f1 f0 7cd600
1f1 f1 7cd600
1f1 f2 7cd600
1f1 f3 7cd600
1f1 f4 7cd600
1f1 f5 7cd600
1f1 f6 7cd600
1f1 f7 7cd600
1f1 f8 7cd620
1f1 f9 7cd620
1f1 fa 7cd620
1f1 fb 7cd620
1f1 fc 7cd620
1f1 fd 7cd620
1f1 fe 7cd620
1f1 ff 7cd620
1fc 00 7f3000
1fc 01 7f3000
1fc 02 7f3000
1fc 03 7f3000
1fc 04 7f3000
1fc 05 7f3000
1fc 06 7f3000
1fc 07 7f3000
1fc 08 7f2021
1fc 09 7f2021
1fc 0a 7f2021
1fc 0b 7f2021
1fc 0c 7f2021
1fc 0d 7f2021
1fc 0e 7f2021
1fc 0f 7f2021
1fc 10 7f3000
1fc 11 7f3000
1fc 12 7f3000
1fc 13 7f3000
1fc 14 7f3000
1fc 15 7f3000
1fc 16 7f3000
1fc 17 7f3000
1fc 18 7f2021
1fc 19 7f2021
1fc 1a 7f2021
1fc 1b 7f2021
1fc 1c 7f2021
1fc 1d 7f2021
1fc 1e 7f2021
1fc 1f 7f2021
1fc 20 7f3000
1fc 21 7f3000
1fc 22 7f3000
1fc 23 7f3000
1fc 24 7f3000
1fc 25 7f3000
1fc 26 7f3000
1fc 27 7f3000
1fc 28 7f2021
1fc 29 7f2021
1fc 2a 7f2021
1fc 2b 7f2021
1fc 2c 7f2021
1fc 2d 7f2021
1fc 2e 7f2021
1fc 2f 7f2021
1fc 30 7f3000
1fc 31 7f3000
1fc 32 7f3000
1fc 33 7f3000
1fc 34 7f3000
1fc 35 7f3000
1fc 36 7f3000
1fc 37 7f3000
1fc 38 7f2021
1fc 39 7f2021
1fc 3a 7f2021
1fc 3b 7f2021
1fc 3c 7f2021
1fc 3d 7f2021
1fc 3e 7f2021
1fc 3f 7f2021
1fc 40 7f3000
1fc 41 7f3000
1fc 42 7f3000
1fc 43 7f3000
1fc 44 7f3000
1fc 45 7f3000
1fc 46 7f3000
1fc 47 7f3000
1fc 48 7f2021
1fc 49 7f2021
1fc 4a 7f2021
1fc 4b 7f2021
1fc 4c 7f2021
1fc 4d 7f2021
1fc 4e 7f2021
1fc 4f 7f2021
1fc 50 7f3000
1fc 51 7f3000
1fc 52 7f3000
1fc 53 7f3000
1fc 54 7f3000
1fc 55 7f3000
1fc 56 7f3000
1fc 57 7f3000
1fc 58 7f2021
1fc 59 7f2021
1fc 5a 7f2021
1fc 5b 7f2021
1fc 5c 7f2021
1fc 5d 7f2021
1fc 5e 7f2021
1fc 5f 7f2021
1fc 60 7f3000
1fc 61 7f3000
1fc 62 7f3000
1fc 63 7f3000
1fc 64 7f3000
1fc 65 7f3000
1fc 66 7f3000
1fc 67 7f3000
1fc 68 7f2021
1fc 69 7f2021
1fc 6a 7f2021
1fc 6b 7f2021
1fc 6c 7f2021
1fc 6d 7f2021
1fc 6e 7f2021
1fc 6f 7f2021
1fc 70 7f3000
1fc 71 7f3000
1fc 72 7f3000
1fc 73 7f3000
1fc 74 7f3000
1fc 75 7f3000
1fc 76 7f3000
1fc 77 7f3000
1fc 78 7f2021
1fc 79 7f2021
1fc 7a 7f2021
1fc 7b 7f2021
1fc 7c 7f2021
1fc 7d 7f2021
1fc 7e 7f2021
1fc 7f 7f2021
1fc 80 7f2201
1fc 81 7f2201
1fc 82 7f2201
1fc 83 7f2201
1fc 84 7f2201
1fc 85 7f2201
1fc 86 7f2201
1fc 87 7f2201
1fc 88 7f2221
1fc 89 7f2221
1fc 8a 7f2221
1fc 8b 7f2221
1fc 8c 7f2221
1fc 8d 7f2221
1fc 8e 7f2221
1fc 8f 7f2221
1fc 90 7f2201
1fc 91 7f2201
1fc 92 7f2201
1fc 93 7f2201
1fc 94 7f2201
1fc 95 7f2201
1fc 96 7f2201
1fc 97 7f2201
1fc 98 7f2221
1fc 99 7f2221
1fc 9a 7f2221
1fc 9b 7f2221
1fc 9c 7f2221
1fc 9d 7f2221
1fc 9e 7f2221
1fc 9f 7f2221
1fc a0 7f2201
1fc a1 7f2201
1fc a2 7f2201
1fc a3 7f2201
1fc a4 7f2201
1fc a5 7f2201
1fc a6 7f2201
1fc a7 7f2201
1fc a8 7f2221
1fc a9 7f2221
1fc aa 7f2221
1fc ab 7f2221
1fc ac 7f2221
1fc ad 7f2221
1fc ae 7f2221
1fc af 7f2221
1fc b0 7f2201
1fc b1 7f2201
1fc b2 7f2201
1fc b3 7f2201
1fc b4 7f2201
1fc b5 7f2201
1fc b6 7f2201
1fc b7 7f2201
1fc b8 7f2221
1fc b9 7f2221
1fc ba 7f2221
1fc bb 7f2221
1fc bc 7f2221
1fc bd 7f2221
1fc be 7f2221
1fc bf 7f2221
1fc c0 7f2201
1fc c1 7f2201
1fc c2 7f2201
1fc c3 7f2201
1fc c4 7f2201
1fc c5 7f2201
1fc c6 7f2201
1fc c7 7f2201
1fc c8 7f2221
1fc c9 7f2221
1fc ca 7f2221
1fc cb 7f2221
1fc cc 7f2221
1fc cd 7f2221
1fc ce 7f2221
1fc cf 7f2221
1fc d0 7f2201
1fc d1 7f2201
1fc d2 7f2201
1fc d3 7f2201
1fc d4 7f2201
1fc d5 7f2201
1fc d6 7f2201
1fc d7 7f2201
1fc d8 7f2221
1fc d9 7f2221
1fc da 7f2221
1fc db 7f2221
1fc dc 7f2221
1fc dd 7f2221
1fc de 7f2221
1fc df 7f2221
1fc e0 7f2201
1fc e1 7f2201
1fc e2 7f2201
1fc e3 7f2201
1fc e4 7f2201
1fc e5 7f2201
1fc e6 7f2201
1fc e7 7f2201
1fc e8 7f2221
1fc e9 7f2221
1fc ea 7f2221
1fc eb 7f2221
1fc ec 7f2221
1fc ed 7f2221
1fc ee 7f2221
1fc ef 7f2221
1fc f0 7f2201
1fc f1 7f2201
1fc f2 7f2201
1fc f3 7f2201
1fc f4 7f2201
1fc f5 7f2201
1fc f6 7f2201
1fc f7 7f2201
1fc f8 7f2221
1fc f9 7f2221
1fc fa 7f2221
1fc fb 7f2221
1fc fc 7f2221
1fc fd 7f2221
1fc fe 7f2221
1fc ff 7f2221
1ff 00 7ff000
1ff 01 7ff000
1ff 02 7ff000
1ff 03 7ff000
1ff 04 7ff000
1ff 05 7ff000
1ff 06 7ff000
1ff 07 7ff000
1ff 08 7ff000
1ff 09 7ff000
1ff 0a 7ff000
1ff 0b 7ff000
1ff 0c 7ff000
1ff 0d 7ff000
1ff 0e 7ff000
1ff 0f 7ff000
1ff 10 7ff000
1ff 11 7ff000
1ff 12 7ff000
1ff 13 7ff000
1ff 14 7ff000
1ff 15 7ff000
1ff 16 7ff000
1ff 17 7ff000
1ff 18 7ff000
1ff 19 7ff000
1ff 1a 7ff000
1ff 1b 7ff000
1ff 1c 7ff000
1ff 1d 7ff000
1ff 1e 7ff000
1ff 1f 7ff000
1ff 20 7ff000
1ff 21 7ff000
1ff 22 7ff000
1ff 23 7ff000
1ff 24 7ff000
1ff 25 7ff000
1ff 26 7ff000
1ff 27 7ff000
1ff 28 7ff000
1ff 29 7ff000
1ff 2a 7ff000
1ff 2b 7ff000
1ff 2c 7ff000
1ff 2d 7ff000
1ff 2e 7ff000
1ff 2f 7ff000
1ff 30 7ff000
1ff 31 7ff000
1ff 32 7ff000
1ff 33 7ff000
1ff 34 7ff000
1ff 35 7ff000
1ff 36 7ff000
1ff 37 7ff000
1ff 38 7ff000
1ff 39 7ff000
1ff 3a 7ff000
1ff 3b 7ff000
1ff 3c 7ff000
1ff 3d 7ff000
1ff 3e 7ff000
1ff 3f 7ff000
1ff 40 7ff000
1ff 41 7ff000
1ff 42 7ff000
1ff 43 7ff000
1ff 44 7ff000
1ff 45 7ff000
1ff 46 7ff000
1ff 47 7ff000
1ff 48 7ff000
1ff 49 7ff000
1ff 4a 7ff000
1ff 4b 7ff000
1ff 4c 7ff000
1ff 4d 7ff000
1ff 4e 7ff000
1ff 4f 7ff000
1ff 50 7ff000
1ff 51 7ff000
1ff 52 7ff000
1ff 53 7ff000
1ff 54 7ff000
1ff 55 7ff000
1ff 56 7ff000
1ff 57 7ff000
1ff 58 7ff000
1ff 59 7ff000
1ff 5a 7ff000
1ff 5b 7ff000
1ff 5c 7ff000
1ff 5d 7ff000
1ff 5e 7ff000
1ff 5f 7ff000
1ff 60 7ff000
1ff 61 7ff000
1ff 62 7ff000
1ff 63 7ff000
1ff 64 7ff000
1ff 65 7ff000
1ff 66 7ff000
1ff 67 7ff000
1ff 68 7ff000
1ff 69 7ff000
1ff 6a 7ff000
1ff 6b 7ff000
1ff 6c 7ff000
1ff 6d 7ff000
1ff 6e 7ff000
1ff 6f 7ff000
1ff 70 7ff000
1ff 71 7ff000
1ff 72 7ff000
1ff 73 7ff000
1ff 74 7ff000
1ff 75 7ff000
1ff 76 7ff000
1ff 77 7ff000
1ff 78 7ff000
1ff 79 7ff000
1ff 7a 7ff000
1ff 7b 7ff000
1ff 7c 7ff000
1ff 7d 7ff000
1ff 7e 7ff000
1ff 7f 7ff000
1ff 80 7ff000
1ff 81 7ff000
1ff 82 7ff000
1ff 83 7ff000
1ff 84 7ff000
1ff 85 7ff000
1ff 86 7ff000
1ff 87 7ff000
1ff 88 7ff000
1ff 89 7ff000
1ff 8a 7ff000
1ff 8b 7ff000
1ff 8c 7ff000
1ff 8d 7ff000
1ff 8e 7ff000
1ff 8f 7ff000
1ff 90 7ff000
1ff 91 7ff000
1ff 92 7ff000
1ff 93 7ff000
1ff 94 7ff000
1ff 95 7ff000
1ff 96 7ff000
1ff 97 7ff000
1ff 98 7ff000
1ff 99 7ff000
1ff 9a 7ff000
1ff 9b 7ff000
1ff 9c 7ff000
1ff 9d 7ff000
1ff 9e 7ff000
1ff 9f 7ff000
1ff a0 7ff000
1ff a1 7ff000
1ff a2 7ff000
1ff a3 7ff000
1ff a4 7ff000
1ff a5 7ff000
1ff a6 7ff000
1ff a7 7ff000
1ff a8 7ff000
1ff a9 7ff000
1ff aa 7ff000
1ff ab 7ff000
1ff ac 7ff000
1ff ad 7ff000
1ff ae 7ff000
1ff af 7ff000
1ff b0 7ff000
1ff b1 7ff000
1ff b2 7ff000
1ff b3 7ff000
1ff b4 7ff000
1ff b5 7ff000
1ff b6 7ff000
1ff b7 7ff000
1ff b8 7ff000
1ff b9 7ff000
1ff ba 7ff000
1ff bb 7ff000
1ff bc 7ff000
1ff bd 7ff000
1ff be 7ff000
1ff bf 7ff000
1ff c0 7ff000
1ff c1 7ff000
1ff c2 7ff000
1ff c3 7ff000
1ff c4 7ff000
1ff c5 7ff000
1ff c6 7ff000
1ff c7 7ff000
1ff c8 7ff000
1ff c9 7ff000
1ff ca 7ff000
1ff cb 7ff000
1ff cc 7ff000
1ff cd 7ff000
1ff ce 7ff000
1ff cf 7ff000
1ff d0 7ff000
1ff d1 7ff000
1ff d2 7ff000
1ff d3 7ff000
1ff d4 7ff000
1ff d5 7ff000
1ff d6 7ff000
1ff d7 7ff000
1ff d8 7ff000
1ff d9 7ff000
1ff da 7ff000
1ff db 7ff000
1ff dc 7ff000
1ff dd 7ff000
1ff de 7ff000
1ff df 7ff000
1ff e0 7ff000
1ff e1 7ff000
1ff e2 7ff000
1ff e3 7ff000
1ff e4 7ff000
1ff e5 7ff000
1ff e6 7ff000
1ff e7 7ff000
1ff e8 7ff000
1ff e9 7ff000
1ff ea 7ff000
1ff eb 7ff000
1ff ec 7ff000
1ff ed 7ff000
1ff ee 7ff000
1ff ef 7ff000
1ff f0 7ff000
1ff f1 7ff000
1ff f2 7ff000
1ff f3 7ff000
1ff f4 7ff000
1ff f5 7ff000
1ff f6 7ff000
1ff f7 7ff000
1ff f8 7ff000
1ff f9 7ff000
1ff fa 7ff000
1ff fb 7ff000
1ff fc 7ff000
1ff fd 7ff000
1ff fe 7ff000
1ff ff 7ff000
1fd 00 7f7400
1fd 01 7f7400
1fd 02 7f7400
1fd 03 7f7400
1fd 04 7f7400
1fd 05 7f7400
1fd 06 7f7400
1fd 07 7f7400
1fd 08 7f1420
1fd 09 7f1420
1fd 0a 7f1420
1fd 0b 7f1420
1fd 0c 7f1420
1fd 0d 7f1420
1fd 0e 7f1420
1fd 0f 7f1420
1fd 10 7f7400
1fd 11 7f7400
1fd 12 7f7400
1fd 13 7f7400
1fd 14 7f7400
1fd 15 7f7400
1fd 16 7f7400
1fd 17 7f7400
1fd 18 7f1420
1fd 19 7f1420
1fd 1a 7f1420
1fd 1b 7f1420
1fd 1c 7f1420
1fd 1d 7f1420
1fd 1e 7f1420
1fd 1f 7f1420
1fd 20 7f7400
1fd 21 7f7400
1fd 22 7f7400
1fd 23 7f7400
1fd 24 7f7400
1fd 25 7f7400
1fd 26 7f7400
1fd 27 7f7400
1fd 28 7f1420
1fd 29 7f1420
1fd 2a 7f1420
1fd 2b 7f1420
1fd 2c 7f1420
1fd 2d 7f1420
1fd 2e 7f1420
1fd 2f 7f1420
1fd 30 7f7400
1fd 31 7f7400
1fd 32 7f7400
1fd 33 7f7400
1fd 34 7f7400
1fd 35 7f7400
1fd 36 7f7400
1fd 37 7f7400
1fd 38 7f1420
1fd 39 7f1420
1fd 3a 7f1420
1fd 3b 7f1420
1fd 3c 7f1420
1fd 3d 7f1420
1fd 3e 7f1420
1fd 3f 7f1420
1fd 40 7f7400
1fd 41 7f7400
1fd 42 7f7400
1fd 43 7f7400
1fd 44 7f7400
1fd 45 7f7400
1fd 46 7f7400
1fd 47 7f7400
1fd 48 7f1420
1fd 49 7f1420
1fd 4a 7f1420
1fd 4b 7f1420
1fd 4c 7f1420
1fd 4d 7f1420
1fd 4e 7f1420
1fd 4f 7f1420
1fd 50 7f7400
1fd 51 7f7400
1fd 52 7f7400
1fd 53 7f7400
1fd 54 7f7400
1fd 55 7f7400
1fd 56 7f7400
1fd 57 7f7400
1fd 58 7f1420
1fd 59 7f1420
1fd 5a 7f1420
1fd 5b 7f1420
1fd 5c 7f1420
1fd 5d 7f1420
1fd 5e 7f1420
1fd 5f 7f1420
1fd 60 7f7400
1fd 61 7f7400
1fd 62 7f7400
1fd 63 7f7400
1fd 64 7f7400
1fd 65 7f7400
1fd 66 7f7400
1fd 67 7f7400
1fd 68 7f1420
1fd 69 7f1420
1fd 6a 7f1420
1fd 6b 7f1420
1fd 6c 7f1420
1fd 6d 7f1420
1fd 6e 7f1420
1fd 6f 7f1420
1fd 70 7f7400
1fd 71 7f7400
1fd 72 7f7400
1fd 73 7f7400
1fd 74 7f7400
1fd 75 7f7400
1fd 76 7f7400
1fd 77 7f7400
1fd 78 7f1420
1fd 79 7f1420
1fd 7a 7f1420
1fd 7b 7f1420
1fd 7c 7f1420
1fd 7d 7f1420
1fd 7e 7f1420
1fd 7f 7f1420
1fd 80 7f1600
1fd 81 7f1600
1fd 82 7f1600
1fd 83 7f1600
1fd 84 7f1600
1fd 85 7f1600
1fd 86 7f1600
1fd 87 7f1600
1fd 88 7f1620
1fd 89 7f1620
1fd 8a 7f1620
1fd 8b 7f1620
1fd 8c 7f1620
1fd 8d 7f1620
1fd 8e 7f1620
1fd 8f 7f1620
1fd 90 7f1600
1fd 91 7f1600
1fd 92 7f1600
1fd 93 7f1600
1fd 94 7f1600
1fd 95 7f1600
1fd 96 7f1600
1fd 97 7f1600
1fd 98 7f1620
1fd 99 7f1620
1fd 9a 7f1620
1fd 9b 7f1620
1fd 9c 7f1620
1fd 9d 7f1620
1fd 9e 7f1620
1fd 9f 7f1620
1fd a0 7f1600
1fd a1 7f1600
1fd a2 7f1600
1fd a3 7f1600
1fd a4 7f1600
1fd a5 7f1600
1fd a6 7f1600
1fd a7 7f1600
1fd a8 7f1620
1fd a9 7f1620
1fd aa 7f1620
1fd ab 7f1620
1fd ac 7f1620
1fd ad 7f1620
1fd ae 7f1620
1fd af 7f1620
1fd b0 7f1600
1fd b1 7f1600
1fd b2 7f1600
1fd b3 7f1600
1fd b4 7f1600
1fd b5 7f1600
1fd b6 7f1600
1fd b7 7f1600
1fd b8 7f1620
1fd b9 7f1620
1fd ba 7f1620
1fd bb 7f1620
1fd bc 7f1620
1fd bd 7f1620
1fd be 7f1620
1fd bf 7f1620
1fd c0 7f1600
1fd c1 7f1600
1fd c2 7f1600
1fd c3 7f1600
1fd c4 7f1600
1fd c5 7f1600
1fd c6 7f1600
1fd c7 7f1600
1fd c8 7f1620
1fd c9 7f1620
1fd ca 7f1620
1fd cb 7f1620
1fd cc 7f1620
1fd cd 7f1620
1fd ce 7f1620
1fd cf 7f1620
1fd d0 7f1600
1fd d1 7f1600
1fd d2 7f1600
1fd d3 7f1600
1fd d4 7f1600
1fd d5 7f1600
1fd d6 7f1600
1fd d7 7f1600
1fd d8 7f1620
1fd d9 7f1620
1fd da 7f1620
1fd db 7f1620
1fd dc 7f1620
1fd dd 7f1620
1fd de 7f1620
1fd df 7f1620
1fd e0 7f1600
1fd e1 7f1600
1fd e2 7f1600
1fd e3 7f1600
1fd e4 7f1600
1fd e5 7f1600
1fd e6 7f1600
1fd e7 7f1600
1fd e8 7f1620
1fd e9 7f1620
1fd ea 7f1620
1fd eb 7f1620
1fd ec 7f1620
1fd ed 7f1620
1fd ee 7f1620
1fd ef 7f1620
1fd f0 7f1600
1fd f1 7f1600
1fd f2 7f1600
1fd f3 7f1600
1fd f4 7f1600
1fd f5 7f1600
1fd f6 7f1600
1fd f7 7f1600
1fd f8 7f1620
1fd f9 7f1620
1fd fa 7f1620
1fd fb 7f1620
1fd fc 7f1620
1fd fd 7f1620
1fd fe 7f1620
1fd ff 7f1620
1f4 00 7d3400
1f4 01 7d3400
1f4 02 7d3400
1f4 03 7d3400
1f4 04 7d3400
1f4 05 7d3400
1f4 06 7d3400
1f4 07 7d3400
1f4 08 7f1420
1f4 09 7f1420
1f4 0a 7f1420
1f4 0b 7f1420
1f4 0c 7f1420
1f4 0d 7f1420
1f4 0e 7f1420
1f4 0f 7f1420
1f4 10 7d3400
1f4 11 7d3400
1f4 12 7d3400
1f4 13 7d3400
1f4 14 7d3400
1f4 15 7d3400
1f4 16 7d3400
1f4 17 7d3400
1f4 18 7f1420
1f4 19 7f1420
1f4 1a 7f1420
1f4 1b 7f1420
1f4 1c 7f1420
1f4 1d 7f1420
1f4 1e 7f1420
1f4 1f 7f1420
1f4 20 7d3400
1f4 21 7d3400
1f4 22 7d3400
1f4 23 7d3400
1f4 24 7d3400
1f4 25 7d3400
1f4 26 7d3400
1f4 27 7d3400
1f4 28 7f1420
1f4 29 7f1420
1f4 2a 7f1420
1f4 2b 7f1420
1f4 2c 7f1420
1f4 2d 7f1420
1f4 2e 7f1420
1f4 2f 7f1420
1f4 30 7d3400
1f4 31 7d3400
1f4 32 7d3400
1f4 33 7d3400
1f4 34 7d3400
1f4 35 7d3400
1f4 36 7d3400
1f4 37 7d3400
1f4 38 7f1420
1f4 39 7f1420
1f4 3a 7f1420
1f4 3b 7f1420
1f4 3c 7f1420
1f4 3d 7f1420
1f4 3e 7f1420
1f4 3f 7f1420
1f4 40 7d3400
1f4 41 7d3400
1f4 42 7d3400
1f4 43 7d3400
1f4 44 7d3400
1f4 45 7d3400
1f4 46 7d3400
1f4 47 7d3400
1f4 48 7f1420
1f4 49 7f1420
1f4 4a 7f1420
1f4 4b 7f1420
1f4 4c 7f1420
1f4 4d 7f1420
1f4 4e 7f1420
1f4 4f 7f1420
1f4 50 7d3400
1f4 51 7d3400
1f4 52 7d3400
1f4 53 7d3400
1f4 54 7d3400
1f4 55 7d3400
1f4 56 7d3400
1f4 57 7d3400
1f4 58 7f1420
1f4 59 7f1420
1f4 5a 7f1420
1f4 5b 7f1420
1f4 5c 7f1420
1f4 5d 7f1420
1f4 5e 7f1420
1f4 5f 7f1420
1f4 60 7d3400
1f4 61 7d3400
1f4 62 7d3400
1f4 63 7d3400
1f4 64 7d3400
1f4 65 7d3400
1f4 66 7d3400
1f4 67 7d3400
1f4 68 7f1420
1f4 69 7f1420
1f4 6a 7f1420
1f4 6b 7f1420
1f4 6c 7f1420
1f4 6d 7f1420
1f4 6e 7f1420
1f4 6f 7f1420
1f4 70 7d3400
1f4 71 7d3400
1f4 72 7d3400
1f4 73 7d3400
1f4 74 7d3400
1f4 75 7d3400
1f4 76 7d3400
1f4 77 7d3400
1f4 78 7f1420
1f4 79 7f1420
1f4 7a 7f1420
1f4 7b 7f1420
1f4 7c 7f1420
1f4 7d 7f1420
1f4 7e 7f1420
1f4 7f 7f1420
1f4 80 7f1600
1f4 81 7f1600
1f4 82 7f1600
1f4 83 7f1600
1f4 84 7f1600
1f4 85 7f1600
1f4 86 7f1600
1f4 87 7f1600
1f4 88 7f1620
1f4 89 7f1620
1f4 8a 7f1620
1f4 8b 7f1620
1f4 8c 7f1620
1f4 8d 7f1620
1f4 8e 7f1620
1f4 8f 7f1620
1f4 90 7f1600
1f4 91 7f1600
1f4 92 7f1600
1f4 93 7f1600
1f4 94 7f1600
1f4 95 7f1600
1f4 96 7f1600
1f4 97 7f1600
1f4 98 7f1620
1f4 99 7f1620
1f4 9a 7f1620
1f4 9b 7f1620
1f4 9c 7f1620
1f4 9d 7f1620
1f4 9e 7f1620
1f4 9f 7f1620
1f4 a0 7f1600
1f4 a1 7f1600
1f4 a2 7f1600
1f4 a3 7f1600
1f4 a4 7f1600
1f4 a5 7f1600
1f4 a6 7f1600
1f4 a7 7f1600
1f4 a8 7f1620
1f4 a9 7f1620
1f4 aa 7f1620
1f4 ab 7f1620
1f4 ac 7f1620
1f4 ad 7f1620
1f4 ae 7f1620
1f4 af 7f1620
1f4 b0 7f1600
1f4 b1 7f1600
1f4 b2 7f1600
1f4 b3 7f1600
1f4 b4 7f1600
1f4 b5 7f1600
1f4 b6 7f1600
1f4 b7 7f1600
1f4 b8 7f1620
1f4 b9 7f1620
1f4 ba 7f1620
1f4 bb 7f1620
1f4 bc 7f1620
1f4 bd 7f1620
1f4 be 7f1620
1f4 bf 7f1620
1f4 c0 7f1600
1f4 c1 7f1600
1f4 c2 7f1600
1f4 c3 7f1600
1f4 c4 7f1600
1f4 c5 7f1600
1f4 c6 7f1600
1f4 c7 7f1600
1f4 c8 7f1620
1f4 c9 7f1620
1f4 ca 7f1620
1f4 cb 7f1620
1f4 cc 7f1620
1f4 cd 7f1620
1f4 ce 7f1620
1f4 cf 7f1620
1f4 d0 7f1600
1f4 d1 7f1600
1f4 d2 7f1600
1f4 d3 7f1600
1f4 d4 7f1600
1f4 d5 7f1600
1f4 d6 7f1600
1f4 d7 7f1600
1f4 d8 7f1620
1f4 d9 7f1620
1f4 da 7f1620
1f4 db 7f1620
1f4 dc 7f1620
1f4 dd 7f1620
1f4 de 7f1620
1f4 df 7f1620
1f4 e0 7f1600
1f4 e1 7f1600
1f4 e2 7f1600
1f4 e3 7f1600
1f4 e4 7f1600
1f4 e5 7f1600
1f4 e6 7f1600
1f4 e7 7f1600
1f4 e8 7f1620
1f4 e9 7f1620
1f4 ea 7f1620
1f4 eb 7f1620
1f4 ec 7f1620
1f4 ed 7f1620
1f4 ee 7f1620
1f4 ef 7f1620
1f4 f0 7f1600
1f4 f1 7f1600
1f4 f2 7f1600
1f4 f3 7f1600
1f4 f4 7f1600
1f4 f5 7f1600
1f4 f6 7f1600
1f4 f7 7f1600
1f4 f8 7f1620
1f4 f9 7f1620
1f4 fa 7f1620
1f4 fb 7f1620
1f4 fc 7f1620
1f4 fd 7f1620
1f4 fe 7f1620
1f4 ff 7f1620
1f7 00 7df400
1f7 01 7df400
1f7 02 7df400
1f7 03 7df400
1f7 04 7df400
1f7 05 7df400
1f7 06 7df400
1f7 07 7df400
1f7 08 7cd420
1f7 09 7cd420
1f7 0a 7cd420
1f7 0b 7cd420
1f7 0c 7cd420
1f7 0d 7cd420
1f7 0e 7cd420
1f7 0f 7cd420
1f7 10 7df400
1f7 11 7df400
1f7 12 7df400
1f7 13 7df400
1f7 14 7df400
1f7 15 7df400
1f7 16 7df400
1f7 17 7df400
1f7 18 7cd420
1f7 19 7cd420
1f7 1a 7cd420
1f7 1b 7cd420
1f7 1c 7cd420
1f7 1d 7cd420
1f7 1e 7cd420
1f7 1f 7cd420
1f7 20 7df400
1f7 21 7df400
1f7 22 7df400
1f7 23 7df400
1f7 24 7df400
1f7 25 7df400
1f7 26 7df400
1f7 27 7df400
1f7 28 7cd420
1f7 29 7cd420
1f7 2a 7cd420
1f7 2b 7cd420
1f7 2c 7cd420
1f7 2d 7cd420
1f7 2e 7cd420
1f7 2f 7cd420
1f7 30 7df400
1f7 31 7df400
1f7 32 7df400
1f7 33 7df400
1f7 34 7df400
1f7 35 7df400
1f7 36 7df400
1f7 37 7df400
1f7 38 7cd420
1f7 39 7cd420
1f7 3a 7cd420
1f7 3b 7cd420
1f7 3c 7cd420
1f7 3d 7cd420
1f7 3e 7cd420
1f7 3f 7cd420
1f7 40 7df400
1f7 41 7df400
1f7 42 7df400
1f7 43 7df400
1f7 44 7df400
1f7 45 7df400
1f7 46 7df400
1f7 47 7df400
1f7 48 7cd420
1f7 49 7cd420
1f7 4a 7cd420
1f7 4b 7cd420
1f7 4c 7cd420
1f7 4d 7cd420
1f7 4e 7cd420
1f7 4f 7cd420
1f7 50 7df400
1f7 51 7df400
1f7 52 7df400
1f7 53 7df400
1f7 54 7df400
1f7 55 7df400
1f7 56 7df400
1f7 57 7df400
1f7 58 7cd420
1f7 59 7cd420
1f7 5a 7cd420
1f7 5b 7cd420
1f7 5c 7cd420
1f7 5d 7cd420
1f7 5e 7cd420
1f7 5f 7cd420
1f7 60 7df400
1f7 61 7df400
1f7 62 7df400
1f7 63 7df400
1f7 64 7df400
1f7 65 7df400
1f7 66 7df400
1f7 67 7df400
1f7 68 7cd420
1f7 69 7cd420
1f7 6a 7cd420
1f7 6b 7cd420
1f7 6c 7cd420
1f7 6d 7cd420
1f7 6e 7cd420
1f7 6f 7cd420
1f7 70 7df400
1f7 71 7df400
1f7 72 7df400
1f7 73 7df400
1f7 74 7df400
1f7 75 7df400
1f7 76 7df400
1f7 77 7df400
1f7 78 7cd420
1f7 79 7cd420
1f7 7a 7cd420
1f7 7b 7cd420
1f7 7c 7cd420
1f7 7d 7cd420
1f7 7e 7cd420
1f7 7f 7cd420
1f7 80 7cd600
1f7 81 7cd600
1f7 82 7cd600
1f7 83 7cd600
1f7 84 7cd600
1f7 85 7cd600
1f7 86 7cd600
1f7 87 7cd600
1f7 88 7cd620
1f7 89 7cd620
1f7 8a 7cd620
1f7 8b 7cd620
1f7 8c 7cd620
1f7 8d 7cd620
1f7 8e 7cd620
1f7 8f 7cd620
1f7 90 7cd600
1f7 91 7cd600
1f7 92 7cd600
1f7 93 7cd600
1f7 94 7cd600
1f7 95 7cd600
1f7 96 7cd600
1f7 97 7cd600
1f7 98 7cd620
1f7 99 7cd620
1f7 9a 7cd620
1f7 9b 7cd620
1f7 9c 7cd620
1f7 9d 7cd620
1f7 9e 7cd620
1f7 9f 7cd620
1f7 a0 7cd600
1f7 a1 7cd600
1f7 a2 7cd600
1f7 a3 7cd600
1f7 a4 7cd600
1f7 a5 7cd600
1f7 a6 7cd600
1f7 a7 7cd600
1f7 a8 7cd620
1f7 a9 7cd620
1f7 aa 7cd620
1f7 ab 7cd620
1f7 ac 7cd620
1f7 ad 7cd620
1f7 ae 7cd620
1f7 af 7cd620
1f7 b0 7cd600
1f7 b1 7cd600
1f7 b2 7cd600
1f7 b3 7cd600
1f7 b4 7cd600
1f7 b5 7cd600
1f7 b6 7cd600
1f7 b7 7cd600
1f7 b8 7cd620
1f7 b9 7cd620
1f7 ba 7cd620
1f7 bb 7cd620
1f7 bc 7cd620
1f7 bd 7cd620
1f7 be 7cd620
1f7 bf 7cd620
1f7 c0 7cd600
1f7 c1 7cd600
1f7 c2 7cd600
1f7 c3 7cd600
1f7 c4 7cd600
1f7 c5 7cd600
1f7 c6 7cd600
1f7 c7 7cd600
1f7 c8 7cd620
1f7 c9 7cd620
1f7 ca 7cd620
1f7 cb 7cd620
1f7 cc 7cd620
1f7 cd 7cd620
1f7 ce 7cd620
1f7 cf 7cd620
1f7 d0 7cd600
1f7 d1 7cd600
1f7 d2 7cd600
1f7 d3 7cd600
1f7 d4 7cd600
1f7 d5 7cd600
1f7 d6 7cd600
1f7 d7 7cd600
1f7 d8 7cd620
1f7 d9 7cd620
1f7 da 7cd620
1f7 db 7cd620
1f7 dc 7cd620
1f7 dd 7cd620
1f7 de 7cd620
1f7 df 7cd620
1f7 e0 7cd600
1f7 e1 7cd600
1f7 e2 7cd600
1f7 e3 7cd600
1f7 e4 7cd600
1f7 e5 7cd600
1f7 e6 7cd600
1f7 e7 7cd600
1f7 e8 7cd620
1f7 e9 7cd620
1f7 ea 7cd620
1f7 eb 7cd620
1f7 ec 7cd620
1f7 ed 7cd620
1f7 ee 7cd620
1f7 ef 7cd620
1f7 f0 7cd600
1f7 f1 7cd600
1f7 f2 7cd600
1f7 f3 7cd600
1f7 f4 7cd600
1f7 f5 7cd600
1f7 f6 7cd600
1f7 f7 7cd600
1f7 f8 7cd620
1f7 f9 7cd620
1f7 fa 7cd620
1f7 fb 7cd620
1f7 fc 7cd620
1f7 fd 7cd620
1f7 fe 7cd620
1f7 ff 7cd620
1f5 00 7d7800
1f5 01 7d7800
1f5 02 7d7800
1f5 03 7d7800
1f5 04 7d7800
1f5 05 7d7800
1f5 06 7d7800
1f5 07 7d7800
1f5 08 7d4820
1f5 09 7d4820
1f5 0a 7d4820
1f5 0b 7d4820
1f5 0c 7d4820
1f5 0d 7d4820
1f5 0e 7d4820
1f5 0f 7d4820
1f5 10 7d7800
1f5 11 7d7800
1f5 12 7d7800
1f5 13 7d7800
1f5 14 7d7800
1f5 15 7d7800
1f5 16 7d7800
1f5 17 7d7800
1f5 18 7d4820
1f5 19 7d4820
1f5 1a 7d4820
1f5 1b 7d4820
1f5 1c 7d4820
1f5 1d 7d4820
1f5 1e 7d4820
1f5 1f 7d4820
1f5 20 7d7800
1f5 21 7d7800
1f5 22 7d7800
1f5 23 7d7800
1f5 24 7d7800
1f5 25 7d7800
1f5 26 7d7800
1f5 27 7d7800
1f5 28 7d4820
1f5 29 7d4820
1f5 2a 7d4820
1f5 2b 7d4820
1f5 2c 7d4820
1f5 2d 7d4820
1f5 2e 7d4820
1f5 2f 7d4820
1f5 30 7d7800
1f5 31 7d7800
1f5 32 7d7800
1f5 33 7d7800
1f5 34 7d7800
1f5 35 7d7800
1f5 36 7d7800
1f5 37 7d7800
1f5 38 7d4820
1f5 39 7d4820
1f5 3a 7d4820
1f5 3b 7d4820
1f5 3c 7d4820
1f5 3d 7d4820
1f5 3e 7d4820
1f5 3f 7d4820
1f5 40 7d7800
1f5 41 7d7800
1f5 42 7d7800
1f5 43 7d7800
1f5 44 7d7800
1f5 45 7d7800
1f5 46 7d7800
1f5 47 7d7800
1f5 48 7d4820
1f5 49 7d4820
1f5 4a 7d4820
1f5 4b 7d4820
1f5 4c 7d4820
1f5 4d 7d4820
1f5 4e 7d4820
1f5 4f 7d4820
1f5 50 7d7800
1f5 51 7d7800
1f5 52 7d7800
1f5 53 7d7800
1f5 54 7d7800
1f5 55 7d7800
1f5 56 7d7800
1f5 57 7d7800
1f5 58 7d4820
1f5 59 7d4820
1f5 5a 7d4820
1f5 5b 7d4820
1f5 5c 7d4820
1f5 5d 7d4820
1f5 5e 7d4820
1f5 5f 7d4820
1f5 60 7d7800
1f5 61 7d7800
1f5 62 7d7800
1f5 63 7d7800
1f5 64 7d7800
1f5 65 7d7800
1f5 66 7d7800
1f5 67 7d7800
1f5 68 7d4820
1f5 69 7d4820
1f5 6a 7d4820
1f5 6b 7d4820
1f5 6c 7d4820
1f5 6d 7d4820
1f5 6e 7d4820
1f5 6f 7d4820
1f5 70 7d7800
1f5 71 7d7800
1f5 72 7d7800
1f5 73 7d7800
1f5 74 7d7800
1f5 75 7d7800
1f5 76 7d7800
1f5 77 7d7800
1f5 78 7d4820
1f5 79 7d4820
1f5 7a 7d4820
1f5 7b 7d4820
1f5 7c 7d4820
1f5 7d 7d4820
1f5 7e 7d4820
1f5 7f 7d4820
1f5 80 7d4a00
1f5 81 7d4a00
1f5 82 7d4a00
1f5 83 7d4a00
1f5 84 7d4a00
1f5 85 7d4a00
1f5 86 7d4a00
1f5 87 7d4a00
1f5 88 7d4a20
1f5 89 7d4a20
1f5 8a 7d4a20
1f5 8b 7d4a20
1f5 8c 7d4a20
1f5 8d 7d4a20
1f5 8e 7d4a20
1f5 8f 7d4a20
1f5 90 7d4a00
1f5 91 7d4a00
1f5 92 7d4a00
1f5 93 7d4a00
1f5 94 7d4a00
1f5 95 7d4a00
1f5 96 7d4a00
1f5 97 7d4a00
1f5 98 7d4a20
1f5 99 7d4a20
1f5 9a 7d4a20
1f5 9b 7d4a20
1f5 9c 7d4a20
1f5 9d 7d4a20
1f5 9e 7d4a20
1f5 9f 7d4a20
1f5 a0 7d4a00
1f5 a1 7d4a00
1f5 a2 7d4a00
1f5 a3 7d4a00
1f5 a4 7d4a00
1f5 a5 7d4a00
1f5 a6 7d4a00
1f5 a7 7d4a00
1f5 a8 7d4a20
1f5 a9 7d4a20
1f5 aa 7d4a20
1f5 ab 7d4a20
1f5 ac 7d4a20
1f5 ad 7d4a20
1f5 ae 7d4a20
1f5 af 7d4a20
1f5 b0 7d4a00
1f5 b1 7d4a00
1f5 b2 7d4a00
1f5 b3 7d4a00
1f5 b4 7d4a00
1f5 b5 7d4a00
1f5 b6 7d4a00
1f5 b7 7d4a00
1f5 b8 7d4a20
1f5 b9 7d4a20
1f5 ba 7d4a20
1f5 bb 7d4a20
1f5 bc 7d4a20
1f5 bd 7d4a20
1f5 be 7d4a20
1f5 bf 7d4a20
1f5 c0 7d4a00
1f5 c1 7d4a00
1f5 c2 7d4a00
1f5 c3 7d4a00
1f5 c4 7d4a00
1f5 c5 7d4a00
1f5 c6 7d4a00
1f5 c7 7d4a00
1f5 c8 7d4a20
1f5 c9 7d4a20
1f5 ca 7d4a20
1f5 cb 7d4a20
1f5 cc 7d4a20
1f5 cd 7d4a20
1f5 ce 7d4a20
1f5 cf 7d4a20
1f5 d0 7d4a00
1f5 d1 7d4a00
1f5 d2 7d4a00
1f5 d3 7d4a00
1f5 d4 7d4a00
1f5 d5 7d4a00
1f5 d6 7d4a00
1f5 d7 7d4a00
1f5 d8 7d4a20
1f5 d9 7d4a20
1f5 da 7d4a20
1f5 db 7d4a20
1f5 dc 7d4a20
1f5 dd 7d4a20
1f5 de 7d4a20
1f5 df 7d4a20
1f5 e0 7d4a00
1f5 e1 7d4a00
1f5 e2 7d4a00
1f5 e3 7d4a00
1f5 e4 7d4a00
1f5 e5 7d4a00
1f5 e6 7d4a00
1f5 e7 7d4a00
1f5 e8 7d4a20
1f5 e9 7d4a20
1f5 ea 7d4a20
1f5 eb 7d4a20
1f5 ec 7d4a20
1f5 ed 7d4a20
1f5 ee 7d4a20
1f5 ef 7d4a20
1f5 f0 7d4a00
1f5 f1 7d4a00
1f5 f2 7d4a00
1f5 f3 7d4a00
1f5 f4 7d4a00
1f5 f5 7d4a00
1f5 f6 7d4a00
1f5 f7 7d4a00
1f5 f8 7d4a20
1f5 f9 7d4a20
1f5 fa 7d4a20
1f5 fb 7d4a20
1f5 fc 7d4a20
1f5 fd 7d4a20
1f5 fe 7d4a20
1f5 ff 7d4a20
1d0 00 743400
1d0 01 743400
1d0 02 743400
1d0 03 743400
1d0 04 301410
1d0 05 301410
1d0 06 301410
1d0 07 301410
1d0 08 743400
1d0 09 743400
1d0 0a 743400
1d0 0b 743400
1d0 0c 301410
1d0 0d 301410
1d0 0e 301410
1d0 0f 301410
1d0 10 743400
1d0 11 743400
1d0 12 743400
1d0 13 743400
1d0 14 301410
1d0 15 301410
1d0 16 301410
1d0 17 301410
1d0 18 743400
1d0 19 743400
1d0 1a 743400
1d0 1b 743400
1d0 1c 301410
1d0 1d 301410
1d0 1e 301410
1d0 1f 301410
1d0 20 743400
1d0 21 743400
1d0 22 743400
1d0 23 743400
1d0 24 301410
1d0 25 301410
1d0 26 301410
1d0 27 301410
1d0 28 743400
1d0 29 743400
1d0 2a 743400
1d0 2b 743400
1d0 2c 301410
1d0 2d 301410
1d0 2e 301410
1d0 2f 301410
1d0 30 743400
1d0 31 743400
1d0 32 743400
1d0 33 743400
1d0 34 301410
1d0 35 301410
1d0 36 301410
1d0 37 301410
1d0 38 743400
1d0 39 743400
1d0 3a 743400
1d0 3b 743400
1d0 3c 301410
1d0 3d 301410
1d0 3e 301410
1d0 3f 301410
1d0 40 743400
1d0 41 743400
1d0 42 743400
1d0 43 743400
1d0 44 301410
1d0 45 301410
1d0 46 301410
1d0 47 301410
1d0 48 743400
1d0 49 743400
1d0 4a 743400
1d0 4b 743400
1d0 4c 301410
1d0 4d 301410
1d0 4e 301410
1d0 4f 301410
1d0 50 743400
1d0 51 743400
1d0 52 743400
1d0 53 743400
1d0 54 301410
1d0 55 301410
1d0 56 301410
1d0 57 301410
1d0 58 743400
1d0 59 743400
1d0 5a 743400
1d0 5b 743400
1d0 5c 301410
1d0 5d 301410
1d0 5e 301410
1d0 5f 301410
1d0 60 743400
1d0 61 743400
1d0 62 743400
1d0 63 743400
1d0 64 301410
1d0 65 301410
1d0 66 301410
1d0 67 301410
1d0 68 743400
1d0 69 743400
1d0 6a 743400
1d0 6b 743400
1d0 6c 301410
1d0 6d 301410
1d0 6e 301410
1d0 6f 301410
1d0 70 743400
1d0 71 743400
1d0 72 743400
1d0 73 743400
1d0 74 301410
1d0 75 301410
1d0 76 301410
1d0 77 301410
1d0 78 743400
1d0 79 743400
1d0 7a 743400
1d0 7b 743400
1d0 7c 301410
1d0 7d 301410
1d0 7e 301410
1d0 7f 301410
1d0 80 743400
1d0 81 743400
1d0 82 743400
1d0 83 743400
1d0 84 301410
1d0 85 301410
1d0 86 301410
1d0 87 301410
1d0 88 743400
1d0 89 743400
1d0 8a 743400
1d0 8b 743400
1d0 8c 301410
1d0 8d 301410
1d0 8e 301410
1d0 8f 301410
1d0 90 743400
1d0 91 743400
1d0 92 743400
1d0 93 743400
1d0 94 301410
1d0 95 301410
1d0 96 301410
1d0 97 301410
1d0 98 743400
1d0 99 743400
1d0 9a 743400
1d0 9b 743400
1d0 9c 301410
1d0 9d 301410
1d0 9e 301410
1d0 9f 301410
1d0 a0 743400
1d0 a1 743400
1d0 a2 743400
1d0 a3 743400
1d0 a4 301410
1d0 a5 301410
1d0 a6 301410
1d0 a7 301410
1d0 a8 743400
1d0 a9 743400
1d0 aa 743400
1d0 ab 743400
1d0 ac 301410
1d0 ad 301410
1d0 ae 301410
1d0 af 301410
1d0 b0 743400
1d0 b1 743400
1d0 b2 743400
1d0 b3 743400
1d0 b4 301410
1d0 b5 301410
1d0 b6 301410
1d0 b7 301410
1d0 b8 743400
1d0 b9 743400
1d0 ba 743400
1d0 bb 743400
1d0 bc 301410
1d0 bd 301410
1d0 be 301410
1d0 bf 301410
1d0 c0 743400
1d0 c1 743400
1d0 c2 743400
1d0 c3 743400
1d0 c4 301410
1d0 c5 301410
1d0 c6 301410
1d0 c7 301410
1d0 c8 743400
1d0 c9 743400
1d0 ca 743400
1d0 cb 743400
1d0 cc 301410
1d0 cd 301410
1d0 ce 301410
1d0 cf 301410
1d0 d0 743400
1d0 d1 743400
1d0 d2 743400
1d0 d3 743400
1d0 d4 301410
1d0 d5 301410
1d0 d6 301410
1d0 d7 301410
1d0 d8 743400
1d0 d9 743400
1d0 da 743400
1d0 db 743400
1d0 dc 301410
1d0 dd 301410
1d0 de 301410
1d0 df 301410
1d0 e0 743400
1d0 e1 743400
1d0 e2 743400
1d0 e3 743400
1d0 e4 301410
1d0 e5 301410
1d0 e6 301410
1d0 e7 301410
1d0 e8 743400
1d0 e9 743400
1d0 ea 743400
1d0 eb 743400
1d0 ec 301410
1d0 ed 301410
1d0 ee 301410
1d0 ef 301410
1d0 f0 743400
1d0 f1 743400
1d0 f2 743400
1d0 f3 743400
1d0 f4 301410
1d0 f5 301410
1d0 f6 301410
1d0 f7 301410
1d0 f8 743400
1d0 f9 743400
1d0 fa 743400
1d0 fb 743400
1d0 fc 301410
1d0 fd 301410
1d0 fe 301410
1d0 ff 301410
1d3 00 74f400
1d3 01 74f400
1d3 02 74f400
1d3 03 74f400
1d3 04 74f400
1d3 05 74f400
1d3 06 74f400
1d3 07 74f400
1d3 08 3cd420
1d3 09 3cd420
1d3 0a 3cd420
1d3 0b 3cd420
1d3 0c 3cd420
1d3 0d 3cd420
1d3 0e 3cd420
1d3 0f 3cd420
1d3 10 74f400
1d3 11 74f400
1d3 12 74f400
1d3 13 74f400
1d3 14 74f400
1d3 15 74f400
1d3 16 74f400
1d3 17 74f400
1d3 18 3cd420
1d3 19 3cd420
1d3 1a 3cd420
1d3 1b 3cd420
1d3 1c 3cd420
1d3 1d 3cd420
1d3 1e 3cd420
1d3 1f 3cd420
1d3 20 74f400
1d3 21 74f400
1d3 22 74f400
1d3 23 74f400
1d3 24 74f400
1d3 25 74f400
1d3 26 74f400
1d3 27 74f400
1d3 28 3cd420
1d3 29 3cd420
1d3 2a 3cd420
1d3 2b 3cd420
1d3 2c 3cd420
1d3 2d 3cd420
1d3 2e 3cd420
1d3 2f 3cd420
1d3 30 74f400
1d3 31 74f400
1d3 32 74f400
1d3 33 74f400
1d3 34 74f400
1d3 35 74f400
1d3 36 74f400
1d3 37 74f400
1d3 38 3cd420
1d3 39 3cd420
1d3 3a 3cd420
1d3 3b 3cd420
1d3 3c 3cd420
1d3 3d 3cd420
1d3 3e 3cd420
1d3 3f 3cd420
1d3 40 f0d500
1d3 41 f0d500
1d3 42 f0d500
1d3 43 f0d500
1d3 44 f0d500
1d3 45 f0d500
1d3 46 f0d500
1d3 47 f0d500
1d3 48 74c520
1d3 49 74c520
1d3 4a 74c520
1d3 4b 74c520
1d3 4c 74c520
1d3 4d 74c520
1d3 4e 74c520
1d3 4f 74c520
1d3 50 f0d500
1d3 51 f0d500
1d3 52 f0d500
1d3 53 f0d500
1d3 54 f0d500
1d3 55 f0d500
1d3 56 f0d500
1d3 57 f0d500
1d3 58 74c520
1d3 59 74c520
1d3 5a 74c520
1d3 5b 74c520
1d3 5c 74c520
1d3 5d 74c520
1d3 5e 74c520
1d3 5f 74c520
1d3 60 f0d500
1d3 61 f0d500
1d3 62 f0d500
1d3 63 f0d500
1d3 64 f0d500
1d3 65 f0d500
1d3 66 f0d500
1d3 67 f0d500
1d3 68 74c520
1d3 69 74c520
1d3 6a 74c520
1d3 6b 74c520
1d3 6c 74c520
1d3 6d 74c520
1d3 6e 74c520
1d3 6f 74c520
1d3 70 f0d500
1d3 71 f0d500
1d3 72 f0d500
1d3 73 f0d500
1d3 74 f0d500
1d3 75 f0d500
1d3 76 f0d500
1d3 77 f0d500
1d3 78 74c520
1d3 79 74c520
1d3 7a 74c520
1d3 7b 74c520
1d3 7c 74c520
1d3 7d 74c520
1d3 7e 74c520
1d3 7f 74c520
1d3 80 fcd600
1d3 81 fcd600
1d3 82 fcd600
1d3 83 fcd600
1d3 84 fcd600
1d3 85 fcd600
1d3 86 fcd600
1d3 87 fcd600
1d3 88 7cd620
1d3 89 7cd620
1d3 8a 7cd620
1d3 8b 7cd620
1d3 8c 7cd620
1d3 8d 7cd620
1d3 8e 7cd620
1d3 8f 7cd620
1d3 90 fcd600
1d3 91 fcd600
1d3 92 fcd600
1d3 93 fcd600
1d3 94 fcd600
1d3 95 fcd600
1d3 96 fcd600
1d3 97 fcd600
1d3 98 7cd620
1d3 99 7cd620
1d3 9a 7cd620
1d3 9b 7cd620
1d3 9c 7cd620
1d3 9d 7cd620
1d3 9e 7cd620
1d3 9f 7cd620
1d3 a0 fcd600
1d3 a1 fcd600
1d3 a2 fcd600
1d3 a3 fcd600
1d3 a4 fcd600
1d3 a5 fcd600
1d3 a6 fcd600
1d3 a7 fcd600
1d3 a8 7cd620
1d3 a9 7cd620
1d3 aa 7cd620
1d3 ab 7cd620
1d3 ac 7cd620
1d3 ad 7cd620
1d3 ae 7cd620
1d3 af 7cd620
1d3 b0 fcd600
1d3 b1 fcd600
1d3 b2 fcd600
1d3 b3 fcd600
1d3 b4 fcd600
1d3 b5 fcd600
1d3 b6 fcd600
1d3 b7 fcd600
1d3 b8 7cd620
1d3 b9 7cd620
1d3 ba 7cd620
1d3 bb 7cd620
1d3 bc 7cd620
1d3 bd 7cd620
1d3 be 7cd620
1d3 bf 7cd620
1d3 c0 f4d700
1d3 c1 f4d700
1d3 c2 f4d700
1d3 c3 f4d700
1d3 c4 f4d700
1d3 c5 f4d700
1d3 c6 f4d700
1d3 c7 f4d700
1d3 c8 74c720
1d3 c9 74c720
1d3 ca 74c720
1d3 cb 74c720
1d3 cc 74c720
1d3 cd 74c720
1d3 ce 74c720
1d3 cf 74c720
1d3 d0 f4d700
1d3 d1 f4d700
1d3 d2 f4d700
1d3 d3 f4d700
1d3 d4 f4d700
1d3 d5 f4d700
1d3 d6 f4d700
1d3 d7 f4d700
1d3 d8 74c720
1d3 d9 74c720
1d3 da 74c720
1d3 db 74c720
1d3 dc 74c720
1d3 dd 74c720
1d3 de 74c720
1d3 df 74c720
1d3 e0 f4d700
1d3 e1 f4d700
1d3 e2 f4d700
1d3 e3 f4d700
1d3 e4 f4d700
1d3 e5 f4d700
1d3 e6 f4d700
1d3 e7 f4d700
1d3 e8 74c720
1d3 e9 74c720
1d3 ea 74c720
1d3 eb 74c720
1d3 ec 74c720
1d3 ed 74c720
1d3 ee 74c720
1d3 ef 74c720
1d3 f0 f4d700
1d3 f1 f4d700
1d3 f2 f4d700
1d3 f3 f4d700
1d3 f4 f4d700
1d3 f5 f4d700
1d3 f6 f4d700
1d3 f7 f4d700
1d3 f8 74c720
1d3 f9 74c720
1d3 fa 74c720
1d3 fb 74c720
1d3 fc 74c720
1d3 fd 74c720
1d3 fe 74c720
1d3 ff 74c720
1d1 00 747800
1d1 01 747800
1d1 02 747800
1d1 03 747800
1d1 04 744810
1d1 05 744810
1d1 06 744810
1d1 07 744810
1d1 08 744820
1d1 09 744820
1d1 0a 744820
1d1 0b 744820
1d1 0c 744830
1d1 0d 744830
1d1 0e 744830
1d1 0f 744830
1d1 10 747800
1d1 11 747800
1d1 12 747800
1d1 13 747800
1d1 14 744810
1d1 15 744810
1d1 16 744810
1d1 17 744810
1d1 18 744820
1d1 19 744820
1d1 1a 744820
1d1 1b 744820
1d1 1c 744830
1d1 1d 744830
1d1 1e 744830
1d1 1f 744830
1d1 20 747800
1d1 21 747800
1d1 22 747800
1d1 23 747800
1d1 24 744810
1d1 25 744810
1d1 26 744810
1d1 27 744810
1d1 28 744820
1d1 29 744820
1d1 2a 744820
1d1 2b 744820
1d1 2c 744830
1d1 2d 744830
1d1 2e 744830
1d1 2f 744830
1d1 30 747800
1d1 31 747800
1d1 32 747800
1d1 33 747800
1d1 34 744810
1d1 35 744810
1d1 36 744810
1d1 37 744810
1d1 38 744820
1d1 39 744820
1d1 3a 744820
1d1 3b 744820
1d1 3c 744830
1d1 3d 744830
1d1 3e 744830
1d1 3f 744830
1d1 40 744900
1d1 41 744900
1d1 42 744900
1d1 43 744900
1d1 44 744910
1d1 45 744910
1d1 46 744910
1d1 47 744910
1d1 48 744920
1d1 49 744920
1d1 4a 744920
1d1 4b 744920
1d1 4c 744930
1d1 4d 744930
1d1 4e 744930
1d1 4f 744930
1d1 50 744900
1d1 51 744900
1d1 52 744900
1d1 53 744900
1d1 54 744910
1d1 55 744910
1d1 56 744910
1d1 57 744910
1d1 58 744920
1d1 59 744920
1d1 5a 744920
1d1 5b 744920
1d1 5c 744930
1d1 5d 744930
1d1 5e 744930
1d1 5f 744930
1d1 60 744900
1d1 61 744900
1d1 62 744900
1d1 63 744900
1d1 64 744910
1d1 65 744910
1d1 66 744910
1d1 67 744910
1d1 68 744920
1d1 69 744920
1d1 6a 744920
1d1 6b 744920
1d1 6c 744930
1d1 6d 744930
1d1 6e 744930
1d1 6f 744930
1d1 70 744900
1d1 71 744900
1d1 72 744900
1d1 73 744900
1d1 74 744910
1d1 75 744910
1d1 76 744910
1d1 77 744910
1d1 78 744920
1d1 79 744920
1d1 7a 744920
1d1 7b 744920
1d1 7c 744930
1d1 7d 744930
1d1 7e 744930
1d1 7f 744930
1d1 80 744a00
1d1 81 744a00
1d1 82 744a00
1d1 83 744a00
1d1 84 744a10
1d1 85 744a10
1d1 86 744a10
1d1 87 744a10
1d1 88 744a20
1d1 89 744a20
1d1 8a 744a20
1d1 8b 744a20
1d1 8c 744a30
1d1 8d 744a30
1d1 8e 744a30
1d1 8f 744a30
1d1 90 744a00
1d1 91 744a00
1d1 92 744a00
1d1 93 744a00
1d1 94 744a10
1d1 95 744a10
1d1 96 744a10
1d1 97 744a10
1d1 98 744a20
1d1 99 744a20
1d1 9a 744a20
1d1 9b 744a20
1d1 9c 744a30
1d1 9d 744a30
1d1 9e 744a30
1d1 9f 744a30
1d1 a0 744a00
1d1 a1 744a00
1d1 a2 744a00
1d1 a3 744a00
1d1 a4 744a10
1d1 a5 744a10
1d1 a6 744a10
1d1 a7 744a10
1d1 a8 744a20
1d1 a9 744a20
1d1 aa 744a20
1d1 ab 744a20
1d1 ac 744a30
1d1 ad 744a30
1d1 ae 744a30
1d1 af 744a30
1d1 b0 744a00
1d1 b1 744a00
1d1 b2 744a00
1d1 b3 744a00
1d1 b4 744a10
1d1 b5 744a10
1d1 b6 744a10
1d1 b7 744a10
1d1 b8 744a20
1d1 b9 744a20
1d1 ba 744a20
1d1 bb 744a20
1d1 bc 744a30
1d1 bd 744a30
1d1 be 744a30
1d1 bf 744a30
1d1 c0 744b00
1d1 c1 744b00
1d1 c2 744b00
1d1 c3 744b00
1d1 c4 744b10
1d1 c5 744b10
1d1 c6 744b10
1d1 c7 744b10
1d1 c8 744b20
1d1 c9 744b20
1d1 ca 744b20
1d1 cb 744b20
1d1 cc 744b30
1d1 cd 744b30
1d1 ce 744b30
1d1 cf 744b30
1d1 d0 744b00
1d1 d1 744b00
1d1 d2 744b00
1d1 d3 744b00
1d1 d4 744b10
1d1 d5 744b10
1d1 d6 744b10
1d1 d7 744b10
1d1 d8 744b20
1d1 d9 744b20
1d1 da 744b20
1d1 db 744b20
1d1 dc 744b30
1d1 dd 744b30
1d1 de 744b30
1d1 df 744b30
1d1 e0 744b00
1d1 e1 744b00
1d1 e2 744b00
1d1 e3 744b00
1d1 e4 744b10
1d1 e5 744b10
1d1 e6 744b10
1d1 e7 744b10
1d1 e8 744b20
1d1 e9 744b20
1d1 ea 744b20
1d1 eb 744b20
1d1 ec 744b30
1d1 ed 744b30
1d1 ee 744b30
1d1 ef 744b30
1d1 f0 744b00
1d1 f1 744b00
1d1 f2 744b00
1d1 f3 744b00
1d1 f4 744b10
1d1 f5 744b10
1d1 f6 744b10
1d1 f7 744b10
1d1 f8 744b20
1d1 f9 744b20
1d1 fa 744b20
1d1 fb 744b20
1d1 fc 744b30
1d1 fd 744b30
1d1 fe 744b30
1d1 ff 744b30
1dc 00 773400
1dc 01 773400
1dc 02 773400
1dc 03 773400
1dc 04 773400
1dc 05 773400
1dc 06 773400
1dc 07 773400
1dc 08 3f1420
1dc 09 3f1420
1dc 0a 3f1420
1dc 0b 3f1420
1dc 0c 3f1420
1dc 0d 3f1420
1dc 0e 3f1420
1dc 0f 3f1420
1dc 10 773400
1dc 11 773400
1dc 12 773400
1dc 13 773400
1dc 14 773400
1dc 15 773400
1dc 16 773400
1dc 17 773400
1dc 18 3f1420
1dc 19 3f1420
1dc 1a 3f1420
1dc 1b 3f1420
1dc 1c 3f1420
1dc 1d 3f1420
1dc 1e 3f1420
1dc 1f 3f1420
1dc 20 773400
1dc 21 773400
1dc 22 773400
1dc 23 773400
1dc 24 773400
1dc 25 773400
1dc 26 773400
1dc 27 773400
1dc 28 3f1420
1dc 29 3f1420
1dc 2a 3f1420
1dc 2b 3f1420
1dc 2c 3f1420
1dc 2d 3f1420
1dc 2e 3f1420
1dc 2f 3f1420
1dc 30 773400
1dc 31 773400
1dc 32 773400
1dc 33 773400
1dc 34 773400
1dc 35 773400
1dc 36 773400
1dc 37 773400
1dc 38 3f1420
1dc 39 3f1420
1dc 3a 3f1420
1dc 3b 3f1420
1dc 3c 3f1420
1dc 3d 3f1420
1dc 3e 3f1420
1dc 3f 3f1420
1dc 40 f31500
1dc 41 f31500
1dc 42 f31500
1dc 43 f31500
1dc 44 f31500
1dc 45 f31500
1dc 46 f31500
1dc 47 f31500
1dc 48 770520
1dc 49 770520
1dc 4a 770520
1dc 4b 770520
1dc 4c 770520
1dc 4d 770520
1dc 4e 770520
1dc 4f 770520
1dc 50 f31500
1dc 51 f31500
1dc 52 f31500
1dc 53 f31500
1dc 54 f31500
1dc 55 f31500
1dc 56 f31500
1dc 57 f31500
1dc 58 770520
1dc 59 770520
1dc 5a 770520
1dc 5b 770520
1dc 5c 770520
1dc 5d 770520
1dc 5e 770520
1dc 5f 770520
1dc 60 f31500
1dc 61 f31500
1dc 62 f31500
1dc 63 f31500
1dc 64 f31500
1dc 65 f31500
1dc 66 f31500
1dc 67 f31500
1dc 68 770520
1dc 69 770520
1dc 6a 770520
1dc 6b 770520
1dc 6c 770520
1dc 6d 770520
1dc 6e 770520
1dc 6f 770520
1dc 70 f31500
1dc 71 f31500
1dc 72 f31500
1dc 73 f31500
1dc 74 f31500
1dc 75 f31500
1dc 76 f31500
1dc 77 f31500
1dc 78 770520
1dc 79 770520
1dc 7a 770520
1dc 7b 770520
1dc 7c 770520
1dc 7d 770520
1dc 7e 770520
1dc 7f 770520
1dc 80 ff1600
1dc 81 ff1600
1dc 82 ff1600
1dc 83 ff1600
1dc 84 ff1600
1dc 85 ff1600
1dc 86 ff1600
1dc 87 ff1600
1dc 88 7f1620
1dc 89 7f1620
1dc 8a 7f1620
1dc 8b 7f1620
1dc 8c 7f1620
1dc 8d 7f1620
1dc 8e 7f1620
1dc 8f 7f1620
1dc 90 ff1600
1dc 91 ff1600
1dc 92 ff1600
1dc 93 ff1600
1dc 94 ff1600
1dc 95 ff1600
1dc 96 ff1600
1dc 97 ff1600
1dc 98 7f1620
1dc 99 7f1620
1dc 9a 7f1620
1dc 9b 7f1620
1dc 9c 7f1620
1dc 9d 7f1620
1dc 9e 7f1620
1dc 9f 7f1620
1dc a0 ff1600
1dc a1 ff1600
1dc a2 ff1600
1dc a3 ff1600
1dc a4 ff1600
1dc a5 ff1600
1dc a6 ff1600
1dc a7 ff1600
1dc a8 7f1620
1dc a9 7f1620
1dc aa 7f1620
1dc ab 7f1620
1dc ac 7f1620
1dc ad 7f1620
1dc ae 7f1620
1dc af 7f1620
1dc b0 ff1600
1dc b1 ff1600
1dc b2 ff1600
1dc b3 ff1600
1dc b4 ff1600
1dc b5 ff1600
1dc b6 ff1600
1dc b7 ff1600
1dc b8 7f1620
1dc b9 7f1620
1dc ba 7f1620
1dc bb 7f1620
1dc bc 7f1620
1dc bd 7f1620
1dc be 7f1620
1dc bf 7f1620
1dc c0 f71700
1dc c1 f71700
1dc c2 f71700
1dc c3 f71700
1dc c4 f71700
1dc c5 f71700
1dc c6 f71700
1dc c7 f71700
1dc c8 770720
1dc c9 770720
1dc ca 770720
1dc cb 770720
1dc cc 770720
1dc cd 770720
1dc ce 770720
1dc cf 770720
1dc d0 f71700
1dc d1 f71700
1dc d2 f71700
1dc d3 f71700
1dc d4 f71700
1dc d5 f71700
1dc d6 f71700
1dc d7 f71700
1dc d8 770720
1dc d9 770720
1dc da 770720
1dc db 770720
1dc dc 770720
1dc dd 770720
1dc de 770720
1dc df 770720
1dc e0 f71700
1dc e1 f71700
1dc e2 f71700
1dc e3 f71700
1dc e4 f71700
1dc e5 f71700
1dc e6 f71700
1dc e7 f71700
1dc e8 770720
1dc e9 770720
1dc ea 770720
1dc eb 770720
1dc ec 770720
1dc ed 770720
1dc ee 770720
1dc ef 770720
1dc f0 f71700
1dc f1 f71700
1dc f2 f71700
1dc f3 f71700
1dc f4 f71700
1dc f5 f71700
1dc f6 f71700
1dc f7 f71700
1dc f8 770720
1dc f9 770720
1dc fa 770720
1dc fb 770720
1dc fc 770720
1dc fd 770720
1dc fe 770720
1dc ff 770720
1df 00 77f400
1df 01 77f400
1df 02 77f400
1df 03 77f400
1df 04 33d410
1df 05 33d410
1df 06 33d410
1df 07 33d410
1df 08 77f400
1df 09 77f400
1df 0a 77f400
1df 0b 77f400
1df 0c 33d410
1df 0d 33d410
1df 0e 33d410
1df 0f 33d410
1df 10 77f400
1df 11 77f400
1df 12 77f400
1df 13 77f400
1df 14 33d410
1df 15 33d410
1df 16 33d410
1df 17 33d410
1df 18 77f400
1df 19 77f400
1df 1a 77f400
1df 1b 77f400
1df 1c 33d410
1df 1d 33d410
1df 1e 33d410
1df 1f 33d410
1df 20 77f400
1df 21 77f400
1df 22 77f400
1df 23 77f400
1df 24 33d410
1df 25 33d410
1df 26 33d410
1df 27 33d410
1df 28 77f400
1df 29 77f400
1df 2a 77f400
1df 2b 77f400
1df 2c 33d410
1df 2d 33d410
1df 2e 33d410
1df 2f 33d410
1df 30 77f400
1df 31 77f400
1df 32 77f400
1df 33 77f400
1df 34 33d410
1df 35 33d410
1df 36 33d410
1df 37 33d410
1df 38 77f400
1df 39 77f400
1df 3a 77f400
1df 3b 77f400
1df 3c 33d410
1df 3d 33d410
1df 3e 33d410
1df 3f 33d410
1df 40 77f400
1df 41 77f400
1df 42 77f400
1df 43 77f400
1df 44 33d410
1df 45 33d410
1df 46 33d410
1df 47 33d410
1df 48 77f400
1df 49 77f400
1df 4a 77f400
1df 4b 77f400
1df 4c 33d410
1df 4d 33d410
1df 4e 33d410
1df 4f 33d410
1df 50 77f400
1df 51 77f400
1df 52 77f400
1df 53 77f400
1df 54 33d410
1df 55 33d410
1df 56 33d410
1df 57 33d410
1df 58 77f400
1df 59 77f400
1df 5a 77f400
1df 5b 77f400
1df 5c 33d410
1df 5d 33d410
1df 5e 33d410
1df 5f 33d410
1df 60 77f400
1df 61 77f400
1df 62 77f400
1df 63 77f400
1df 64 33d410
1df 65 33d410
1df 66 33d410
1df 67 33d410
1df 68 77f400
1df 69 77f400
1df 6a 77f400
1df 6b 77f400
1df 6c 33d410
1df 6d 33d410
1df 6e 33d410
1df 6f 33d410
1df 70 77f400
1df 71 77f400
1df 72 77f400
1df 73 77f400
1df 74 33d410
1df 75 33d410
1df 76 33d410
1df 77 33d410
1df 78 77f400
1df 79 77f400
1df 7a 77f400
1df 7b 77f400
1df 7c 33d410
1df 7d 33d410
1df 7e 33d410
1df 7f 33d410
1df 80 77f400
1df 81 77f400
1df 82 77f400
1df 83 77f400
1df 84 33d410
1df 85 33d410
1df 86 33d410
1df 87 33d410
1df 88 77f400
1df 89 77f400
1df 8a 77f400
1df 8b 77f400
1df 8c 33d410
1df 8d 33d410
1df 8e 33d410
1df 8f 33d410
1df 90 77f400
1df 91 77f400
1df 92 77f400
1df 93 77f400
1df 94 33d410
1df 95 33d410
1df 96 33d410
1df 97 33d410
1df 98 77f400
1df 99 77f400
1df 9a 77f400
1df 9b 77f400
1df 9c 33d410
1df 9d 33d410
1df 9e 33d410
1df 9f 33d410
1df a0 77f400
1df a1 77f400
1df a2 77f400
1df a3 77f400
1df a4 33d410
1df a5 33d410
1df a6 33d410
1df a7 33d410
1df a8 77f400
1df a9 77f400
1df aa 77f400
1df ab 77f400
1df ac 33d410
1df ad 33d410
1df ae 33d410
1df af 33d410
1df b0 77f400
1df b1 77f400
1df b2 77f400
1df b3 77f400
1df b4 33d410
1df b5 33d410
1df b6 33d410
1df b7 33d410
1df b8 77f400
1df b9 77f400
1df ba 77f400
1df bb 77f400
1df bc 33d410
1df bd 33d410
1df be 33d410
1df bf 33d410
1df c0 77f400
1df c1 77f400
1df c2 77f400
1df c3 77f400
1df c4 33d410
1df c5 33d410
1df c6 33d410
1df c7 33d410
1df c8 77f400
1df c9 77f400
1df ca 77f400
1df cb 77f400
1df cc 33d410
1df cd 33d410
1df ce 33d410
1df cf 33d410
1df d0 77f400
1df d1 77f400
1df d2 77f400
1df d3 77f400
1df d4 33d410
1df d5 33d410
1df d6 33d410
1df d7 33d410
1df d8 77f400
1df d9 77f400
1df da 77f400
1df db 77f400
1df dc 33d410
1df dd 33d410
1df de 33d410
1df df 33d410
1df e0 77f400
1df e1 77f400
1df e2 77f400
1df e3 77f400
1df e4 33d410
1df e5 33d410
1df e6 33d410
1df e7 33d410
1df e8 77f400
1df e9 77f400
1df ea 77f400
1df eb 77f400
1df ec 33d410
1df ed 33d410
1df ee 33d410
1df ef 33d410
1df f0 77f400
1df f1 77f400
1df f2 77f400
1df f3 77f400
1df f4 33d410
1df f5 33d410
1df f6 33d410
1df f7 33d410
1df f8 77f400
1df f9 77f400
1df fa 77f400
1df fb 77f400
1df fc 33d410
1df fd 33d410
1df fe 33d410
1df ff 33d410
1dd 00 777800
1dd 01 777800
1dd 02 777800
1dd 03 777800
1dd 04 774810
1dd 05 774810
1dd 06 774810
1dd 07 774810
1dd 08 774820
1dd 09 774820
1dd 0a 774820
1dd 0b 774820
1dd 0c 774830
1dd 0d 774830
1dd 0e 774830
1dd 0f 774830
1dd 10 777800
1dd 11 777800
1dd 12 777800
1dd 13 777800
1dd 14 774810
1dd 15 774810
1dd 16 774810
1dd 17 774810
1dd 18 774820
1dd 19 774820
1dd 1a 774820
1dd 1b 774820
1dd 1c 774830
1dd 1d 774830
1dd 1e 774830
1dd 1f 774830
1dd 20 777800
1dd 21 777800
1dd 22 777800
1dd 23 777800
1dd 24 774810
1dd 25 774810
1dd 26 774810
1dd 27 774810
1dd 28 774820
1dd 29 774820
1dd 2a 774820
1dd 2b 774820
1dd 2c 774830
1dd 2d 774830
1dd 2e 774830
1dd 2f 774830
1dd 30 777800
1dd 31 777800
1dd 32 777800
1dd 33 777800
1dd 34 774810
1dd 35 774810
1dd 36 774810
1dd 37 774810
1dd 38 774820
1dd 39 774820
1dd 3a 774820
1dd 3b 774820
1dd 3c 774830
1dd 3d 774830
1dd 3e 774830
1dd 3f 774830
1dd 40 774900
1dd 41 774900
1dd 42 774900
1dd 43 774900
1dd 44 774910
1dd 45 774910
1dd 46 774910
1dd 47 774910
1dd 48 774920
1dd 49 774920
1dd 4a 774920
1dd 4b 774920
1dd 4c 774930
1dd 4d 774930
1dd 4e 774930
1dd 4f 774930
1dd 50 774900
1dd 51 774900
1dd 52 774900
1dd 53 774900
1dd 54 774910
1dd 55 774910
1dd 56 774910
1dd 57 774910
1dd 58 774920
1dd 59 774920
1dd 5a 774920
1dd 5b 774920
1dd 5c 774930
1dd 5d 774930
1dd 5e 774930
1dd 5f 774930
1dd 60 774900
1dd 61 774900
1dd 62 774900
1dd 63 774900
1dd 64 774910
1dd 65 774910
1dd 66 774910
1dd 67 774910
1dd 68 774920
1dd 69 774920
1dd 6a 774920
1dd 6b 774920
1dd 6c 774930
1dd 6d 774930
1dd 6e 774930
1dd 6f 774930
1dd 70 774900
1dd 71 774900
1dd 72 774900
1dd 73 774900
1dd 74 774910
1dd 75 774910
1dd 76 774910
1dd 77 774910
1dd 78 774920
1dd 79 774920
1dd 7a 774920
1dd 7b 774920
1dd 7c 774930
1dd 7d 774930
1dd 7e 774930
1dd 7f 774930
1dd 80 774a00
1dd 81 774a00
1dd 82 774a00
1dd 83 774a00
1dd 84 774a10
1dd 85 774a10
1dd 86 774a10
1dd 87 774a10
1dd 88 774a20
1dd 89 774a20
1dd 8a 774a20
1dd 8b 774a20
1dd 8c 774a30
1dd 8d 774a30
1dd 8e 774a30
1dd 8f 774a30
1dd 90 774a00
1dd 91 774a00
1dd 92 774a00
1dd 93 774a00
1dd 94 774a10
1dd 95 774a10
1dd 96 774a10
1dd 97 774a10
1dd 98 774a20
1dd 99 774a20
1dd 9a 774a20
1dd 9b 774a20
1dd 9c 774a30
1dd 9d 774a30
1dd 9e 774a30
1dd 9f 774a30
1dd a0 774a00
1dd a1 774a00
1dd a2 774a00
1dd a3 774a00
1dd a4 774a10
1dd a5 774a10
1dd a6 774a10
1dd a7 774a10
1dd a8 774a20
1dd a9 774a20
1dd aa 774a20
1dd ab 774a20
1dd ac 774a30
1dd ad 774a30
1dd ae 774a30
1dd af 774a30
1dd b0 774a00
1dd b1 774a00
1dd b2 774a00
1dd b3 774a00
1dd b4 774a10
1dd b5 774a10
1dd b6 774a10
1dd b7 774a10
1dd b8 774a20
1dd b9 774a20
1dd ba 774a20
1dd bb 774a20
1dd bc 774a30
1dd bd 774a30
1dd be 774a30
1dd bf 774a30
1dd c0 774b00
1dd c1 774b00
1dd c2 774b00
1dd c3 774b00
1dd c4 774b10
1dd c5 774b10
1dd c6 774b10
1dd c7 774b10
1dd c8 774b20
1dd c9 774b20
1dd ca 774b20
1dd cb 774b20
1dd cc 774b30
1dd cd 774b30
1dd ce 774b30
1dd cf 774b30
1dd d0 774b00
1dd d1 774b00
1dd d2 774b00
1dd d3 774b00
1dd d4 774b10
1dd d5 774b10
1dd d6 774b10
1dd d7 774b10
1dd d8 774b20
1dd d9 774b20
1dd da 774b20
1dd db 774b20
1dd dc 774b30
1dd dd 774b30
1dd de 774b30
1dd df 774b30
1dd e0 774b00
1dd e1 774b00
1dd e2 774b00
1dd e3 774b00
1dd e4 774b10
1dd e5 774b10
1dd e6 774b10
1dd e7 774b10
1dd e8 774b20
1dd e9 774b20
1dd ea 774b20
1dd eb 774b20
1dd ec 774b30
1dd ed 774b30
1dd ee 774b30
1dd ef 774b30
1dd f0 774b00
1dd f1 774b00
1dd f2 774b00
1dd f3 774b00
1dd f4 774b10
1dd f5 774b10
1dd f6 774b10
1dd f7 774b10
1dd f8 774b20
1dd f9 774b20
1dd fa 774b20
1dd fb 774b20
1dd fc 774b30
1dd fd 774b30
1dd fe 774b30
1dd ff 774b30
1d4 00 753800
1d4 01 753800
1d4 02 753800
1d4 03 753800
1d4 04 750810
1d4 05 750810
1d4 06 750810
1d4 07 750810
1d4 08 750820
1d4 09 750820
1d4 0a 750820
1d4 0b 750820
1d4 0c 750830
1d4 0d 750830
1d4 0e 750830
1d4 0f 750830
1d4 10 753800
1d4 11 753800
1d4 12 753800
1d4 13 753800
1d4 14 750810
1d4 15 750810
1d4 16 750810
1d4 17 750810
1d4 18 750820
1d4 19 750820
1d4 1a 750820
1d4 1b 750820
1d4 1c 750830
1d4 1d 750830
1d4 1e 750830
1d4 1f 750830
1d4 20 753800
1d4 21 753800
1d4 22 753800
1d4 23 753800
1d4 24 750810
1d4 25 750810
1d4 26 750810
1d4 27 750810
1d4 28 750820
1d4 29 750820
1d4 2a 750820
1d4 2b 750820
1d4 2c 750830
1d4 2d 750830
1d4 2e 750830
1d4 2f 750830
1d4 30 753800
1d4 31 753800
1d4 32 753800
1d4 33 753800
1d4 34 750810
1d4 35 750810
1d4 36 750810
1d4 37 750810
1d4 38 750820
1d4 39 750820
1d4 3a 750820
1d4 3b 750820
1d4 3c 750830
1d4 3d 750830
1d4 3e 750830
1d4 3f 750830
1d4 40 750900
1d4 41 750900
1d4 42 750900
1d4 43 750900
1d4 44 750910
1d4 45 750910
1d4 46 750910
1d4 47 750910
1d4 48 750920
1d4 49 750920
1d4 4a 750920
1d4 4b 750920
1d4 4c 750930
1d4 4d 750930
1d4 4e 750930
1d4 4f 750930
1d4 50 750900
1d4 51 750900
1d4 52 750900
1d4 53 750900
1d4 54 750910
1d4 55 750910
1d4 56 750910
1d4 57 750910
1d4 58 750920
1d4 59 750920
1d4 5a 750920
1d4 5b 750920
1d4 5c 750930
1d4 5d 750930
1d4 5e 750930
1d4 5f 750930
1d4 60 750900
1d4 61 750900
1d4 62 750900
1d4 63 750900
1d4 64 750910
1d4 65 750910
1d4 66 750910
1d4 67 750910
1d4 68 750920
1d4 69 750920
1d4 6a 750920
1d4 6b 750920
1d4 6c 750930
1d4 6d 750930
1d4 6e 750930
1d4 6f 750930
1d4 70 750900
1d4 71 750900
1d4 72 750900
1d4 73 750900
1d4 74 750910
1d4 75 750910
1d4 76 750910
1d4 77 750910
1d4 78 750920
1d4 79 750920
1d4 7a 750920
1d4 7b 750920
1d4 7c 750930
1d4 7d 750930
1d4 7e 750930
1d4 7f 750930
1d4 80 750a00
1d4 81 750a00
1d4 82 750a00
1d4 83 750a00
1d4 84 750a10
1d4 85 750a10
1d4 86 750a10
1d4 87 750a10
1d4 88 750a20
1d4 89 750a20
1d4 8a 750a20
1d4 8b 750a20
1d4 8c 750a30
1d4 8d 750a30
1d4 8e 750a30
1d4 8f 750a30
1d4 90 750a00
1d4 91 750a00
1d4 92 750a00
1d4 93 750a00
1d4 94 750a10
1d4 95 750a10
1d4 96 750a10
1d4 97 750a10
1d4 98 750a20
1d4 99 750a20
1d4 9a 750a20
1d4 9b 750a20
1d4 9c 750a30
1d4 9d 750a30
1d4 9e 750a30
1d4 9f 750a30
1d4 a0 750a00
1d4 a1 750a00
1d4 a2 750a00
1d4 a3 750a00
1d4 a4 750a10
1d4 a5 750a10
1d4 a6 750a10
1d4 a7 750a10
1d4 a8 750a20
1d4 a9 750a20
1d4 aa 750a20
1d4 ab 750a20
1d4 ac 750a30
1d4 ad 750a30
1d4 ae 750a30
1d4 af 750a30
1d4 b0 750a00
1d4 b1 750a00
1d4 b2 750a00
1d4 b3 750a00
1d4 b4 750a10
1d4 b5 750a10
1d4 b6 750a10
1d4 b7 750a10
1d4 b8 750a20
1d4 b9 750a20
1d4 ba 750a20
1d4 bb 750a20
1d4 bc 750a30
1d4 bd 750a30
1d4 be 750a30
1d4 bf 750a30
1d4 c0 750b00
1d4 c1 750b00
1d4 c2 750b00
1d4 c3 750b00
1d4 c4 750b10
1d4 c5 750b10
1d4 c6 750b10
1d4 c7 750b10
1d4 c8 750b20
1d4 c9 750b20
1d4 ca 750b20
1d4 cb 750b20
1d4 cc 750b30
1d4 cd 750b30
1d4 ce 750b30
1d4 cf 750b30
1d4 d0 750b00
1d4 d1 750b00
1d4 d2 750b00
1d4 d3 750b00
1d4 d4 750b10
1d4 d5 750b10
1d4 d6 750b10
1d4 d7 750b10
1d4 d8 750b20
1d4 d9 750b20
1d4 da 750b20
1d4 db 750b20
1d4 dc 750b30
1d4 dd 750b30
1d4 de 750b30
1d4 df 750b30
1d4 e0 750b00
1d4 e1 750b00
1d4 e2 750b00
1d4 e3 750b00
1d4 e4 750b10
1d4 e5 750b10
1d4 e6 750b10
1d4 e7 750b10
1d4 e8 750b20
1d4 e9 750b20
1d4 ea 750b20
1d4 eb 750b20
1d4 ec 750b30
1d4 ed 750b30
1d4 ee 750b30
1d4 ef 750b30
1d4 f0 750b00
1d4 f1 750b00
1d4 f2 750b00
1d4 f3 750b00
1d4 f4 750b10
1d4 f5 750b10
1d4 f6 750b10
1d4 f7 750b10
1d4 f8 750b20
1d4 f9 750b20
1d4 fa 750b20
1d4 fb 750b20
1d4 fc 750b30
1d4 fd 750b30
1d4 fe 750b30
1d4 ff 750b30
1d7 00 75f800
1d7 01 75f800
1d7 02 75f800
1d7 03 75f800
1d7 04 75c810
1d7 05 75c810
1d7 06 75c810
1d7 07 75c810
1d7 08 75c820
1d7 09 75c820
1d7 0a 75c820
1d7 0b 75c820
1d7 0c 75c830
1d7 0d 75c830
1d7 0e 75c830
1d7 0f 75c830
1d7 10 75f800
1d7 11 75f800
1d7 12 75f800
1d7 13 75f800
1d7 14 75c810
1d7 15 75c810
1d7 16 75c810
1d7 17 75c810
1d7 18 75c820
1d7 19 75c820
1d7 1a 75c820
1d7 1b 75c820
1d7 1c 75c830
1d7 1d 75c830
1d7 1e 75c830
1d7 1f 75c830
1d7 20 75f800
1d7 21 75f800
1d7 22 75f800
1d7 23 75f800
1d7 24 75c810
1d7 25 75c810
1d7 26 75c810
1d7 27 75c810
1d7 28 75c820
1d7 29 75c820
1d7 2a 75c820
1d7 2b 75c820
1d7 2c 75c830
1d7 2d 75c830
1d7 2e 75c830
1d7 2f 75c830
1d7 30 75f800
1d7 31 75f800
1d7 32 75f800
1d7 33 75f800
1d7 34 75c810
1d7 35 75c810
1d7 36 75c810
1d7 37 75c810
1d7 38 75c820
1d7 39 75c820
1d7 3a 75c820
1d7 3b 75c820
1d7 3c 75c830
1d7 3d 75c830
1d7 3e 75c830
1d7 3f 75c830
1d7 40 75c900
1d7 41 75c900
1d7 42 75c900
1d7 43 75c900
1d7 44 75c910
1d7 45 75c910
1d7 46 75c910
1d7 47 75c910
1d7 48 75c920
1d7 49 75c920
1d7 4a 75c920
1d7 4b 75c920
1d7 4c 75c930
1d7 4d 75c930
1d7 4e 75c930
1d7 4f 75c930
1d7 50 75c900
1d7 51 75c900
1d7 52 75c900
1d7 53 75c900
1d7 54 75c910
1d7 55 75c910
1d7 56 75c910
1d7 57 75c910
1d7 58 75c920
1d7 59 75c920
1d7 5a 75c920
1d7 5b 75c920
1d7 5c 75c930
1d7 5d 75c930
1d7 5e 75c930
1d7 5f 75c930
1d7 60 75c900
1d7 61 75c900
1d7 62 75c900
1d7 63 75c900
1d7 64 75c910
1d7 65 75c910
1d7 66 75c910
1d7 67 75c910
1d7 68 75c920
1d7 69 75c920
1d7 6a 75c920
1d7 6b 75c920
1d7 6c 75c930
1d7 6d 75c930
1d7 6e 75c930
1d7 6f 75c930
1d7 70 75c900
1d7 71 75c900
1d7 72 75c900
1d7 73 75c900
1d7 74 75c910
1d7 75 75c910
1d7 76 75c910
1d7 77 75c910
1d7 78 75c920
1d7 79 75c920
1d7 7a 75c920
1d7 7b 75c920
1d7 7c 75c930
1d7 7d 75c930
1d7 7e 75c930
1d7 7f 75c930
1d7 80 75ca00
1d7 81 75ca00
1d7 82 75ca00
1d7 83 75ca00
1d7 84 75ca10
1d7 85 75ca10
1d7 86 75ca10
1d7 87 75ca10
1d7 88 75ca20
1d7 89 75ca20
1d7 8a 75ca20
1d7 8b 75ca20
1d7 8c 75ca30
1d7 8d 75ca30
1d7 8e 75ca30
1d7 8f 75ca30
1d7 90 75ca00
1d7 91 75ca00
1d7 92 75ca00
1d7 93 75ca00
1d7 94 75ca10
1d7 95 75ca10
1d7 96 75ca10
1d7 97 75ca10
1d7 98 75ca20
1d7 99 75ca20
1d7 9a 75ca20
1d7 9b 75ca20
1d7 9c 75ca30
1d7 9d 75ca30
1d7 9e 75ca30
1d7 9f 75ca30
1d7 a0 75ca00
1d7 a1 75ca00
1d7 a2 75ca00
1d7 a3 75ca00
1d7 a4 75ca10
1d7 a5 75ca10
1d7 a6 75ca10
1d7 a7 75ca10
1d7 a8 75ca20
1d7 a9 75ca20
1d7 aa 75ca20
1d7 ab 75ca20
1d7 ac 75ca30
1d7 ad 75ca30
1d7 ae 75ca30
1d7 af 75ca30
1d7 b0 75ca00
1d7 b1 75ca00
1d7 b2 75ca00
1d7 b3 75ca00
1d7 b4 75ca10
1d7 b5 75ca10
1d7 b6 75ca10
1d7 b7 75ca10
1d7 b8 75ca20
1d7 b9 75ca20
1d7 ba 75ca20
1d7 bb 75ca20
1d7 bc 75ca30
1d7 bd 75ca30
1d7 be 75ca30
1d7 bf 75ca30
1d7 c0 75cb00
1d7 c1 75cb00
1d7 c2 75cb00
1d7 c3 75cb00
1d7 c4 75cb10
1d7 c5 75cb10
1d7 c6 75cb10
1d7 c7 75cb10
1d7 c8 75cb20
1d7 c9 75cb20
1d7 ca 75cb20
1d7 cb 75cb20
1d7 cc 75cb30
1d7 cd 75cb30
1d7 ce 75cb30
1d7 cf 75cb30
1d7 d0 75cb00
1d7 d1 75cb00
1d7 d2 75cb00
1d7 d3 75cb00
1d7 d4 75cb10
1d7 d5 75cb10
1d7 d6 75cb10
1d7 d7 75cb10
1d7 d8 75cb20
1d7 d9 75cb20
1d7 da 75cb20
1d7 db 75cb20
1d7 dc 75cb30
1d7 dd 75cb30
1d7 de 75cb30
1d7 df 75cb30
1d7 e0 75cb00
1d7 e1 75cb00
1d7 e2 75cb00
1d7 e3 75cb00
1d7 e4 75cb10
1d7 e5 75cb10
1d7 e6 75cb10
1d7 e7 75cb10
1d7 e8 75cb20
1d7 e9 75cb20
1d7 ea 75cb20
1d7 eb 75cb20
1d7 ec 75cb30
1d7 ed 75cb30
1d7 ee 75cb30
1d7 ef 75cb30
1d7 f0 75cb00
1d7 f1 75cb00
1d7 f2 75cb00
1d7 f3 75cb00
1d7 f4 75cb10
1d7 f5 75cb10
1d7 f6 75cb10
1d7 f7 75cb10
1d7 f8 75cb20
1d7 f9 75cb20
1d7 fa 75cb20
1d7 fb 75cb20
1d7 fc 75cb30
1d7 fd 75cb30
1d7 fe 75cb30
1d7 ff 75cb30
1d5 00 757c00
1d5 01 757c00
1d5 02 757c00
1d5 03 757c00
1d5 04 754c10
1d5 05 754c10
1d5 06 754c10
1d5 07 754c10
1d5 08 754c20
1d5 09 754c20
1d5 0a 754c20
1d5 0b 754c20
1d5 0c 754c30
1d5 0d 754c30
1d5 0e 754c30
1d5 0f 754c30
1d5 10 757c00
1d5 11 757c00
1d5 12 757c00
1d5 13 757c00
1d5 14 754c10
1d5 15 754c10
1d5 16 754c10
1d5 17 754c10
1d5 18 754c20
1d5 19 754c20
1d5 1a 754c20
1d5 1b 754c20
1d5 1c 754c30
1d5 1d 754c30
1d5 1e 754c30
1d5 1f 754c30
1d5 20 757c00
1d5 21 757c00
1d5 22 757c00
1d5 23 757c00
1d5 24 754c10
1d5 25 754c10
1d5 26 754c10
1d5 27 754c10
1d5 28 754c20
1d5 29 754c20
1d5 2a 754c20
1d5 2b 754c20
1d5 2c 754c30
1d5 2d 754c30
1d5 2e 754c30
1d5 2f 754c30
1d5 30 757c00
1d5 31 757c00
1d5 32 757c00
1d5 33 757c00
1d5 34 754c10
1d5 35 754c10
1d5 36 754c10
1d5 37 754c10
1d5 38 754c20
1d5 39 754c20
1d5 3a 754c20
1d5 3b 754c20
1d5 3c 754c30
1d5 3d 754c30
1d5 3e 754c30
1d5 3f 754c30
1d5 40 754d00
1d5 41 754d00
1d5 42 754d00
1d5 43 754d00
1d5 44 754d10
1d5 45 754d10
1d5 46 754d10
1d5 47 754d10
1d5 48 754d20
1d5 49 754d20
1d5 4a 754d20
1d5 4b 754d20
1d5 4c 754d30
1d5 4d 754d30
1d5 4e 754d30
1d5 4f 754d30
1d5 50 754d00
1d5 51 754d00
1d5 52 754d00
1d5 53 754d00
1d5 54 754d10
1d5 55 754d10
1d5 56 754d10
1d5 57 754d10
1d5 58 754d20
1d5 59 754d20
1d5 5a 754d20
1d5 5b 754d20
1d5 5c 754d30
1d5 5d 754d30
1d5 5e 754d30
1d5 5f 754d30
1d5 60 754d00
1d5 61 754d00
1d5 62 754d00
1d5 63 754d00
1d5 64 754d10
1d5 65 754d10
1d5 66 754d10
1d5 67 754d10
1d5 68 754d20
1d5 69 754d20
1d5 6a 754d20
1d5 6b 754d20
1d5 6c 754d30
1d5 6d 754d30
1d5 6e 754d30
1d5 6f 754d30
1d5 70 754d00
1d5 71 754d00
1d5 72 754d00
1d5 73 754d00
1d5 74 754d10
1d5 75 754d10
1d5 76 754d10
1d5 77 754d10
1d5 78 754d20
1d5 79 754d20
1d5 7a 754d20
1d5 7b 754d20
1d5 7c 754d30
1d5 7d 754d30
1d5 7e 754d30
1d5 7f 754d30
1d5 80 754e00
1d5 81 754e00
1d5 82 754e00
1d5 83 754e00
1d5 84 754e10
1d5 85 754e10
1d5 86 754e10
1d5 87 754e10
1d5 88 754e20
1d5 89 754e20
1d5 8a 754e20
1d5 8b 754e20
1d5 8c 754e30
1d5 8d 754e30
1d5 8e 754e30
1d5 8f 754e30
1d5 90 754e00
1d5 91 754e00
1d5 92 754e00
1d5 93 754e00
1d5 94 754e10
1d5 95 754e10
1d5 96 754e10
1d5 97 754e10
1d5 98 754e20
1d5 99 754e20
1d5 9a 754e20
1d5 9b 754e20
1d5 9c 754e30
1d5 9d 754e30
1d5 9e 754e30
1d5 9f 754e30
1d5 a0 754e00
1d5 a1 754e00
1d5 a2 754e00
1d5 a3 754e00
1d5 a4 754e10
1d5 a5 754e10
1d5 a6 754e10
1d5 a7 754e10
1d5 a8 754e20
1d5 a9 754e20
1d5 aa 754e20
1d5 ab 754e20
1d5 ac 754e30
1d5 ad 754e30
1d5 ae 754e30
1d5 af 754e30
1d5 b0 754e00
1d5 b1 754e00
1d5 b2 754e00
1d5 b3 754e00
1d5 b4 754e10
1d5 b5 754e10
1d5 b6 754e10
1d5 b7 754e10
1d5 b8 754e20
1d5 b9 754e20
1d5 ba 754e20
1d5 bb 754e20
1d5 bc 754e30
1d5 bd 754e30
1d5 be 754e30
1d5 bf 754e30
1d5 c0 754f00
1d5 c1 754f00
1d5 c2 754f00
1d5 c3 754f00
1d5 c4 754f10
1d5 c5 754f10
1d5 c6 754f10
1d5 c7 754f10
1d5 c8 754f20
1d5 c9 754f20
1d5 ca 754f20
1d5 cb 754f20
1d5 cc 754f30
1d5 cd 754f30
1d5 ce 754f30
1d5 cf 754f30
1d5 d0 754f00
1d5 d1 754f00
1d5 d2 754f00
1d5 d3 754f00
1d5 d4 754f10
1d5 d5 754f10
1d5 d6 754f10
1d5 d7 754f10
1d5 d8 754f20
1d5 d9 754f20
1d5 da 754f20
1d5 db 754f20
1d5 dc 754f30
1d5 dd 754f30
1d5 de 754f30
1d5 df 754f30
1d5 e0 754f00
1d5 e1 754f00
1d5 e2 754f00
1d5 e3 754f00
1d5 e4 754f10
1d5 e5 754f10
1d5 e6 754f10
1d5 e7 754f10
1d5 e8 754f20
1d5 e9 754f20
1d5 ea 754f20
1d5 eb 754f20
1d5 ec 754f30
1d5 ed 754f30
1d5 ee 754f30
1d5 ef 754f30
1d5 f0 754f00
1d5 f1 754f00
1d5 f2 754f00
1d5 f3 754f00
1d5 f4 754f10
1d5 f5 754f10
1d5 f6 754f10
1d5 f7 754f10
1d5 f8 754f20
1d5 f9 754f20
1d5 fa 754f20
1d5 fb 754f20
1d5 fc 754f30
1d5 fd 754f30
1d5 fe 754f30
1d5 ff 754f30
140 00 503400
140 01 001404
140 02 503400
140 03 001404
140 04 301410
140 05 101414
140 06 301410
140 07 101414
140 08 503400
140 09 001404
140 0a 503400
140 0b 001404
140 0c 301410
140 0d 101414
140 0e 301410
140 0f 101414
140 10 c01440
140 11 401444
140 12 c01440
140 13 401444
140 14 500450
140 15 500454
140 16 500450
140 17 500454
140 18 c01440
140 19 401444
140 1a c01440
140 1b 401444
140 1c 500450
140 1d 500454
140 1e 500450
140 1f 500454
140 20 503400
140 21 001404
140 22 503400
140 23 001404
140 24 301410
140 25 101414
140 26 301410
140 27 101414
140 28 503400
140 29 001404
140 2a 503400
140 2b 001404
140 2c 301410
140 2d 101414
140 2e 301410
140 2f 101414
140 30 c01440
140 31 401444
140 32 c01440
140 33 401444
140 34 500450
140 35 500454
140 36 500450
140 37 500454
140 38 c01440
140 39 401444
140 3a c01440
140 3b 401444
140 3c 500450
140 3d 500454
140 3e 500450
140 3f 500454
140 40 503400
140 41 001404
140 42 503400
140 43 001404
140 44 301410
140 45 101414
140 46 301410
140 47 101414
140 48 503400
140 49 001404
140 4a 503400
140 4b 001404
140 4c 301410
140 4d 101414
140 4e 301410
140 4f 101414
140 50 c01440
140 51 401444
140 52 c01440
140 53 401444
140 54 500450
140 55 500454
140 56 500450
140 57 500454
140 58 c01440
140 59 401444
140 5a c01440
140 5b 401444
140 5c 500450
140 5d 500454
140 5e 500450
140 5f 500454
140 60 503400
140 61 001404
140 62 503400
140 63 001404
140 64 301410
140 65 101414
140 66 301410
140 67 101414
140 68 503400
140 69 001404
140 6a 503400
140 6b 001404
140 6c 301410
140 6d 101414
140 6e 301410
140 6f 101414
140 70 c01440
140 71 401444
140 72 c01440
140 73 401444
140 74 500450
140 75 500454
140 76 500450
140 77 500454
140 78 c01440
140 79 401444
140 7a c01440
140 7b 401444
140 7c 500450
140 7d 500454
140 7e 500450
140 7f 500454
140 80 503400
140 81 001404
140 82 503400
140 83 001404
140 84 301410
140 85 101414
140 86 301410
140 87 101414
140 88 503400
140 89 001404
140 8a 503400
140 8b 001404
140 8c 301410
140 8d 101414
140 8e 301410
140 8f 101414
140 90 c01440
140 91 401444
140 92 c01440
140 93 401444
140 94 500450
140 95 500454
140 96 500450
140 97 500454
140 98 c01440
140 99 401444
140 9a c01440
140 9b 401444
140 9c 500450
140 9d 500454
140 9e 500450
140 9f 500454
140 a0 503400
140 a1 001404
140 a2 503400
140 a3 001404
140 a4 301410
140 a5 101414
140 a6 301410
140 a7 101414
140 a8 503400
140 a9 001404
140 aa 503400
140 ab 001404
140 ac 301410
140 ad 101414
140 ae 301410
140 af 101414
140 b0 c01440
140 b1 401444
140 b2 c01440
140 b3 401444
140 b4 500450
140 b5 500454
140 b6 500450
140 b7 500454
140 b8 c01440
140 b9 401444
140 ba c01440
140 bb 401444
140 bc 500450
140 bd 500454
140 be 500450
140 bf 500454
140 c0 503400
140 c1 001404
140 c2 503400
140 c3 001404
140 c4 301410
140 c5 101414
140 c6 301410
140 c7 101414
140 c8 503400
140 c9 001404
140 ca 503400
140 cb 001404
140 cc 301410
140 cd 101414
140 ce 301410
140 cf 101414
140 d0 c01440
140 d1 401444
140 d2 c01440
140 d3 401444
140 d4 500450
140 d5 500454
140 d6 500450
140 d7 500454
140 d8 c01440
140 d9 401444
140 da c01440
140 db 401444
140 dc 500450
140 dd 500454
140 de 500450
140 df 500454
140 e0 503400
140 e1 001404
140 e2 503400
140 e3 001404
140 e4 301410
140 e5 101414
140 e6 301410
140 e7 101414
140 e8 503400
140 e9 001404
140 ea 503400
140 eb 001404
140 ec 301410
140 ed 101414
140 ee 301410
140 ef 101414
140 f0 c01440
140 f1 401444
140 f2 c01440
140 f3 401444
140 f4 500450
140 f5 500454
140 f6 500450
140 f7 500454
140 f8 c01440
140 f9 401444
140 fa c01440
140 fb 401444
140 fc 500450
140 fd 500454
140 fe 500450
140 ff 500454
143 00 50f400
143 01 50f400
143 02 50f400
143 03 50f400
143 04 50f400
143 05 50f400
143 06 50f400
143 07 50f400
143 08 50f400
143 09 50f400
143 0a 50f400
143 0b 50f400
143 0c 50f400
143 0d 50f400
143 0e 50f400
143 0f 50f400
143 10 50f400
143 11 50f400
143 12 50f400
143 13 50f400
143 14 50f400
143 15 50f400
143 16 50f400
143 17 50f400
143 18 50f400
143 19 50f400
143 1a 50f400
143 1b 50f400
143 1c 50f400
143 1d 50f400
143 1e 50f400
143 1f 50f400
143 20 50f400
143 21 50f400
143 22 50f400
143 23 50f400
143 24 50f400
143 25 50f400
143 26 50f400
143 27 50f400
143 28 50f400
143 29 50f400
143 2a 50f400
143 2b 50f400
143 2c 50f400
143 2d 50f400
143 2e 50f400
143 2f 50f400
143 30 50f400
143 31 50f400
143 32 50f400
143 33 50f400
143 34 50f400
143 35 50f400
143 36 50f400
143 37 50f400
143 38 50f400
143 39 50f400
143 3a 50f400
143 3b 50f400
143 3c 50f400
143 3d 50f400
143 3e 50f400
143 3f 50f400
143 40 f0d500
143 41 f0d500
143 42 f0d500
143 43 f0d500
143 44 f0d500
143 45 f0d500
143 46 f0d500
143 47 f0d500
143 48 f0d500
143 49 f0d500
143 4a f0d500
143 4b f0d500
143 4c f0d500
143 4d f0d500
143 4e f0d500
143 4f f0d500
143 50 f0d500
143 51 f0d500
143 52 f0d500
143 53 f0d500
143 54 f0d500
143 55 f0d500
143 56 f0d500
143 57 f0d500
143 58 f0d500
143 59 f0d500
143 5a f0d500
143 5b f0d500
143 5c f0d500
143 5d f0d500
143 5e f0d500
143 5f f0d500
143 60 f0d500
143 61 f0d500
143 62 f0d500
143 63 f0d500
143 64 f0d500
143 65 f0d500
143 66 f0d500
143 67 f0d500
143 68 f0d500
143 69 f0d500
143 6a f0d500
143 6b f0d500
143 6c f0d500
143 6d f0d500
143 6e f0d500
143 6f f0d500
143 70 f0d500
143 71 f0d500
143 72 f0d500
143 73 f0d500
143 74 f0d500
143 75 f0d500
143 76 f0d500
143 77 f0d500
143 78 f0d500
143 79 f0d500
143 7a f0d500
143 7b f0d500
143 7c f0d500
143 7d f0d500
143 7e f0d500
143 7f f0d500
143 80 50f400
143 81 50f400
143 82 50f400
143 83 50f400
143 84 50f400
143 85 50f400
143 86 50f400
143 87 50f400
143 88 50f400
143 89 50f400
143 8a 50f400
143 8b 50f400
143 8c 50f400
143 8d 50f400
143 8e 50f400
143 8f 50f400
143 90 50f400
143 91 50f400
143 92 50f400
143 93 50f400
143 94 50f400
143 95 50f400
143 96 50f400
143 97 50f400
143 98 50f400
143 99 50f400
143 9a 50f400
143 9b 50f400
143 9c 50f400
143 9d 50f400
143 9e 50f400
143 9f 50f400
143 a0 50f400
143 a1 50f400
143 a2 50f400
143 a3 50f400
143 a4 50f400
143 a5 50f400
143 a6 50f400
143 a7 50f400
143 a8 50f400
143 a9 50f400
143 aa 50f400
143 ab 50f400
143 ac 50f400
143 ad 50f400
143 ae 50f400
143 af 50f400
143 b0 50f400
143 b1 50f400
143 b2 50f400
143 b3 50f400
143 b4 50f400
143 b5 50f400
143 b6 50f400
143 b7 50f400
143 b8 50f400
143 b9 50f400
143 ba 50f400
143 bb 50f400
143 bc 50f400
143 bd 50f400
143 be 50f400
143 bf 50f400
143 c0 f0d500
143 c1 f0d500
143 c2 f0d500
143 c3 f0d500
143 c4 f0d500
143 c5 f0d500
143 c6 f0d500
143 c7 f0d500
143 c8 f0d500
143 c9 f0d500
143 ca f0d500
143 cb f0d500
143 cc f0d500
143 cd f0d500
143 ce f0d500
143 cf f0d500
143 d0 f0d500
143 d1 f0d500
143 d2 f0d500
143 d3 f0d500
143 d4 f0d500
143 d5 f0d500
143 d6 f0d500
143 d7 f0d500
143 d8 f0d500
143 d9 f0d500
143 da f0d500
143 db f0d500
143 dc f0d500
143 dd f0d500
143 de f0d500
143 df f0d500
143 e0 f0d500
143 e1 f0d500
143 e2 f0d500
143 e3 f0d500
143 e4 f0d500
143 e5 f0d500
143 e6 f0d500
143 e7 f0d500
143 e8 f0d500
143 e9 f0d500
143 ea f0d500
143 eb f0d500
143 ec f0d500
143 ed f0d500
143 ee f0d500
143 ef f0d500
143 f0 f0d500
143 f1 f0d500
143 f2 f0d500
143 f3 f0d500
143 f4 f0d500
143 f5 f0d500
143 f6 f0d500
143 f7 f0d500
143 f8 f0d500
143 f9 f0d500
143 fa f0d500
143 fb f0d500
143 fc f0d500
143 fd f0d500
143 fe f0d500
143 ff f0d500
141 00 507800
141 01 504804
141 02 507800
141 03 504804
141 04 504810
141 05 504814
141 06 504810
141 07 504814
141 08 507800
141 09 504804
141 0a 507800
141 0b 504804
141 0c 504810
141 0d 504814
141 0e 504810
141 0f 504814
141 10 504840
141 11 504844
141 12 504840
141 13 504844
141 14 504850
141 15 504854
141 16 504850
141 17 504854
141 18 504840
141 19 504844
141 1a 504840
141 1b 504844
141 1c 504850
141 1d 504854
141 1e 504850
141 1f 504854
141 20 507800
141 21 504804
141 22 507800
141 23 504804
141 24 504810
141 25 504814
141 26 504810
141 27 504814
141 28 507800
141 29 504804
141 2a 507800
141 2b 504804
141 2c 504810
141 2d 504814
141 2e 504810
141 2f 504814
141 30 504840
141 31 504844
141 32 504840
141 33 504844
141 34 504850
141 35 504854
141 36 504850
141 37 504854
141 38 504840
141 39 504844
141 3a 504840
141 3b 504844
141 3c 504850
141 3d 504854
141 3e 504850
141 3f 504854
141 40 504900
141 41 504904
141 42 504900
141 43 504904
141 44 504910
141 45 504914
141 46 504910
141 47 504914
141 48 504900
141 49 504904
141 4a 504900
141 4b 504904
141 4c 504910
141 4d 504914
141 4e 504910
141 4f 504914
141 50 504940
141 51 504944
141 52 504940
141 53 504944
141 54 504950
141 55 504954
141 56 504950
141 57 504954
141 58 504940
141 59 504944
141 5a 504940
141 5b 504944
141 5c 504950
141 5d 504954
141 5e 504950
141 5f 504954
141 60 504900
141 61 504904
141 62 504900
141 63 504904
141 64 504910
141 65 504914
141 66 504910
141 67 504914
141 68 504900
141 69 504904
141 6a 504900
141 6b 504904
141 6c 504910
141 6d 504914
141 6e 504910
141 6f 504914
141 70 504940
141 71 504944
141 72 504940
141 73 504944
141 74 504950
141 75 504954
141 76 504950
141 77 504954
141 78 504940
141 79 504944
141 7a 504940
141 7b 504944
141 7c 504950
141 7d 504954
141 7e 504950
141 7f 504954
141 80 507800
141 81 504804
141 82 507800
141 83 504804
141 84 504810
141 85 504814
141 86 504810
141 87 504814
141 88 507800
141 89 504804
141 8a 507800
141 8b 504804
141 8c 504810
141 8d 504814
141 8e 504810
141 8f 504814
141 90 504840
141 91 504844
141 92 504840
141 93 504844
141 94 504850
141 95 504854
141 96 504850
141 97 504854
141 98 504840
141 99 504844
141 9a 504840
141 9b 504844
141 9c 504850
141 9d 504854
141 9e 504850
141 9f 504854
141 a0 507800
141 a1 504804
141 a2 507800
141 a3 504804
141 a4 504810
141 a5 504814
141 a6 504810
141 a7 504814
141 a8 507800
141 a9 504804
141 aa 507800
141 ab 504804
141 ac 504810
141 ad 504814
141 ae 504810
141 af 504814
141 b0 504840
141 b1 504844
141 b2 504840
141 b3 504844
141 b4 504850
141 b5 504854
141 b6 504850
141 b7 504854
141 b8 504840
141 b9 504844
141 ba 504840
141 bb 504844
141 bc 504850
141 bd 504854
141 be 504850
141 bf 504854
141 c0 504900
141 c1 504904
141 c2 504900
141 c3 504904
141 c4 504910
141 c5 504914
141 c6 504910
141 c7 504914
141 c8 504900
141 c9 504904
141 ca 504900
141 cb 504904
141 cc 504910
141 cd 504914
141 ce 504910
141 cf 504914
141 d0 504940
141 d1 504944
141 d2 504940
141 d3 504944
141 d4 504950
141 d5 504954
141 d6 504950
141 d7 504954
141 d8 504940
141 d9 504944
141 da 504940
141 db 504944
141 dc 504950
141 dd 504954
141 de 504950
141 df 504954
141 e0 504900
141 e1 504904
141 e2 504900
141 e3 504904
141 e4 504910
141 e5 504914
141 e6 504910
141 e7 504914
141 e8 504900
141 e9 504904
141 ea 504900
141 eb 504904
141 ec 504910
141 ed 504914
141 ee 504910
141 ef 504914
141 f0 504940
141 f1 504944
141 f2 504940
141 f3 504944
141 f4 504950
141 f5 504954
141 f6 504950
141 f7 504954
141 f8 504940
141 f9 504944
141 fa 504940
141 fb 504944
141 fc 504950
141 fd 504954
141 fe 504950
141 ff 504954
14c 00 533400
14c 01 533400
14c 02 533400
14c 03 533400
14c 04 533400
14c 05 533400
14c 06 533400
14c 07 533400
14c 08 533400
14c 09 533400
14c 0a 533400
14c 0b 533400
14c 0c 533400
14c 0d 533400
14c 0e 533400
14c 0f 533400
14c 10 533400
14c 11 533400
14c 12 533400
14c 13 533400
14c 14 533400
14c 15 533400
14c 16 533400
14c 17 533400
14c 18 533400
14c 19 533400
14c 1a 533400
14c 1b 533400
14c 1c 533400
14c 1d 533400
14c 1e 533400
14c 1f 533400
14c 20 533400
14c 21 533400
14c 22 533400
14c 23 533400
14c 24 533400
14c 25 533400
14c 26 533400
14c 27 533400
14c 28 533400
14c 29 533400
14c 2a 533400
14c 2b 533400
14c 2c 533400
14c 2d 533400
14c 2e 533400
14c 2f 533400
14c 30 533400
14c 31 533400
14c 32 533400
14c 33 533400
14c 34 533400
14c 35 533400
14c 36 533400
14c 37 533400
14c 38 533400
14c 39 533400
14c 3a 533400
14c 3b 533400
14c 3c 533400
14c 3d 533400
14c 3e 533400
14c 3f 533400
14c 40 f31500
14c 41 f31500
14c 42 f31500
14c 43 f31500
14c 44 f31500
14c 45 f31500
14c 46 f31500
14c 47 f31500
14c 48 f31500
14c 49 f31500
14c 4a f31500
14c 4b f31500
14c 4c f31500
14c 4d f31500
14c 4e f31500
14c 4f f31500
14c 50 f31500
14c 51 f31500
14c 52 f31500
14c 53 f31500
14c 54 f31500
14c 55 f31500
14c 56 f31500
14c 57 f31500
14c 58 f31500
14c 59 f31500
14c 5a f31500
14c 5b f31500
14c 5c f31500
14c 5d f31500
14c 5e f31500
14c 5f f31500
14c 60 f31500
14c 61 f31500
14c 62 f31500
14c 63 f31500
14c 64 f31500
14c 65 f31500
14c 66 f31500
14c 67 f31500
14c 68 f31500
14c 69 f31500
14c 6a f31500
14c 6b f31500
14c 6c f31500
14c 6d f31500
14c 6e f31500
14c 6f f31500
14c 70 f31500
14c 71 f31500
14c 72 f31500
14c 73 f31500
14c 74 f31500
14c 75 f31500
14c 76 f31500
14c 77 f31500
14c 78 f31500
14c 79 f31500
14c 7a f31500
14c 7b f31500
14c 7c f31500
14c 7d f31500
14c 7e f31500
14c 7f f31500
14c 80 533400
14c 81 533400
14c 82 533400
14c 83 533400
14c 84 533400
14c 85 533400
14c 86 533400
14c 87 533400
14c 88 533400
14c 89 533400
14c 8a 533400
14c 8b 533400
14c 8c 533400
14c 8d 533400
14c 8e 533400
14c 8f 533400
14c 90 533400
14c 91 533400
14c 92 533400
14c 93 533400
14c 94 533400
14c 95 533400
14c 96 533400
14c 97 533400
14c 98 533400
14c 99 533400
14c 9a 533400
14c 9b 533400
14c 9c 533400
14c 9d 533400
14c 9e 533400
14c 9f 533400
14c a0 533400
14c a1 533400
14c a2 533400
14c a3 533400
14c a4 533400
14c a5 533400
14c a6 533400
14c a7 533400
14c a8 533400
14c a9 533400
14c aa 533400
14c ab 533400
14c ac 533400
14c ad 533400
14c ae 533400
14c af 533400
14c b0 533400
14c b1 533400
14c b2 533400
14c b3 533400
14c b4 533400
14c b5 533400
14c b6 533400
14c b7 533400
14c b8 533400
14c b9 533400
14c ba 533400
14c bb 533400
14c bc 533400
14c bd 533400
14c be 533400
14c bf 533400
14c c0 f31500
14c c1 f31500
14c c2 f31500
14c c3 f31500
14c c4 f31500
14c c5 f31500
14c c6 f31500
14c c7 f31500
14c c8 f31500
14c c9 f31500
14c ca f31500
14c cb f31500
14c cc f31500
14c cd f31500
14c ce f31500
14c cf f31500
14c d0 f31500
14c d1 f31500
14c d2 f31500
14c d3 f31500
14c d4 f31500
14c d5 f31500
14c d6 f31500
14c d7 f31500
14c d8 f31500
14c d9 f31500
14c da f31500
14c db f31500
14c dc f31500
14c dd f31500
14c de f31500
14c df f31500
14c e0 f31500
14c e1 f31500
14c e2 f31500
14c e3 f31500
14c e4 f31500
14c e5 f31500
14c e6 f31500
14c e7 f31500
14c e8 f31500
14c e9 f31500
14c ea f31500
14c eb f31500
14c ec f31500
14c ed f31500
14c ee f31500
14c ef f31500
14c f0 f31500
14c f1 f31500
14c f2 f31500
14c f3 f31500
14c f4 f31500
14c f5 f31500
14c f6 f31500
14c f7 f31500
14c f8 f31500
14c f9 f31500
14c fa f31500
14c fb f31500
14c fc f31500
14c fd f31500
14c fe f31500
14c ff f31500
14f 00 53f400
14f 01 03d404
14f 02 53f400
14f 03 03d404
14f 04 33d410
14f 05 13d414
14f 06 33d410
14f 07 13d414
14f 08 53f400
14f 09 03d404
14f 0a 53f400
14f 0b 03d404
14f 0c 33d410
14f 0d 13d414
14f 0e 33d410
14f 0f 13d414
14f 10 c3d440
14f 11 43d444
14f 12 c3d440
14f 13 43d444
14f 14 53c450
14f 15 53c454
14f 16 53c450
14f 17 53c454
14f 18 c3d440
14f 19 43d444
14f 1a c3d440
14f 1b 43d444
14f 1c 53c450
14f 1d 53c454
14f 1e 53c450
14f 1f 53c454
14f 20 53f400
14f 21 03d404
14f 22 53f400
14f 23 03d404
14f 24 33d410
14f 25 13d414
14f 26 33d410
14f 27 13d414
14f 28 53f400
14f 29 03d404
14f 2a 53f400
14f 2b 03d404
14f 2c 33d410
14f 2d 13d414
14f 2e 33d410
14f 2f 13d414
14f 30 c3d440
14f 31 43d444
14f 32 c3d440
14f 33 43d444
14f 34 53c450
14f 35 53c454
14f 36 53c450
14f 37 53c454
14f 38 c3d440
14f 39 43d444
14f 3a c3d440
14f 3b 43d444
14f 3c 53c450
14f 3d 53c454
14f 3e 53c450
14f 3f 53c454
14f 40 53f400
14f 41 03d404
14f 42 53f400
14f 43 03d404
14f 44 33d410
14f 45 13d414
14f 46 33d410
14f 47 13d414
14f 48 53f400
14f 49 03d404
14f 4a 53f400
14f 4b 03d404
14f 4c 33d410
14f 4d 13d414
14f 4e 33d410
14f 4f 13d414
14f 50 c3d440
14f 51 43d444
14f 52 c3d440
14f 53 43d444
14f 54 53c450
14f 55 53c454
14f 56 53c450
14f 57 53c454
14f 58 c3d440
14f 59 43d444
14f 5a c3d440
14f 5b 43d444
14f 5c 53c450
14f 5d 53c454
14f 5e 53c450
14f 5f 53c454
14f 60 53f400
14f 61 03d404
14f 62 53f400
14f 63 03d404
14f 64 33d410
14f 65 13d414
14f 66 33d410
14f 67 13d414
14f 68 53f400
14f 69 03d404
14f 6a 53f400
14f 6b 03d404
14f 6c 33d410
14f 6d 13d414
14f 6e 33d410
14f 6f 13d414
14f 70 c3d440
14f 71 43d444
14f 72 c3d440
14f 73 43d444
14f 74 53c450
14f 75 53c454
14f 76 53c450
14f 77 53c454
14f 78 c3d440
14f 79 43d444
14f 7a c3d440
14f 7b 43d444
14f 7c 53c450
14f 7d 53c454
14f 7e 53c450
14f 7f 53c454
14f 80 53f400
14f 81 03d404
14f 82 53f400
14f 83 03d404
14f 84 33d410
14f 85 13d414
14f 86 33d410
14f 87 13d414
14f 88 53f400
14f 89 03d404
14f 8a 53f400
14f 8b 03d404
14f 8c 33d410
14f 8d 13d414
14f 8e 33d410
14f 8f 13d414
14f 90 c3d440
14f 91 43d444
14f 92 c3d440
14f 93 43d444
14f 94 53c450
14f 95 53c454
14f 96 53c450
14f 97 53c454
14f 98 c3d440
14f 99 43d444
14f 9a c3d440
14f 9b 43d444
14f 9c 53c450
14f 9d 53c454
14f 9e 53c450
14f 9f 53c454
14f a0 53f400
14f a1 03d404
14f a2 53f400
14f a3 03d404
14f a4 33d410
14f a5 13d414
14f a6 33d410
14f a7 13d414
14f a8 53f400
14f a9 03d404
14f aa 53f400
14f ab 03d404
14f ac 33d410
14f ad 13d414
14f ae 33d410
14f af 13d414
14f b0 c3d440
14f b1 43d444
14f b2 c3d440
14f b3 43d444
14f b4 53c450
14f b5 53c454
14f b6 53c450
14f b7 53c454
14f b8 c3d440
14f b9 43d444
14f ba c3d440
14f bb 43d444
14f bc 53c450
14f bd 53c454
14f be 53c450
14f bf 53c454
14f c0 53f400
14f c1 03d404
14f c2 53f400
14f c3 03d404
14f c4 33d410
14f c5 13d414
14f c6 33d410
14f c7 13d414
14f c8 53f400
14f c9 03d404
14f ca 53f400
14f cb 03d404
14f cc 33d410
14f cd 13d414
14f ce 33d410
14f cf 13d414
14f d0 c3d440
14f d1 43d444
14f d2 c3d440
14f d3 43d444
14f d4 53c450
14f d5 53c454
14f d6 53c450
14f d7 53c454
14f d8 c3d440
14f d9 43d444
14f da c3d440
14f db 43d444
14f dc 53c450
14f dd 53c454
14f de 53c450
14f df 53c454
14f e0 53f400
14f e1 03d404
14f e2 53f400
14f e3 03d404
14f e4 33d410
14f e5 13d414
14f e6 33d410
14f e7 13d414
14f e8 53f400
14f e9 03d404
14f ea 53f400
14f eb 03d404
14f ec 33d410
14f ed 13d414
14f ee 33d410
14f ef 13d414
14f f0 c3d440
14f f1 43d444
14f f2 c3d440
14f f3 43d444
14f f4 53c450
14f f5 53c454
14f f6 53c450
14f f7 53c454
14f f8 c3d440
14f f9 43d444
14f fa c3d440
14f fb 43d444
14f fc 53c450
14f fd 53c454
14f fe 53c450
14f ff 53c454
14d 00 537800
14d 01 534804
14d 02 537800
14d 03 534804
14d 04 534810
14d 05 534814
14d 06 534810
14d 07 534814
14d 08 537800
14d 09 534804
14d 0a 537800
14d 0b 534804
14d 0c 534810
14d 0d 534814
14d 0e 534810
14d 0f 534814
14d 10 534840
14d 11 534844
14d 12 534840
14d 13 534844
14d 14 534850
14d 15 534854
14d 16 534850
14d 17 534854
14d 18 534840
14d 19 534844
14d 1a 534840
14d 1b 534844
14d 1c 534850
14d 1d 534854
14d 1e 534850
14d 1f 534854
14d 20 537800
14d 21 534804
14d 22 537800
14d 23 534804
14d 24 534810
14d 25 534814
14d 26 534810
14d 27 534814
14d 28 537800
14d 29 534804
14d 2a 537800
14d 2b 534804
14d 2c 534810
14d 2d 534814
14d 2e 534810
14d 2f 534814
14d 30 534840
14d 31 534844
14d 32 534840
14d 33 534844
14d 34 534850
14d 35 534854
14d 36 534850
14d 37 534854
14d 38 534840
14d 39 534844
14d 3a 534840
14d 3b 534844
14d 3c 534850
14d 3d 534854
14d 3e 534850
14d 3f 534854
14d 40 534900
14d 41 534904
14d 42 534900
14d 43 534904
14d 44 534910
14d 45 534914
14d 46 534910
14d 47 534914
14d 48 534900
14d 49 534904
14d 4a 534900
14d 4b 534904
14d 4c 534910
14d 4d 534914
14d 4e 534910
14d 4f 534914
14d 50 534940
14d 51 534944
14d 52 534940
14d 53 534944
14d 54 534950
14d 55 534954
14d 56 534950
14d 57 534954
14d 58 534940
14d 59 534944
14d 5a 534940
14d 5b 534944
14d 5c 534950
14d 5d 534954
14d 5e 534950
14d 5f 534954
14d 60 534900
14d 61 534904
14d 62 534900
14d 63 534904
14d 64 534910
14d 65 534914
14d 66 534910
14d 67 534914
14d 68 534900
14d 69 534904
14d 6a 534900
14d 6b 534904
14d 6c 534910
14d 6d 534914
14d 6e 534910
14d 6f 534914
14d 70 534940
14d 71 534944
14d 72 534940
14d 73 534944
14d 74 534950
14d 75 534954
14d 76 534950
14d 77 534954
14d 78 534940
14d 79 534944
14d 7a 534940
14d 7b 534944
14d 7c 534950
14d 7d 534954
14d 7e 534950
14d 7f 534954
14d 80 537800
14d 81 534804
14d 82 537800
14d 83 534804
14d 84 534810
14d 85 534814
14d 86 534810
14d 87 534814
14d 88 537800
14d 89 534804
14d 8a 537800
14d 8b 534804
14d 8c 534810
14d 8d 534814
14d 8e 534810
14d 8f 534814
14d 90 534840
14d 91 534844
14d 92 534840
14d 93 534844
14d 94 534850
14d 95 534854
14d 96 534850
14d 97 534854
14d 98 534840
14d 99 534844
14d 9a 534840
14d 9b 534844
14d 9c 534850
14d 9d 534854
14d 9e 534850
14d 9f 534854
14d a0 537800
14d a1 534804
14d a2 537800
14d a3 534804
14d a4 534810
14d a5 534814
14d a6 534810
14d a7 534814
14d a8 537800
14d a9 534804
14d aa 537800
14d ab 534804
14d ac 534810
14d ad 534814
14d ae 534810
14d af 534814
14d b0 534840
14d b1 534844
14d b2 534840
14d b3 534844
14d b4 534850
14d b5 534854
14d b6 534850
14d b7 534854
14d b8 534840
14d b9 534844
14d ba 534840
14d bb 534844
14d bc 534850
14d bd 534854
14d be 534850
14d bf 534854
14d c0 534900
14d c1 534904
14d c2 534900
14d c3 534904
14d c4 534910
14d c5 534914
14d c6 534910
14d c7 534914
14d c8 534900
14d c9 534904
14d ca 534900
14d cb 534904
14d cc 534910
14d cd 534914
14d ce 534910
14d cf 534914
14d d0 534940
14d d1 534944
14d d2 534940
14d d3 534944
14d d4 534950
14d d5 534954
14d d6 534950
14d d7 534954
14d d8 534940
14d d9 534944
14d da 534940
14d db 534944
14d dc 534950
14d dd 534954
14d de 534950
14d df 534954
14d e0 534900
14d e1 534904
14d e2 534900
14d e3 534904
14d e4 534910
14d e5 534914
14d e6 534910
14d e7 534914
14d e8 534900
14d e9 534904
14d ea 534900
14d eb 534904
14d ec 534910
14d ed 534914
14d ee 534910
14d ef 534914
14d f0 534940
14d f1 534944
14d f2 534940
14d f3 534944
14d f4 534950
14d f5 534954
14d f6 534950
14d f7 534954
14d f8 534940
14d f9 534944
14d fa 534940
14d fb 534944
14d fc 534950
14d fd 534954
14d fe 534950
14d ff 534954
144 00 513800
144 01 510804
144 02 513800
144 03 510804
144 04 510810
144 05 510814
144 06 510810
144 07 510814
144 08 513800
144 09 510804
144 0a 513800
144 0b 510804
144 0c 510810
144 0d 510814
144 0e 510810
144 0f 510814
144 10 510840
144 11 510844
144 12 510840
144 13 510844
144 14 510850
144 15 510854
144 16 510850
144 17 510854
144 18 510840
144 19 510844
144 1a 510840
144 1b 510844
144 1c 510850
144 1d 510854
144 1e 510850
144 1f 510854
144 20 513800
144 21 510804
144 22 513800
144 23 510804
144 24 510810
144 25 510814
144 26 510810
144 27 510814
144 28 513800
144 29 510804
144 2a 513800
144 2b 510804
144 2c 510810
144 2d 510814
144 2e 510810
144 2f 510814
144 30 510840
144 31 510844
144 32 510840
144 33 510844
144 34 510850
144 35 510854
144 36 510850
144 37 510854
144 38 510840
144 39 510844
144 3a 510840
144 3b 510844
144 3c 510850
144 3d 510854
144 3e 510850
144 3f 510854
144 40 510900
144 41 510904
144 42 510900
144 43 510904
144 44 510910
144 45 510914
144 46 510910
144 47 510914
144 48 510900
144 49 510904
144 4a 510900
144 4b 510904
144 4c 510910
144 4d 510914
144 4e 510910
144 4f 510914
144 50 510940
144 51 510944
144 52 510940
144 53 510944
144 54 510950
144 55 510954
144 56 510950
144 57 510954
144 58 510940
144 59 510944
144 5a 510940
144 5b 510944
144 5c 510950
144 5d 510954
144 5e 510950
144 5f 510954
144 60 510900
144 61 510904
144 62 510900
144 63 510904
144 64 510910
144 65 510914
144 66 510910
144 67 510914
144 68 510900
144 69 510904
144 6a 510900
144 6b 510904
144 6c 510910
144 6d 510914
144 6e 510910
144 6f 510914
144 70 510940
144 71 510944
144 72 510940
144 73 510944
144 74 510950
144 75 510954
144 76 510950
144 77 510954
144 78 510940
144 79 510944
144 7a 510940
144 7b 510944
144 7c 510950
144 7d 510954
144 7e 510950
144 7f 510954
144 80 513800
144 81 510804
144 82 513800
144 83 510804
144 84 510810
144 85 510814
144 86 510810
144 87 510814
144 88 513800
144 89 510804
144 8a 513800
144 8b 510804
144 8c 510810
144 8d 510814
144 8e 510810
144 8f 510814
144 90 510840
144 91 510844
144 92 510840
144 93 510844
144 94 510850
144 95 510854
144 96 510850
144 97 510854
144 98 510840
144 99 510844
144 9a 510840
144 9b 510844
144 9c 510850
144 9d 510854
144 9e 510850
144 9f 510854
144 a0 513800
144 a1 510804
144 a2 513800
144 a3 510804
144 a4 510810
144 a5 510814
144 a6 510810
144 a7 510814
144 a8 513800
144 a9 510804
144 aa 513800
144 ab 510804
144 ac 510810
144 ad 510814
144 ae 510810
144 af 510814
144 b0 510840
144 b1 510844
144 b2 510840
144 b3 510844
144 b4 510850
144 b5 510854
144 b6 510850
144 b7 510854
144 b8 510840
144 b9 510844
144 ba 510840
144 bb 510844
144 bc 510850
144 bd 510854
144 be 510850
144 bf 510854
144 c0 510900
144 c1 510904
144 c2 510900
144 c3 510904
144 c4 510910
144 c5 510914
144 c6 510910
144 c7 510914
144 c8 510900
144 c9 510904
144 ca 510900
144 cb 510904
144 cc 510910
144 cd 510914
144 ce 510910
144 cf 510914
144 d0 510940
144 d1 510944
144 d2 510940
144 d3 510944
144 d4 510950
144 d5 510954
144 d6 510950
144 d7 510954
144 d8 510940
144 d9 510944
144 da 510940
144 db 510944
144 dc 510950
144 dd 510954
144 de 510950
144 df 510954
144 e0 510900
144 e1 510904
144 e2 510900
144 e3 510904
144 e4 510910
144 e5 510914
144 e6 510910
144 e7 510914
144 e8 510900
144 e9 510904
144 ea 510900
144 eb 510904
144 ec 510910
144 ed 510914
144 ee 510910
144 ef 510914
144 f0 510940
144 f1 510944
144 f2 510940
144 f3 510944
144 f4 510950
144 f5 510954
144 f6 510950
144 f7 510954
144 f8 510940
144 f9 510944
144 fa 510940
144 fb 510944
144 fc 510950
144 fd 510954
144 fe 510950
144 ff 510954
147 00 51f800
147 01 51c804
147 02 51f800
147 03 51c804
147 04 51c810
147 05 51c814
147 06 51c810
147 07 51c814
147 08 51f800
147 09 51c804
147 0a 51f800
147 0b 51c804
147 0c 51c810
147 0d 51c814
147 0e 51c810
147 0f 51c814
147 10 51c840
147 11 51c844
147 12 51c840
147 13 51c844
147 14 51c850
147 15 51c854
147 16 51c850
147 17 51c854
147 18 51c840
147 19 51c844
147 1a 51c840
147 1b 51c844
147 1c 51c850
147 1d 51c854
147 1e 51c850
147 1f 51c854
147 20 51f800
147 21 51c804
147 22 51f800
147 23 51c804
147 24 51c810
147 25 51c814
147 26 51c810
147 27 51c814
147 28 51f800
147 29 51c804
147 2a 51f800
147 2b 51c804
147 2c 51c810
147 2d 51c814
147 2e 51c810
147 2f 51c814
147 30 51c840
147 31 51c844
147 32 51c840
147 33 51c844
147 34 51c850
147 35 51c854
147 36 51c850
147 37 51c854
147 38 51c840
147 39 51c844
147 3a 51c840
147 3b 51c844
147 3c 51c850
147 3d 51c854
147 3e 51c850
147 3f 51c854
147 40 51c900
147 41 51c904
147 42 51c900
147 43 51c904
147 44 51c910
147 45 51c914
147 46 51c910
147 47 51c914
147 48 51c900
147 49 51c904
147 4a 51c900
147 4b 51c904
147 4c 51c910
147 4d 51c914
147 4e 51c910
147 4f 51c914
147 50 51c940
147 51 51c944
147 52 51c940
147 53 51c944
147 54 51c950
147 55 51c954
147 56 51c950
147 57 51c954
147 58 51c940
147 59 51c944
147 5a 51c940
147 5b 51c944
147 5c 51c950
147 5d 51c954
147 5e 51c950
147 5f 51c954
147 60 51c900
147 61 51c904
147 62 51c900
147 63 51c904
147 64 51c910
147 65 51c914
147 66 51c910
147 67 51c914
147 68 51c900
147 69 51c904
147 6a 51c900
147 6b 51c904
147 6c 51c910
147 6d 51c914
147 6e 51c910
147 6f 51c914
147 70 51c940
147 71 51c944
147 72 51c940
147 73 51c944
147 74 51c950
147 75 51c954
147 76 51c950
147 77 51c954
147 78 51c940
147 79 51c944
147 7a 51c940
147 7b 51c944
147 7c 51c950
147 7d 51c954
147 7e 51c950
147 7f 51c954
147 80 51f800
147 81 51c804
147 82 51f800
147 83 51c804
147 84 51c810
147 85 51c814
147 86 51c810
147 87 51c814
147 88 51f800
147 89 51c804
147 8a 51f800
147 8b 51c804
147 8c 51c810
147 8d 51c814
147 8e 51c810
147 8f 51c814
147 90 51c840
147 91 51c844
147 92 51c840
147 93 51c844
147 94 51c850
147 95 51c854
147 96 51c850
147 97 51c854
147 98 51c840
147 99 51c844
147 9a 51c840
147 9b 51c844
147 9c 51c850
147 9d 51c854
147 9e 51c850
147 9f 51c854
147 a0 51f800
147 a1 51c804
147 a2 51f800
147 a3 51c804
147 a4 51c810
147 a5 51c814
147 a6 51c810
147 a7 51c814
147 a8 51f800
147 a9 51c804
147 aa 51f800
147 ab 51c804
147 ac 51c810
147 ad 51c814
147 ae 51c810
147 af 51c814
147 b0 51c840
147 b1 51c844
147 b2 51c840
147 b3 51c844
147 b4 51c850
147 b5 51c854
147 b6 51c850
147 b7 51c854
147 b8 51c840
147 b9 51c844
147 ba 51c840
147 bb 51c844
147 bc 51c850
147 bd 51c854
147 be 51c850
147 bf 51c854
147 c0 51c900
147 c1 51c904
147 c2 51c900
147 c3 51c904
147 c4 51c910
147 c5 51c914
147 c6 51c910
147 c7 51c914
147 c8 51c900
147 c9 51c904
147 ca 51c900
147 cb 51c904
147 cc 51c910
147 cd 51c914
147 ce 51c910
147 cf 51c914
147 d0 51c940
147 d1 51c944
147 d2 51c940
147 d3 51c944
147 d4 51c950
147 d5 51c954
147 d6 51c950
147 d7 51c954
147 d8 51c940
147 d9 51c944
147 da 51c940
147 db 51c944
147 dc 51c950
147 dd 51c954
147 de 51c950
147 df 51c954
147 e0 51c900
147 e1 51c904
147 e2 51c900
147 e3 51c904
147 e4 51c910
147 e5 51c914
147 e6 51c910
147 e7 51c914
147 e8 51c900
147 e9 51c904
147 ea 51c900
147 eb 51c904
147 ec 51c910
147 ed 51c914
147 ee 51c910
147 ef 51c914
147 f0 51c940
147 f1 51c944
147 f2 51c940
147 f3 51c944
147 f4 51c950
147 f5 51c954
147 f6 51c950
147 f7 51c954
147 f8 51c940
147 f9 51c944
147 fa 51c940
147 fb 51c944
147 fc 51c950
147 fd 51c954
147 fe 51c950
147 ff 51c954
145 00 517c00
145 01 514c04
145 02 517c00
145 03 514c04
145 04 514c10
145 05 514c14
145 06 514c10
145 07 514c14
145 08 517c00
145 09 514c04
145 0a 517c00
145 0b 514c04
145 0c 514c10
145 0d 514c14
145 0e 514c10
145 0f 514c14
145 10 514c40
145 11 514c44
145 12 514c40
145 13 514c44
145 14 514c50
145 15 514c54
145 16 514c50
145 17 514c54
145 18 514c40
145 19 514c44
145 1a 514c40
145 1b 514c44
145 1c 514c50
145 1d 514c54
145 1e 514c50
145 1f 514c54
145 20 517c00
145 21 514c04
145 22 517c00
145 23 514c04
145 24 514c10
145 25 514c14
145 26 514c10
145 27 514c14
145 28 517c00
145 29 514c04
145 2a 517c00
145 2b 514c04
145 2c 514c10
145 2d 514c14
145 2e 514c10
145 2f 514c14
145 30 514c40
145 31 514c44
145 32 514c40
145 33 514c44
145 34 514c50
145 35 514c54
145 36 514c50
145 37 514c54
145 38 514c40
145 39 514c44
145 3a 514c40
145 3b 514c44
145 3c 514c50
145 3d 514c54
145 3e 514c50
145 3f 514c54
145 40 514d00
145 41 514d04
145 42 514d00
145 43 514d04
145 44 514d10
145 45 514d14
145 46 514d10
145 47 514d14
145 48 514d00
145 49 514d04
145 4a 514d00
145 4b 514d04
145 4c 514d10
145 4d 514d14
145 4e 514d10
145 4f 514d14
145 50 514d40
145 51 514d44
145 52 514d40
145 53 514d44
145 54 514d50
145 55 514d54
145 56 514d50
145 57 514d54
145 58 514d40
145 59 514d44
145 5a 514d40
145 5b 514d44
145 5c 514d50
145 5d 514d54
145 5e 514d50
145 5f 514d54
145 60 514d00
145 61 514d04
145 62 514d00
145 63 514d04
145 64 514d10
145 65 514d14
145 66 514d10
145 67 514d14
145 68 514d00
145 69 514d04
145 6a 514d00
145 6b 514d04
145 6c 514d10
145 6d 514d14
145 6e 514d10
145 6f 514d14
145 70 514d40
145 71 514d44
145 72 514d40
145 73 514d44
145 74 514d50
145 75 514d54
145 76 514d50
145 77 514d54
145 78 514d40
145 79 514d44
145 7a 514d40
145 7b 514d44
145 7c 514d50
145 7d 514d54
145 7e 514d50
145 7f 514d54
145 80 517c00
145 81 514c04
145 82 517c00
145 83 514c04
145 84 514c10
145 85 514c14
145 86 514c10
145 87 514c14
145 88 517c00
145 89 514c04
145 8a 517c00
145 8b 514c04
145 8c 514c10
145 8d 514c14
145 8e 514c10
145 8f 514c14
145 90 514c40
145 91 514c44
145 92 514c40
145 93 514c44
145 94 514c50
145 95 514c54
145 96 514c50
145 97 514c54
145 98 514c40
145 99 514c44
145 9a 514c40
145 9b 514c44
145 9c 514c50
145 9d 514c54
145 9e 514c50
145 9f 514c54
145 a0 517c00
145 a1 514c04
145 a2 517c00
145 a3 514c04
145 a4 514c10
145 a5 514c14
145 a6 514c10
145 a7 514c14
145 a8 517c00
145 a9 514c04
145 aa 517c00
145 ab 514c04
145 ac 514c10
145 ad 514c14
145 ae 514c10
145 af 514c14
145 b0 514c40
145 b1 514c44
145 b2 514c40
145 b3 514c44
145 b4 514c50
145 b5 514c54
145 b6 514c50
145 b7 514c54
145 b8 514c40
145 b9 514c44
145 ba 514c40
145 bb 514c44
145 bc 514c50
145 bd 514c54
145 be 514c50
145 bf 514c54
145 c0 514d00
145 c1 514d04
145 c2 514d00
145 c3 514d04
145 c4 514d10
145 c5 514d14
145 c6 514d10
145 c7 514d14
145 c8 514d00
145 c9 514d04
145 ca 514d00
145 cb 514d04
145 cc 514d10
145 cd 514d14
145 ce 514d10
145 cf 514d14
145 d0 514d40
145 d1 514d44
145 d2 514d40
145 d3 514d44
145 d4 514d50
145 d5 514d54
145 d6 514d50
145 d7 514d54
145 d8 514d40
145 d9 514d44
145 da 514d40
145 db 514d44
145 dc 514d50
145 dd 514d54
145 de 514d50
145 df 514d54
145 e0 514d00
145 e1 514d04
145 e2 514d00
145 e3 514d04
145 e4 514d10
145 e5 514d14
145 e6 514d10
145 e7 514d14
145 e8 514d00
145 e9 514d04
145 ea 514d00
145 eb 514d04
145 ec 514d10
145 ed 514d14
145 ee 514d10
145 ef 514d14
145 f0 514d40
145 f1 514d44
145 f2 514d40
145 f3 514d44
145 f4 514d50
145 f5 514d54
145 f6 514d50
145 f7 514d54
145 f8 514d40
145 f9 514d44
145 fa 514d40
145 fb 514d44
145 fc 514d50
145 fd 514d54
145 fe 514d50
145 ff 514d54
170 00 5c3400
170 01 5c3400
170 02 0c1408
170 03 0c1408
170 04 5c3400
170 05 5c3400
170 06 0c1408
170 07 0c1408
170 08 5c3400
170 09 5c3400
170 0a 0c1408
170 0b 0c1408
170 0c 5c3400
170 0d 5c3400
170 0e 0c1408
170 0f 0c1408
170 10 5c3400
170 11 5c3400
170 12 0c1408
170 13 0c1408
170 14 5c3400
170 15 5c3400
170 16 0c1408
170 17 0c1408
170 18 5c3400
170 19 5c3400
170 1a 0c1408
170 1b 0c1408
170 1c 5c3400
170 1d 5c3400
170 1e 0c1408
170 1f 0c1408
170 20 5c3400
170 21 5c3400
170 22 0c1408
170 23 0c1408
170 24 5c3400
170 25 5c3400
170 26 0c1408
170 27 0c1408
170 28 5c3400
170 29 5c3400
170 2a 0c1408
170 2b 0c1408
170 2c 5c3400
170 2d 5c3400
170 2e 0c1408
170 2f 0c1408
170 30 5c3400
170 31 5c3400
170 32 0c1408
170 33 0c1408
170 34 5c3400
170 35 5c3400
170 36 0c1408
170 37 0c1408
170 38 5c3400
170 39 5c3400
170 3a 0c1408
170 3b 0c1408
170 3c 5c3400
170 3d 5c3400
170 3e 0c1408
170 3f 0c1408
170 40 5c3400
170 41 5c3400
170 42 0c1408
170 43 0c1408
170 44 5c3400
170 45 5c3400
170 46 0c1408
170 47 0c1408
170 48 5c3400
170 49 5c3400
170 4a 0c1408
170 4b 0c1408
170 4c 5c3400
170 4d 5c3400
170 4e 0c1408
170 4f 0c1408
170 50 5c3400
170 51 5c3400
170 52 0c1408
170 53 0c1408
170 54 5c3400
170 55 5c3400
170 56 0c1408
170 57 0c1408
170 58 5c3400
170 59 5c3400
170 5a 0c1408
170 5b 0c1408
170 5c 5c3400
170 5d 5c3400
170 5e 0c1408
170 5f 0c1408
170 60 5c3400
170 61 5c3400
170 62 0c1408
170 63 0c1408
170 64 5c3400
170 65 5c3400
170 66 0c1408
170 67 0c1408
170 68 5c3400
170 69 5c3400
170 6a 0c1408
170 6b 0c1408
170 6c 5c3400
170 6d 5c3400
170 6e 0c1408
170 6f 0c1408
170 70 5c3400
170 71 5c3400
170 72 0c1408
170 73 0c1408
170 74 5c3400
170 75 5c3400
170 76 0c1408
170 77 0c1408
170 78 5c3400
170 79 5c3400
170 7a 0c1408
170 7b 0c1408
170 7c 5c3400
170 7d 5c3400
170 7e 0c1408
170 7f 0c1408
170 80 5c3400
170 81 5c3400
170 82 0c1408
170 83 0c1408
170 84 5c3400
170 85 5c3400
170 86 0c1408
170 87 0c1408
170 88 5c3400
170 89 5c3400
170 8a 0c1408
170 8b 0c1408
170 8c 5c3400
170 8d 5c3400
170 8e 0c1408
170 8f 0c1408
170 90 5c3400
170 91 5c3400
170 92 0c1408
170 93 0c1408
170 94 5c3400
170 95 5c3400
170 96 0c1408
170 97 0c1408
170 98 5c3400
170 99 5c3400
170 9a 0c1408
170 9b 0c1408
170 9c 5c3400
170 9d 5c3400
170 9e 0c1408
170 9f 0c1408
170 a0 5c3400
170 a1 5c3400
170 a2 0c1408
170 a3 0c1408
170 a4 5c3400
170 a5 5c3400
170 a6 0c1408
170 a7 0c1408
170 a8 5c3400
170 a9 5c3400
170 aa 0c1408
170 ab 0c1408
170 ac 5c3400
170 ad 5c3400
170 ae 0c1408
170 af 0c1408
170 b0 5c3400
170 b1 5c3400
170 b2 0c1408
170 b3 0c1408
170 b4 5c3400
170 b5 5c3400
170 b6 0c1408
170 b7 0c1408
170 b8 5c3400
170 b9 5c3400
170 ba 0c1408
170 bb 0c1408
170 bc 5c3400
170 bd 5c3400
170 be 0c1408
170 bf 0c1408
170 c0 5c3400
170 c1 5c3400
170 c2 0c1408
170 c3 0c1408
170 c4 5c3400
170 c5 5c3400
170 c6 0c1408
170 c7 0c1408
170 c8 5c3400
170 c9 5c3400
170 ca 0c1408
170 cb 0c1408
170 cc 5c3400
170 cd 5c3400
170 ce 0c1408
170 cf 0c1408
170 d0 5c3400
170 d1 5c3400
170 d2 0c1408
170 d3 0c1408
170 d4 5c3400
170 d5 5c3400
170 d6 0c1408
170 d7 0c1408
170 d8 5c3400
170 d9 5c3400
170 da 0c1408
170 db 0c1408
170 dc 5c3400
170 dd 5c3400
170 de 0c1408
170 df 0c1408
170 e0 5c3400
170 e1 5c3400
170 e2 0c1408
170 e3 0c1408
170 e4 5c3400
170 e5 5c3400
170 e6 0c1408
170 e7 0c1408
170 e8 5c3400
170 e9 5c3400
170 ea 0c1408
170 eb 0c1408
170 ec 5c3400
170 ed 5c3400
170 ee 0c1408
170 ef 0c1408
170 f0 5c3400
170 f1 5c3400
170 f2 0c1408
170 f3 0c1408
170 f4 5c3400
170 f5 5c3400
170 f6 0c1408
170 f7 0c1408
170 f8 5c3400
170 f9 5c3400
170 fa 0c1408
170 fb 0c1408
170 fc 5c3400
170 fd 5c3400
170 fe 0c1408
170 ff 0c1408
173 00 5cf400
173 01 5cf400
173 02 5cf400
173 03 5cf400
173 04 5cf400
173 05 5cf400
173 06 5cf400
173 07 5cf400
173 08 3cd420
173 09 3cd420
173 0a 3cd420
173 0b 3cd420
173 0c 3cd420
173 0d 3cd420
173 0e 3cd420
173 0f 3cd420
173 10 5cf400
173 11 5cf400
173 12 5cf400
173 13 5cf400
173 14 5cf400
173 15 5cf400
173 16 5cf400
173 17 5cf400
173 18 3cd420
173 19 3cd420
173 1a 3cd420
173 1b 3cd420
173 1c 3cd420
173 1d 3cd420
173 1e 3cd420
173 1f 3cd420
173 20 ccd480
173 21 ccd480
173 22 ccd480
173 23 ccd480
173 24 ccd480
173 25 ccd480
173 26 ccd480
173 27 ccd480
173 28 5cc4a0
173 29 5cc4a0
173 2a 5cc4a0
173 2b 5cc4a0
173 2c 5cc4a0
173 2d 5cc4a0
173 2e 5cc4a0
173 2f 5cc4a0
173 30 ccd480
173 31 ccd480
173 32 ccd480
173 33 ccd480
173 34 ccd480
173 35 ccd480
173 36 ccd480
173 37 ccd480
173 38 5cc4a0
173 39 5cc4a0
173 3a 5cc4a0
173 3b 5cc4a0
173 3c 5cc4a0
173 3d 5cc4a0
173 3e 5cc4a0
173 3f 5cc4a0
173 40 5cf400
173 41 5cf400
173 42 5cf400
173 43 5cf400
173 44 5cf400
173 45 5cf400
173 46 5cf400
173 47 5cf400
173 48 3cd420
173 49 3cd420
173 4a 3cd420
173 4b 3cd420
173 4c 3cd420
173 4d 3cd420
173 4e 3cd420
173 4f 3cd420
173 50 5cf400
173 51 5cf400
173 52 5cf400
173 53 5cf400
173 54 5cf400
173 55 5cf400
173 56 5cf400
173 57 5cf400
173 58 3cd420
173 59 3cd420
173 5a 3cd420
173 5b 3cd420
173 5c 3cd420
173 5d 3cd420
173 5e 3cd420
173 5f 3cd420
173 60 ccd480
173 61 ccd480
173 62 ccd480
173 63 ccd480
173 64 ccd480
173 65 ccd480
173 66 ccd480
173 67 ccd480
173 68 5cc4a0
173 69 5cc4a0
173 6a 5cc4a0
173 6b 5cc4a0
173 6c 5cc4a0
173 6d 5cc4a0
173 6e 5cc4a0
173 6f 5cc4a0
173 70 ccd480
173 71 ccd480
173 72 ccd480
173 73 ccd480
173 74 ccd480
173 75 ccd480
173 76 ccd480
173 77 ccd480
173 78 5cc4a0
173 79 5cc4a0
173 7a 5cc4a0
173 7b 5cc4a0
173 7c 5cc4a0
173 7d 5cc4a0
173 7e 5cc4a0
173 7f 5cc4a0
173 80 fcd600
173 81 fcd600
173 82 fcd600
173 83 fcd600
173 84 fcd600
173 85 fcd600
173 86 fcd600
173 87 fcd600
173 88 7cd620
173 89 7cd620
173 8a 7cd620
173 8b 7cd620
173 8c 7cd620
173 8d 7cd620
173 8e 7cd620
173 8f 7cd620
173 90 fcd600
173 91 fcd600
173 92 fcd600
173 93 fcd600
173 94 fcd600
173 95 fcd600
173 96 fcd600
173 97 fcd600
173 98 7cd620
173 99 7cd620
173 9a 7cd620
173 9b 7cd620
173 9c 7cd620
173 9d 7cd620
173 9e 7cd620
173 9f 7cd620
173 a0 dcd680
173 a1 dcd680
173 a2 dcd680
173 a3 dcd680
173 a4 dcd680
173 a5 dcd680
173 a6 dcd680
173 a7 dcd680
173 a8 5cc6a0
173 a9 5cc6a0
173 aa 5cc6a0
173 ab 5cc6a0
173 ac 5cc6a0
173 ad 5cc6a0
173 ae 5cc6a0
173 af 5cc6a0
173 b0 dcd680
173 b1 dcd680
173 b2 dcd680
173 b3 dcd680
173 b4 dcd680
173 b5 dcd680
173 b6 dcd680
173 b7 dcd680
173 b8 5cc6a0
173 b9 5cc6a0
173 ba 5cc6a0
173 bb 5cc6a0
173 bc 5cc6a0
173 bd 5cc6a0
173 be 5cc6a0
173 bf 5cc6a0
173 c0 fcd600
173 c1 fcd600
173 c2 fcd600
173 c3 fcd600
173 c4 fcd600
173 c5 fcd600
173 c6 fcd600
173 c7 fcd600
173 c8 7cd620
173 c9 7cd620
173 ca 7cd620
173 cb 7cd620
173 cc 7cd620
173 cd 7cd620
173 ce 7cd620
173 cf 7cd620
173 d0 fcd600
173 d1 fcd600
173 d2 fcd600
173 d3 fcd600
173 d4 fcd600
173 d5 fcd600
173 d6 fcd600
173 d7 fcd600
173 d8 7cd620
173 d9 7cd620
173 da 7cd620
173 db 7cd620
173 dc 7cd620
173 dd 7cd620
173 de 7cd620
173 df 7cd620
173 e0 dcd680
173 e1 dcd680
173 e2 dcd680
173 e3 dcd680
173 e4 dcd680
173 e5 dcd680
173 e6 dcd680
173 e7 dcd680
173 e8 5cc6a0
173 e9 5cc6a0
173 ea 5cc6a0
173 eb 5cc6a0
173 ec 5cc6a0
173 ed 5cc6a0
173 ee 5cc6a0
173 ef 5cc6a0
173 f0 dcd680
173 f1 dcd680
173 f2 dcd680
173 f3 dcd680
173 f4 dcd680
173 f5 dcd680
173 f6 dcd680
173 f7 dcd680
173 f8 5cc6a0
173 f9 5cc6a0
173 fa 5cc6a0
173 fb 5cc6a0
173 fc 5cc6a0
173 fd 5cc6a0
173 fe 5cc6a0
173 ff 5cc6a0
171 00 5c7800
171 01 5c7800
171 02 5c4808
171 03 5c4808
171 04 5c7800
171 05 5c7800
171 06 5c4808
171 07 5c4808
171 08 5c4820
171 09 5c4820
171 0a 5c4828
171 0b 5c4828
171 0c 5c4820
171 0d 5c4820
171 0e 5c4828
171 0f 5c4828
171 10 5c7800
171 11 5c7800
171 12 5c4808
171 13 5c4808
171 14 5c7800
171 15 5c7800
171 16 5c4808
171 17 5c4808
171 18 5c4820
171 19 5c4820
171 1a 5c4828
171 1b 5c4828
171 1c 5c4820
171 1d 5c4820
171 1e 5c4828
171 1f 5c4828
171 20 5c4880
171 21 5c4880
171 22 5c4888
171 23 5c4888
171 24 5c4880
171 25 5c4880
171 26 5c4888
171 27 5c4888
171 28 5c48a0
171 29 5c48a0
171 2a 5c48a8
171 2b 5c48a8
171 2c 5c48a0
171 2d 5c48a0
171 2e 5c48a8
171 2f 5c48a8
171 30 5c4880
171 31 5c4880
171 32 5c4888
171 33 5c4888
171 34 5c4880
171 35 5c4880
171 36 5c4888
171 37 5c4888
171 38 5c48a0
171 39 5c48a0
171 3a 5c48a8
171 3b 5c48a8
171 3c 5c48a0
171 3d 5c48a0
171 3e 5c48a8
171 3f 5c48a8
171 40 5c7800
171 41 5c7800
171 42 5c4808
171 43 5c4808
171 44 5c7800
171 45 5c7800
171 46 5c4808
171 47 5c4808
171 48 5c4820
171 49 5c4820
171 4a 5c4828
171 4b 5c4828
171 4c 5c4820
171 4d 5c4820
171 4e 5c4828
171 4f 5c4828
171 50 5c7800
171 51 5c7800
171 52 5c4808
171 53 5c4808
171 54 5c7800
171 55 5c7800
171 56 5c4808
171 57 5c4808
171 58 5c4820
171 59 5c4820
171 5a 5c4828
171 5b 5c4828
171 5c 5c4820
171 5d 5c4820
171 5e 5c4828
171 5f 5c4828
171 60 5c4880
171 61 5c4880
171 62 5c4888
171 63 5c4888
171 64 5c4880
171 65 5c4880
171 66 5c4888
171 67 5c4888
171 68 5c48a0
171 69 5c48a0
171 6a 5c48a8
171 6b 5c48a8
171 6c 5c48a0
171 6d 5c48a0
171 6e 5c48a8
171 6f 5c48a8
171 70 5c4880
171 71 5c4880
171 72 5c4888
171 73 5c4888
171 74 5c4880
171 75 5c4880
171 76 5c4888
171 77 5c4888
171 78 5c48a0
171 79 5c48a0
171 7a 5c48a8
171 7b 5c48a8
171 7c 5c48a0
171 7d 5c48a0
171 7e 5c48a8
171 7f 5c48a8
171 80 5c4a00
171 81 5c4a00
171 82 5c4a08
171 83 5c4a08
171 84 5c4a00
171 85 5c4a00
171 86 5c4a08
171 87 5c4a08
171 88 5c4a20
171 89 5c4a20
171 8a 5c4a28
171 8b 5c4a28
171 8c 5c4a20
171 8d 5c4a20
171 8e 5c4a28
171 8f 5c4a28
171 90 5c4a00
171 91 5c4a00
171 92 5c4a08
171 93 5c4a08
171 94 5c4a00
171 95 5c4a00
171 96 5c4a08
171 97 5c4a08
171 98 5c4a20
171 99 5c4a20
171 9a 5c4a28
171 9b 5c4a28
171 9c 5c4a20
171 9d 5c4a20
171 9e 5c4a28
171 9f 5c4a28
171 a0 5c4a80
171 a1 5c4a80
171 a2 5c4a88
171 a3 5c4a88
171 a4 5c4a80
171 a5 5c4a80
171 a6 5c4a88
171 a7 5c4a88
171 a8 5c4aa0
171 a9 5c4aa0
171 aa 5c4aa8
171 ab 5c4aa8
171 ac 5c4aa0
171 ad 5c4aa0
171 ae 5c4aa8
171 af 5c4aa8
171 b0 5c4a80
171 b1 5c4a80
171 b2 5c4a88
171 b3 5c4a88
171 b4 5c4a80
171 b5 5c4a80
171 b6 5c4a88
171 b7 5c4a88
171 b8 5c4aa0
171 b9 5c4aa0
171 ba 5c4aa8
171 bb 5c4aa8
171 bc 5c4aa0
171 bd 5c4aa0
171 be 5c4aa8
171 bf 5c4aa8
171 c0 5c4a00
171 c1 5c4a00
171 c2 5c4a08
171 c3 5c4a08
171 c4 5c4a00
171 c5 5c4a00
171 c6 5c4a08
171 c7 5c4a08
171 c8 5c4a20
171 c9 5c4a20
171 ca 5c4a28
171 cb 5c4a28
171 cc 5c4a20
171 cd 5c4a20
171 ce 5c4a28
171 cf 5c4a28
171 d0 5c4a00
171 d1 5c4a00
171 d2 5c4a08
171 d3 5c4a08
171 d4 5c4a00
171 d5 5c4a00
171 d6 5c4a08
171 d7 5c4a08
171 d8 5c4a20
171 d9 5c4a20
171 da 5c4a28
171 db 5c4a28
171 dc 5c4a20
171 dd 5c4a20
171 de 5c4a28
171 df 5c4a28
171 e0 5c4a80
171 e1 5c4a80
171 e2 5c4a88
171 e3 5c4a88
171 e4 5c4a80
171 e5 5c4a80
171 e6 5c4a88
171 e7 5c4a88
171 e8 5c4aa0
171 e9 5c4aa0
171 ea 5c4aa8
171 eb 5c4aa8
171 ec 5c4aa0
171 ed 5c4aa0
171 ee 5c4aa8
171 ef 5c4aa8
171 f0 5c4a80
171 f1 5c4a80
171 f2 5c4a88
171 f3 5c4a88
171 f4 5c4a80
171 f5 5c4a80
171 f6 5c4a88
171 f7 5c4a88
171 f8 5c4aa0
171 f9 5c4aa0
171 fa 5c4aa8
171 fb 5c4aa8
171 fc 5c4aa0
171 fd 5c4aa0
171 fe 5c4aa8
171 ff 5c4aa8
17c 00 5f3400
17c 01 5f3400
17c 02 5f3400
17c 03 5f3400
17c 04 5f3400
17c 05 5f3400
17c 06 5f3400
17c 07 5f3400
17c 08 3f1420
17c 09 3f1420
17c 0a 3f1420
17c 0b 3f1420
17c 0c 3f1420
17c 0d 3f1420
17c 0e 3f1420
17c 0f 3f1420
17c 10 5f3400
17c 11 5f3400
17c 12 5f3400
17c 13 5f3400
17c 14 5f3400
17c 15 5f3400
17c 16 5f3400
17c 17 5f3400
17c 18 3f1420
17c 19 3f1420
17c 1a 3f1420
17c 1b 3f1420
17c 1c 3f1420
17c 1d 3f1420
17c 1e 3f1420
17c 1f 3f1420
17c 20 cf1480
17c 21 cf1480
17c 22 cf1480
17c 23 cf1480
17c 24 cf1480
17c 25 cf1480
17c 26 cf1480
17c 27 cf1480
17c 28 5f04a0
17c 29 5f04a0
17c 2a 5f04a0
17c 2b 5f04a0
17c 2c 5f04a0
17c 2d 5f04a0
17c 2e 5f04a0
17c 2f 5f04a0
17c 30 cf1480
17c 31 cf1480
17c 32 cf1480
17c 33 cf1480
17c 34 cf1480
17c 35 cf1480
17c 36 cf1480
17c 37 cf1480
17c 38 5f04a0
17c 39 5f04a0
17c 3a 5f04a0
17c 3b 5f04a0
17c 3c 5f04a0
17c 3d 5f04a0
17c 3e 5f04a0
17c 3f 5f04a0
17c 40 5f3400
17c 41 5f3400
17c 42 5f3400
17c 43 5f3400
17c 44 5f3400
17c 45 5f3400
17c 46 5f3400
17c 47 5f3400
17c 48 3f1420
17c 49 3f1420
17c 4a 3f1420
17c 4b 3f1420
17c 4c 3f1420
17c 4d 3f1420
17c 4e 3f1420
17c 4f 3f1420
17c 50 5f3400
17c 51 5f3400
17c 52 5f3400
17c 53 5f3400
17c 54 5f3400
17c 55 5f3400
17c 56 5f3400
17c 57 5f3400
17c 58 3f1420
17c 59 3f1420
17c 5a 3f1420
17c 5b 3f1420
17c 5c 3f1420
17c 5d 3f1420
17c 5e 3f1420
17c 5f 3f1420
17c 60 cf1480
17c 61 cf1480
17c 62 cf1480
17c 63 cf1480
17c 64 cf1480
17c 65 cf1480
17c 66 cf1480
17c 67 cf1480
17c 68 5f04a0
17c 69 5f04a0
17c 6a 5f04a0
17c 6b 5f04a0
17c 6c 5f04a0
17c 6d 5f04a0
17c 6e 5f04a0
17c 6f 5f04a0
17c 70 cf1480
17c 71 cf1480
17c 72 cf1480
17c 73 cf1480
17c 74 cf1480
17c 75 cf1480
17c 76 cf1480
17c 77 cf1480
17c 78 5f04a0
17c 79 5f04a0
17c 7a 5f04a0
17c 7b 5f04a0
17c 7c 5f04a0
17c 7d 5f04a0
17c 7e 5f04a0
17c 7f 5f04a0
17c 80 ff1600
17c 81 ff1600
17c 82 ff1600
17c 83 ff1600
17c 84 ff1600
17c 85 ff1600
17c 86 ff1600
17c 87 ff1600
17c 88 7f1620
17c 89 7f1620
17c 8a 7f1620
17c 8b 7f1620
17c 8c 7f1620
17c 8d 7f1620
17c 8e 7f1620
17c 8f 7f1620
17c 90 ff1600
17c 91 ff1600
17c 92 ff1600
17c 93 ff1600
17c 94 ff1600
17c 95 ff1600
17c 96 ff1600
17c 97 ff1600
17c 98 7f1620
17c 99 7f1620
17c 9a 7f1620
17c 9b 7f1620
17c 9c 7f1620
17c 9d 7f1620
17c 9e 7f1620
17c 9f 7f1620
17c a0 df1680
17c a1 df1680
17c a2 df1680
17c a3 df1680
17c a4 df1680
17c a5 df1680
17c a6 df1680
17c a7 df1680
17c a8 5f06a0
17c a9 5f06a0
17c aa 5f06a0
17c ab 5f06a0
17c ac 5f06a0
17c ad 5f06a0
17c ae 5f06a0
17c af 5f06a0
17c b0 df1680
17c b1 df1680
17c b2 df1680
17c b3 df1680
17c b4 df1680
17c b5 df1680
17c b6 df1680
17c b7 df1680
17c b8 5f06a0
17c b9 5f06a0
17c ba 5f06a0
17c bb 5f06a0
17c bc 5f06a0
17c bd 5f06a0
17c be 5f06a0
17c bf 5f06a0
17c c0 ff1600
17c c1 ff1600
17c c2 ff1600
17c c3 ff1600
17c c4 ff1600
17c c5 ff1600
17c c6 ff1600
17c c7 ff1600
17c c8 7f1620
17c c9 7f1620
17c ca 7f1620
17c cb 7f1620
17c cc 7f1620
17c cd 7f1620
17c ce 7f1620
17c cf 7f1620
17c d0 ff1600
17c d1 ff1600
17c d2 ff1600
17c d3 ff1600
17c d4 ff1600
17c d5 ff1600
17c d6 ff1600
17c d7 ff1600
17c d8 7f1620
17c d9 7f1620
17c da 7f1620
17c db 7f1620
17c dc 7f1620
17c dd 7f1620
17c de 7f1620
17c df 7f1620
17c e0 df1680
17c e1 df1680
17c e2 df1680
17c e3 df1680
17c e4 df1680
17c e5 df1680
17c e6 df1680
17c e7 df1680
17c e8 5f06a0
17c e9 5f06a0
17c ea 5f06a0
17c eb 5f06a0
17c ec 5f06a0
17c ed 5f06a0
17c ee 5f06a0
17c ef 5f06a0
17c f0 df1680
17c f1 df1680
17c f2 df1680
17c f3 df1680
17c f4 df1680
17c f5 df1680
17c f6 df1680
17c f7 df1680
17c f8 5f06a0
17c f9 5f06a0
17c fa 5f06a0
17c fb 5f06a0
17c fc 5f06a0
17c fd 5f06a0
17c fe 5f06a0
17c ff 5f06a0
17f 00 5ff400
17f 01 5ff400
17f 02 0fd408
17f 03 0fd408
17f 04 5ff400
17f 05 5ff400
17f 06 0fd408
17f 07 0fd408
17f 08 5ff400
17f 09 5ff400
17f 0a 0fd408
17f 0b 0fd408
17f 0c 5ff400
17f 0d 5ff400
17f 0e 0fd408
17f 0f 0fd408
17f 10 5ff400
17f 11 5ff400
17f 12 0fd408
17f 13 0fd408
17f 14 5ff400
17f 15 5ff400
17f 16 0fd408
17f 17 0fd408
17f 18 5ff400
17f 19 5ff400
17f 1a 0fd408
17f 1b 0fd408
17f 1c 5ff400
17f 1d 5ff400
17f 1e 0fd408
17f 1f 0fd408
17f 20 5ff400
17f 21 5ff400
17f 22 0fd408
17f 23 0fd408
17f 24 5ff400
17f 25 5ff400
17f 26 0fd408
17f 27 0fd408
17f 28 5ff400
17f 29 5ff400
17f 2a 0fd408
17f 2b 0fd408
17f 2c 5ff400
17f 2d 5ff400
17f 2e 0fd408
17f 2f 0fd408
17f 30 5ff400
17f 31 5ff400
17f 32 0fd408
17f 33 0fd408
17f 34 5ff400
17f 35 5ff400
17f 36 0fd408
17f 37 0fd408
17f 38 5ff400
17f 39 5ff400
17f 3a 0fd408
17f 3b 0fd408
17f 3c 5ff400
17f 3d 5ff400
17f 3e 0fd408
17f 3f 0fd408
17f 40 5ff400
17f 41 5ff400
17f 42 0fd408
17f 43 0fd408
17f 44 5ff400
17f 45 5ff400
17f 46 0fd408
17f 47 0fd408
17f 48 5ff400
17f 49 5ff400
17f 4a 0fd408
17f 4b 0fd408
17f 4c 5ff400
17f 4d 5ff400
17f 4e 0fd408
17f 4f 0fd408
17f 50 5ff400
17f 51 5ff400
17f 52 0fd408
17f 53 0fd408
17f 54 5ff400
17f 55 5ff400
17f 56 0fd408
17f 57 0fd408
17f 58 5ff400
17f 59 5ff400
17f 5a 0fd408
17f 5b 0fd408
17f 5c 5ff400
17f 5d 5ff400
17f 5e 0fd408
17f 5f 0fd408
17f 60 5ff400
17f 61 5ff400
17f 62 0fd408
17f 63 0fd408
17f 64 5ff400
17f 65 5ff400
17f 66 0fd408
17f 67 0fd408
17f 68 5ff400
17f 69 5ff400
17f 6a 0fd408
17f 6b 0fd408
17f 6c 5ff400
17f 6d 5ff400
17f 6e 0fd408
17f 6f 0fd408
17f 70 5ff400
17f 71 5ff400
17f 72 0fd408
17f 73 0fd408
17f 74 5ff400
17f 75 5ff400
17f 76 0fd408
17f 77 0fd408
17f 78 5ff400
17f 79 5ff400
17f 7a 0fd408
17f 7b 0fd408
17f 7c 5ff400
17f 7d 5ff400
17f 7e 0fd408
17f 7f 0fd408
17f 80 5ff400
17f 81 5ff400
17f 82 0fd408
17f 83 0fd408
17f 84 5ff400
17f 85 5ff400
17f 86 0fd408
17f 87 0fd408
17f 88 5ff400
17f 89 5ff400
17f 8a 0fd408
17f 8b 0fd408
17f 8c 5ff400
17f 8d 5ff400
17f 8e 0fd408
17f 8f 0fd408
17f 90 5ff400
17f 91 5ff400
17f 92 0fd408
17f 93 0fd408
17f 94 5ff400
17f 95 5ff400
17f 96 0fd408
17f 97 0fd408
17f 98 5ff400
17f 99 5ff400
17f 9a 0fd408
17f 9b 0fd408
17f 9c 5ff400
17f 9d 5ff400
17f 9e 0fd408
17f 9f 0fd408
17f a0 5ff400
17f a1 5ff400
17f a2 0fd408
17f a3 0fd408
17f a4 5ff400
17f a5 5ff400
17f a6 0fd408
17f a7 0fd408
17f a8 5ff400
17f a9 5ff400
17f aa 0fd408
17f ab 0fd408
17f ac 5ff400
17f ad 5ff400
17f ae 0fd408
17f af 0fd408
17f b0 5ff400
17f b1 5ff400
17f b2 0fd408
17f b3 0fd408
17f b4 5ff400
17f b5 5ff400
17f b6 0fd408
17f b7 0fd408
17f b8 5ff400
17f b9 5ff400
17f ba 0fd408
17f bb 0fd408
17f bc 5ff400
17f bd 5ff400
17f be 0fd408
17f bf 0fd408
17f c0 5ff400
17f c1 5ff400
17f c2 0fd408
17f c3 0fd408
17f c4 5ff400
17f c5 5ff400
17f c6 0fd408
17f c7 0fd408
17f c8 5ff400
17f c9 5ff400
17f ca 0fd408
17f cb 0fd408
17f cc 5ff400
17f cd 5ff400
17f ce 0fd408
17f cf 0fd408
17f d0 5ff400
17f d1 5ff400
17f d2 0fd408
17f d3 0fd408
17f d4 5ff400
17f d5 5ff400
17f d6 0fd408
17f d7 0fd408
17f d8 5ff400
17f d9 5ff400
17f da 0fd408
17f db 0fd408
17f dc 5ff400
17f dd 5ff400
17f de 0fd408
17f df 0fd408
17f e0 5ff400
17f e1 5ff400
17f e2 0fd408
17f e3 0fd408
17f e4 5ff400
17f e5 5ff400
17f e6 0fd408
17f e7 0fd408
17f e8 5ff400
17f e9 5ff400
17f ea 0fd408
17f eb 0fd408
17f ec 5ff400
17f ed 5ff400
17f ee 0fd408
17f ef 0fd408
17f f0 5ff400
17f f1 5ff400
17f f2 0fd408
17f f3 0fd408
17f f4 5ff400
17f f5 5ff400
17f f6 0fd408
17f f7 0fd408
17f f8 5ff400
17f f9 5ff400
17f fa 0fd408
17f fb 0fd408
17f fc 5ff400
17f fd 5ff400
17f fe 0fd408
17f ff 0fd408
17d 00 5f7800
17d 01 5f7800
17d 02 5f4808
17d 03 5f4808
17d 04 5f7800
17d 05 5f7800
17d 06 5f4808
17d 07 5f4808
17d 08 5f4820
17d 09 5f4820
17d 0a 5f4828
17d 0b 5f4828
17d 0c 5f4820
17d 0d 5f4820
17d 0e 5f4828
17d 0f 5f4828
17d 10 5f7800
17d 11 5f7800
17d 12 5f4808
17d 13 5f4808
17d 14 5f7800
17d 15 5f7800
17d 16 5f4808
17d 17 5f4808
17d 18 5f4820
17d 19 5f4820
17d 1a 5f4828
17d 1b 5f4828
17d 1c 5f4820
17d 1d 5f4820
17d 1e 5f4828
17d 1f 5f4828
17d 20 5f4880
17d 21 5f4880
17d 22 5f4888
17d 23 5f4888
17d 24 5f4880
17d 25 5f4880
17d 26 5f4888
17d 27 5f4888
17d 28 5f48a0
17d 29 5f48a0
17d 2a 5f48a8
17d 2b 5f48a8
17d 2c 5f48a0
17d 2d 5f48a0
17d 2e 5f48a8
17d 2f 5f48a8
17d 30 5f4880
17d 31 5f4880
17d 32 5f4888
17d 33 5f4888
17d 34 5f4880
17d 35 5f4880
17d 36 5f4888
17d 37 5f4888
17d 38 5f48a0
17d 39 5f48a0
17d 3a 5f48a8
17d 3b 5f48a8
17d 3c 5f48a0
17d 3d 5f48a0
17d 3e 5f48a8
17d 3f 5f48a8
17d 40 5f7800
17d 41 5f7800
17d 42 5f4808
17d 43 5f4808
17d 44 5f7800
17d 45 5f7800
17d 46 5f4808
17d 47 5f4808
17d 48 5f4820
17d 49 5f4820
17d 4a 5f4828
17d 4b 5f4828
17d 4c 5f4820
17d 4d 5f4820
17d 4e 5f4828
17d 4f 5f4828
17d 50 5f7800
17d 51 5f7800
17d 52 5f4808
17d 53 5f4808
17d 54 5f7800
17d 55 5f7800
17d 56 5f4808
17d 57 5f4808
17d 58 5f4820
17d 59 5f4820
17d 5a 5f4828
17d 5b 5f4828
17d 5c 5f4820
17d 5d 5f4820
17d 5e 5f4828
17d 5f 5f4828
17d 60 5f4880
17d 61 5f4880
17d 62 5f4888
17d 63 5f4888
17d 64 5f4880
17d 65 5f4880
17d 66 5f4888
17d 67 5f4888
17d 68 5f48a0
17d 69 5f48a0
17d 6a 5f48a8
17d 6b 5f48a8
17d 6c 5f48a0
17d 6d 5f48a0
17d 6e 5f48a8
17d 6f 5f48a8
17d 70 5f4880
17d 71 5f4880
17d 72 5f4888
17d 73 5f4888
17d 74 5f4880
17d 75 5f4880
17d 76 5f4888
17d 77 5f4888
17d 78 5f48a0
17d 79 5f48a0
17d 7a 5f48a8
17d 7b 5f48a8
17d 7c 5f48a0
17d 7d 5f48a0
17d 7e 5f48a8
17d 7f 5f48a8
17d 80 5f4a00
17d 81 5f4a00
17d 82 5f4a08
17d 83 5f4a08
17d 84 5f4a00
17d 85 5f4a00
17d 86 5f4a08
17d 87 5f4a08
17d 88 5f4a20
17d 89 5f4a20
17d 8a 5f4a28
17d 8b 5f4a28
17d 8c 5f4a20
17d 8d 5f4a20
17d 8e 5f4a28
17d 8f 5f4a28
17d 90 5f4a00
17d 91 5f4a00
17d 92 5f4a08
17d 93 5f4a08
17d 94 5f4a00
17d 95 5f4a00
17d 96 5f4a08
17d 97 5f4a08
17d 98 5f4a20
17d 99 5f4a20
17d 9a 5f4a28
17d 9b 5f4a28
17d 9c 5f4a20
17d 9d 5f4a20
17d 9e 5f4a28
17d 9f 5f4a28
17d a0 5f4a80
17d a1 5f4a80
17d a2 5f4a88
17d a3 5f4a88
17d a4 5f4a80
17d a5 5f4a80
17d a6 5f4a88
17d a7 5f4a88
17d a8 5f4aa0
17d a9 5f4aa0
17d aa 5f4aa8
17d ab 5f4aa8
17d ac 5f4aa0
17d ad 5f4aa0
17d ae 5f4aa8
17d af 5f4aa8
17d b0 5f4a80
17d b1 5f4a80
17d b2 5f4a88
17d b3 5f4a88
17d b4 5f4a80
17d b5 5f4a80
17d b6 5f4a88
17d b7 5f4a88
17d b8 5f4aa0
17d b9 5f4aa0
17d ba 5f4aa8
17d bb 5f4aa8
17d bc 5f4aa0
17d bd 5f4aa0
17d be 5f4aa8
17d bf 5f4aa8
17d c0 5f4a00
17d c1 5f4a00
17d c2 5f4a08
17d c3 5f4a08
17d c4 5f4a00
17d c5 5f4a00
17d c6 5f4a08
17d c7 5f4a08
17d c8 5f4a20
17d c9 5f4a20
17d ca 5f4a28
17d cb 5f4a28
17d cc 5f4a20
17d cd 5f4a20
17d ce 5f4a28
17d cf 5f4a28
17d d0 5f4a00
17d d1 5f4a00
17d d2 5f4a08
17d d3 5f4a08
17d d4 5f4a00
17d d5 5f4a00
17d d6 5f4a08
17d d7 5f4a08
17d d8 5f4a20
17d d9 5f4a20
17d da 5f4a28
17d db 5f4a28
17d dc 5f4a20
17d dd 5f4a20
17d de 5f4a28
17d df 5f4a28
17d e0 5f4a80
17d e1 5f4a80
17d e2 5f4a88
17d e3 5f4a88
17d e4 5f4a80
17d e5 5f4a80
17d e6 5f4a88
17d e7 5f4a88
17d e8 5f4aa0
17d e9 5f4aa0
17d ea 5f4aa8
17d eb 5f4aa8
17d ec 5f4aa0
17d ed 5f4aa0
17d ee 5f4aa8
17d ef 5f4aa8
17d f0 5f4a80
17d f1 5f4a80
17d f2 5f4a88
17d f3 5f4a88
17d f4 5f4a80
17d f5 5f4a80
17d f6 5f4a88
17d f7 5f4a88
17d f8 5f4aa0
17d f9 5f4aa0
17d fa 5f4aa8
17d fb 5f4aa8
17d fc 5f4aa0
17d fd 5f4aa0
17d fe 5f4aa8
17d ff 5f4aa8
174 00 5d3800
174 01 5d3800
174 02 5d0808
174 03 5d0808
174 04 5d3800
174 05 5d3800
174 06 5d0808
174 07 5d0808
174 08 5d0820
174 09 5d0820
174 0a 5d0828
174 0b 5d0828
174 0c 5d0820
174 0d 5d0820
174 0e 5d0828
174 0f 5d0828
174 10 5d3800
174 11 5d3800
174 12 5d0808
174 13 5d0808
174 14 5d3800
174 15 5d3800
174 16 5d0808
174 17 5d0808
174 18 5d0820
174 19 5d0820
174 1a 5d0828
174 1b 5d0828
174 1c 5d0820
174 1d 5d0820
174 1e 5d0828
174 1f 5d0828
174 20 5d0880
174 21 5d0880
174 22 5d0888
174 23 5d0888
174 24 5d0880
174 25 5d0880
174 26 5d0888
174 27 5d0888
174 28 5d08a0
174 29 5d08a0
174 2a 5d08a8
174 2b 5d08a8
174 2c 5d08a0
174 2d 5d08a0
174 2e 5d08a8
174 2f 5d08a8
174 30 5d0880
174 31 5d0880
174 32 5d0888
174 33 5d0888
174 34 5d0880
174 35 5d0880
174 36 5d0888
174 37 5d0888
174 38 5d08a0
174 39 5d08a0
174 3a 5d08a8
174 3b 5d08a8
174 3c 5d08a0
174 3d 5d08a0
174 3e 5d08a8
174 3f 5d08a8
174 40 5d3800
174 41 5d3800
174 42 5d0808
174 43 5d0808
174 44 5d3800
174 45 5d3800
174 46 5d0808
174 47 5d0808
174 48 5d0820
174 49 5d0820
174 4a 5d0828
174 4b 5d0828
174 4c 5d0820
174 4d 5d0820
174 4e 5d0828
174 4f 5d0828
174 50 5d3800
174 51 5d3800
174 52 5d0808
174 53 5d0808
174 54 5d3800
174 55 5d3800
174 56 5d0808
174 57 5d0808
174 58 5d0820
174 59 5d0820
174 5a 5d0828
174 5b 5d0828
174 5c 5d0820
174 5d 5d0820
174 5e 5d0828
174 5f 5d0828
174 60 5d0880
174 61 5d0880
174 62 5d0888
174 63 5d0888
174 64 5d0880
174 65 5d0880
174 66 5d0888
174 67 5d0888
174 68 5d08a0
174 69 5d08a0
174 6a 5d08a8
174 6b 5d08a8
174 6c 5d08a0
174 6d 5d08a0
174 6e 5d08a8
174 6f 5d08a8
174 70 5d0880
174 71 5d0880
174 72 5d0888
174 73 5d0888
174 74 5d0880
174 75 5d0880
174 76 5d0888
174 77 5d0888
174 78 5d08a0
174 79 5d08a0
174 7a 5d08a8
174 7b 5d08a8
174 7c 5d08a0
174 7d 5d08a0
174 7e 5d08a8
174 7f 5d08a8
174 80 5d0a00
174 81 5d0a00
174 82 5d0a08
174 83 5d0a08
174 84 5d0a00
174 85 5d0a00
174 86 5d0a08
174 87 5d0a08
174 88 5d0a20
174 89 5d0a20
174 8a 5d0a28
174 8b 5d0a28
174 8c 5d0a20
174 8d 5d0a20
174 8e 5d0a28
174 8f 5d0a28
174 90 5d0a00
174 91 5d0a00
174 92 5d0a08
174 93 5d0a08
174 94 5d0a00
174 95 5d0a00
174 96 5d0a08
174 97 5d0a08
174 98 5d0a20
174 99 5d0a20
174 9a 5d0a28
174 9b 5d0a28
174 9c 5d0a20
174 9d 5d0a20
174 9e 5d0a28
174 9f 5d0a28
174 a0 5d0a80
174 a1 5d0a80
174 a2 5d0a88
174 a3 5d0a88
174 a4 5d0a80
174 a5 5d0a80
174 a6 5d0a88
174 a7 5d0a88
174 a8 5d0aa0
174 a9 5d0aa0
174 aa 5d0aa8
174 ab 5d0aa8
174 ac 5d0aa0
174 ad 5d0aa0
174 ae 5d0aa8
174 af 5d0aa8
174 b0 5d0a80
174 b1 5d0a80
174 b2 5d0a88
174 b3 5d0a88
174 b4 5d0a80
174 b5 5d0a80
174 b6 5d0a88
174 b7 5d0a88
174 b8 5d0aa0
174 b9 5d0aa0
174 ba 5d0aa8
174 bb 5d0aa8
174 bc 5d0aa0
174 bd 5d0aa0
174 be 5d0aa8
174 bf 5d0aa8
174 c0 5d0a00
174 c1 5d0a00
174 c2 5d0a08
174 c3 5d0a08
174 c4 5d0a00
174 c5 5d0a00
174 c6 5d0a08
174 c7 5d0a08
174 c8 5d0a20
174 c9 5d0a20
174 ca 5d0a28
174 cb 5d0a28
174 cc 5d0a20
174 cd 5d0a20
174 ce 5d0a28
174 cf 5d0a28
174 d0 5d0a00
174 d1 5d0a00
174 d2 5d0a08
174 d3 5d0a08
174 d4 5d0a00
174 d5 5d0a00
174 d6 5d0a08
174 d7 5d0a08
174 d8 5d0a20
174 d9 5d0a20
174 da 5d0a28
174 db 5d0a28
174 dc 5d0a20
174 dd 5d0a20
174 de 5d0a28
174 df 5d0a28
174 e0 5d0a80
174 e1 5d0a80
174 e2 5d0a88
174 e3 5d0a88
174 e4 5d0a80
174 e5 5d0a80
174 e6 5d0a88
174 e7 5d0a88
174 e8 5d0aa0
174 e9 5d0aa0
174 ea 5d0aa8
174 eb 5d0aa8
174 ec 5d0aa0
174 ed 5d0aa0
174 ee 5d0aa8
174 ef 5d0aa8
174 f0 5d0a80
174 f1 5d0a80
174 f2 5d0a88
174 f3 5d0a88
174 f4 5d0a80
174 f5 5d0a80
174 f6 5d0a88
174 f7 5d0a88
174 f8 5d0aa0
174 f9 5d0aa0
174 fa 5d0aa8
174 fb 5d0aa8
174 fc 5d0aa0
174 fd 5d0aa0
174 fe 5d0aa8
174 ff 5d0aa8
177 00 5df800
177 01 5df800
177 02 5dc808
177 03 5dc808
177 04 5df800
177 05 5df800
177 06 5dc808
177 07 5dc808
177 08 5dc820
177 09 5dc820
177 0a 5dc828
177 0b 5dc828
177 0c 5dc820
177 0d 5dc820
177 0e 5dc828
177 0f 5dc828
177 10 5df800
177 11 5df800
177 12 5dc808
177 13 5dc808
177 14 5df800
177 15 5df800
177 16 5dc808
177 17 5dc808
177 18 5dc820
177 19 5dc820
177 1a 5dc828
177 1b 5dc828
177 1c 5dc820
177 1d 5dc820
177 1e 5dc828
177 1f 5dc828
177 20 5dc880
177 21 5dc880
177 22 5dc888
177 23 5dc888
177 24 5dc880
177 25 5dc880
177 26 5dc888
177 27 5dc888
177 28 5dc8a0
177 29 5dc8a0
177 2a 5dc8a8
177 2b 5dc8a8
177 2c 5dc8a0
177 2d 5dc8a0
177 2e 5dc8a8
177 2f 5dc8a8
177 30 5dc880
177 31 5dc880
177 32 5dc888
177 33 5dc888
177 34 5dc880
177 35 5dc880
177 36 5dc888
177 37 5dc888
177 38 5dc8a0
177 39 5dc8a0
177 3a 5dc8a8
177 3b 5dc8a8
177 3c 5dc8a0
177 3d 5dc8a0
177 3e 5dc8a8
177 3f 5dc8a8
177 40 5df800
177 41 5df800
177 42 5dc808
177 43 5dc808
177 44 5df800
177 45 5df800
177 46 5dc808
177 47 5dc808
177 48 5dc820
177 49 5dc820
177 4a 5dc828
177 4b 5dc828
177 4c 5dc820
177 4d 5dc820
177 4e 5dc828
177 4f 5dc828
177 50 5df800
177 51 5df800
177 52 5dc808
177 53 5dc808
177 54 5df800
177 55 5df800
177 56 5dc808
177 57 5dc808
177 58 5dc820
177 59 5dc820
177 5a 5dc828
177 5b 5dc828
177 5c 5dc820
177 5d 5dc820
177 5e 5dc828
177 5f 5dc828
177 60 5dc880
177 61 5dc880
177 62 5dc888
177 63 5dc888
177 64 5dc880
177 65 5dc880
177 66 5dc888
177 67 5dc888
177 68 5dc8a0
177 69 5dc8a0
177 6a 5dc8a8
177 6b 5dc8a8
177 6c 5dc8a0
177 6d 5dc8a0
177 6e 5dc8a8
177 6f 5dc8a8
177 70 5dc880
177 71 5dc880
177 72 5dc888
177 73 5dc888
177 74 5dc880
177 75 5dc880
177 76 5dc888
177 77 5dc888
177 78 5dc8a0
177 79 5dc8a0
177 7a 5dc8a8
177 7b 5dc8a8
177 7c 5dc8a0
177 7d 5dc8a0
177 7e 5dc8a8
177 7f 5dc8a8
177 80 5dca00
177 81 5dca00
177 82 5dca08
177 83 5dca08
177 84 5dca00
177 85 5dca00
177 86 5dca08
177 87 5dca08
177 88 5dca20
177 89 5dca20
177 8a 5dca28
177 8b 5dca28
177 8c 5dca20
177 8d 5dca20
177 8e 5dca28
177 8f 5dca28
177 90 5dca00
177 91 5dca00
177 92 5dca08
177 93 5dca08
177 94 5dca00
177 95 5dca00
177 96 5dca08
177 97 5dca08
177 98 5dca20
177 99 5dca20
177 9a 5dca28
177 9b 5dca28
177 9c 5dca20
177 9d 5dca20
177 9e 5dca28
177 9f 5dca28
177 a0 5dca80
177 a1 5dca80
177 a2 5dca88
177 a3 5dca88
177 a4 5dca80
177 a5 5dca80
177 a6 5dca88
177 a7 5dca88
177 a8 5dcaa0
177 a9 5dcaa0
177 aa 5dcaa8
177 ab 5dcaa8
177 ac 5dcaa0
177 ad 5dcaa0
177 ae 5dcaa8
177 af 5dcaa8
177 b0 5dca80
177 b1 5dca80
177 b2 5dca88
177 b3 5dca88
177 b4 5dca80
177 b5 5dca80
177 b6 5dca88
177 b7 5dca88
177 b8 5dcaa0
177 b9 5dcaa0
177 ba 5dcaa8
177 bb 5dcaa8
177 bc 5dcaa0
177 bd 5dcaa0
177 be 5dcaa8
177 bf 5dcaa8
177 c0 5dca00
177 c1 5dca00
177 c2 5dca08
177 c3 5dca08
177 c4 5dca00
177 c5 5dca00
177 c6 5dca08
177 c7 5dca08
177 c8 5dca20
177 c9 5dca20
177 ca 5dca28
177 cb 5dca28
177 cc 5dca20
177 cd 5dca20
177 ce 5dca28
177 cf 5dca28
177 d0 5dca00
177 d1 5dca00
177 d2 5dca08
177 d3 5dca08
177 d4 5dca00
177 d5 5dca00
177 d6 5dca08
177 d7 5dca08
177 d8 5dca20
177 d9 5dca20
177 da 5dca28
177 db 5dca28
177 dc 5dca20
177 dd 5dca20
177 de 5dca28
177 df 5dca28
177 e0 5dca80
177 e1 5dca80
177 e2 5dca88
177 e3 5dca88
177 e4 5dca80
177 e5 5dca80
177 e6 5dca88
177 e7 5dca88
177 e8 5dcaa0
177 e9 5dcaa0
177 ea 5dcaa8
177 eb 5dcaa8
177 ec 5dcaa0
177 ed 5dcaa0
177 ee 5dcaa8
177 ef 5dcaa8
177 f0 5dca80
177 f1 5dca80
177 f2 5dca88
177 f3 5dca88
177 f4 5dca80
177 f5 5dca80
177 f6 5dca88
177 f7 5dca88
177 f8 5dcaa0
177 f9 5dcaa0
177 fa 5dcaa8
177 fb 5dcaa8
177 fc 5dcaa0
177 fd 5dcaa0
177 fe 5dcaa8
177 ff 5dcaa8
175 00 5d7c00
175 01 5d7c00
175 02 5d4c08
175 03 5d4c08
175 04 5d7c00
175 05 5d7c00
175 06 5d4c08
175 07 5d4c08
175 08 5d4c20
175 09 5d4c20
175 0a 5d4c28
175 0b 5d4c28
175 0c 5d4c20
175 0d 5d4c20
175 0e 5d4c28
175 0f 5d4c28
175 10 5d7c00
175 11 5d7c00
175 12 5d4c08
175 13 5d4c08
175 14 5d7c00
175 15 5d7c00
175 16 5d4c08
175 17 5d4c08
175 18 5d4c20
175 19 5d4c20
175 1a 5d4c28
175 1b 5d4c28
175 1c 5d4c20
175 1d 5d4c20
175 1e 5d4c28
175 1f 5d4c28
175 20 5d4c80
175 21 5d4c80
175 22 5d4c88
175 23 5d4c88
175 24 5d4c80
175 25 5d4c80
175 26 5d4c88
175 27 5d4c88
175 28 5d4ca0
175 29 5d4ca0
175 2a 5d4ca8
175 2b 5d4ca8
175 2c 5d4ca0
175 2d 5d4ca0
175 2e 5d4ca8
175 2f 5d4ca8
175 30 5d4c80
175 31 5d4c80
175 32 5d4c88
175 33 5d4c88
175 34 5d4c80
175 35 5d4c80
175 36 5d4c88
175 37 5d4c88
175 38 5d4ca0
175 39 5d4ca0
175 3a 5d4ca8
175 3b 5d4ca8
175 3c 5d4ca0
175 3d 5d4ca0
175 3e 5d4ca8
175 3f 5d4ca8
175 40 5d7c00
175 41 5d7c00
175 42 5d4c08
175 43 5d4c08
175 44 5d7c00
175 45 5d7c00
175 46 5d4c08
175 47 5d4c08
175 48 5d4c20
175 49 5d4c20
175 4a 5d4c28
175 4b 5d4c28
175 4c 5d4c20
175 4d 5d4c20
175 4e 5d4c28
175 4f 5d4c28
175 50 5d7c00
175 51 5d7c00
175 52 5d4c08
175 53 5d4c08
175 54 5d7c00
175 55 5d7c00
175 56 5d4c08
175 57 5d4c08
175 58 5d4c20
175 59 5d4c20
175 5a 5d4c28
175 5b 5d4c28
175 5c 5d4c20
175 5d 5d4c20
175 5e 5d4c28
175 5f 5d4c28
175 60 5d4c80
175 61 5d4c80
175 62 5d4c88
175 63 5d4c88
175 64 5d4c80
175 65 5d4c80
175 66 5d4c88
175 67 5d4c88
175 68 5d4ca0
175 69 5d4ca0
175 6a 5d4ca8
175 6b 5d4ca8
175 6c 5d4ca0
175 6d 5d4ca0
175 6e 5d4ca8
175 6f 5d4ca8
175 70 5d4c80
175 71 5d4c80
175 72 5d4c88
175 73 5d4c88
175 74 5d4c80
175 75 5d4c80
175 76 5d4c88
175 77 5d4c88
175 78 5d4ca0
175 79 5d4ca0
175 7a 5d4ca8
175 7b 5d4ca8
175 7c 5d4ca0
175 7d 5d4ca0
175 7e 5d4ca8
175 7f 5d4ca8
175 80 5d4e00
175 81 5d4e00
175 82 5d4e08
175 83 5d4e08
175 84 5d4e00
175 85 5d4e00
175 86 5d4e08
175 87 5d4e08
175 88 5d4e20
175 89 5d4e20
175 8a 5d4e28
175 8b 5d4e28
175 8c 5d4e20
175 8d 5d4e20
175 8e 5d4e28
175 8f 5d4e28
175 90 5d4e00
175 91 5d4e00
175 92 5d4e08
175 93 5d4e08
175 94 5d4e00
175 95 5d4e00
175 96 5d4e08
175 97 5d4e08
175 98 5d4e20
175 99 5d4e20
175 9a 5d4e28
175 9b 5d4e28
175 9c 5d4e20
175 9d 5d4e20
175 9e 5d4e28
175 9f 5d4e28
175 a0 5d4e80
175 a1 5d4e80
175 a2 5d4e88
175 a3 5d4e88
175 a4 5d4e80
175 a5 5d4e80
175 a6 5d4e88
175 a7 5d4e88
175 a8 5d4ea0
175 a9 5d4ea0
175 aa 5d4ea8
175 ab 5d4ea8
175 ac 5d4ea0
175 ad 5d4ea0
175 ae 5d4ea8
175 af 5d4ea8
175 b0 5d4e80
175 b1 5d4e80
175 b2 5d4e88
175 b3 5d4e88
175 b4 5d4e80
175 b5 5d4e80
175 b6 5d4e88
175 b7 5d4e88
175 b8 5d4ea0
175 b9 5d4ea0
175 ba 5d4ea8
175 bb 5d4ea8
175 bc 5d4ea0
175 bd 5d4ea0
175 be 5d4ea8
175 bf 5d4ea8
175 c0 5d4e00
175 c1 5d4e00
175 c2 5d4e08
175 c3 5d4e08
175 c4 5d4e00
175 c5 5d4e00
175 c6 5d4e08
175 c7 5d4e08
175 c8 5d4e20
175 c9 5d4e20
175 ca 5d4e28
175 cb 5d4e28
175 cc 5d4e20
175 cd 5d4e20
175 ce 5d4e28
175 cf 5d4e28
175 d0 5d4e00
175 d1 5d4e00
175 d2 5d4e08
175 d3 5d4e08
175 d4 5d4e00
175 d5 5d4e00
175 d6 5d4e08
175 d7 5d4e08
175 d8 5d4e20
175 d9 5d4e20
175 da 5d4e28
175 db 5d4e28
175 dc 5d4e20
175 dd 5d4e20
175 de 5d4e28
175 df 5d4e28
175 e0 5d4e80
175 e1 5d4e80
175 e2 5d4e88
175 e3 5d4e88
175 e4 5d4e80
175 e5 5d4e80
175 e6 5d4e88
175 e7 5d4e88
175 e8 5d4ea0
175 e9 5d4ea0
175 ea 5d4ea8
175 eb 5d4ea8
175 ec 5d4ea0
175 ed 5d4ea0
175 ee 5d4ea8
175 ef 5d4ea8
175 f0 5d4e80
175 f1 5d4e80
175 f2 5d4e88
175 f3 5d4e88
175 f4 5d4e80
175 f5 5d4e80
175 f6 5d4e88
175 f7 5d4e88
175 f8 5d4ea0
175 f9 5d4ea0
175 fa 5d4ea8
175 fb 5d4ea8
175 fc 5d4ea0
175 fd 5d4ea0
175 fe 5d4ea8
175 ff 5d4ea8
150 00 543400
150 01 001404
150 02 0c1408
150 03 04140c
150 04 301410
150 05 101414
150 06 141418
150 07 14141c
150 08 543400
150 09 001404
150 0a 0c1408
150 0b 04140c
150 0c 301410
150 0d 101414
150 0e 141418
150 0f 14141c
150 10 c01440
150 11 401444
150 12 441448
150 13 44144c
150 14 501450
150 15 501454
150 16 540458
150 17 54045c
150 18 c01440
150 19 401444
150 1a 441448
150 1b 44144c
150 1c 501450
150 1d 501454
150 1e 540458
150 1f 54045c
150 20 543400
150 21 001404
150 22 0c1408
150 23 04140c
150 24 301410
150 25 101414
150 26 141418
150 27 14141c
150 28 543400
150 29 001404
150 2a 0c1408
150 2b 04140c
150 2c 301410
150 2d 101414
150 2e 141418
150 2f 14141c
150 30 c01440
150 31 401444
150 32 441448
150 33 44144c
150 34 501450
150 35 501454
150 36 540458
150 37 54045c
150 38 c01440
150 39 401444
150 3a 441448
150 3b 44144c
150 3c 501450
150 3d 501454
150 3e 540458
150 3f 54045c
150 40 543400
150 41 001404
150 42 0c1408
150 43 04140c
150 44 301410
150 45 101414
150 46 141418
150 47 14141c
150 48 543400
150 49 001404
150 4a 0c1408
150 4b 04140c
150 4c 301410
150 4d 101414
150 4e 141418
150 4f 14141c
150 50 c01440
150 51 401444
150 52 441448
150 53 44144c
150 54 501450
150 55 501454
150 56 540458
150 57 54045c
150 58 c01440
150 59 401444
150 5a 441448
150 5b 44144c
150 5c 501450
150 5d 501454
150 5e 540458
150 5f 54045c
150 60 543400
150 61 001404
150 62 0c1408
150 63 04140c
150 64 301410
150 65 101414
150 66 141418
150 67 14141c
150 68 543400
150 69 001404
150 6a 0c1408
150 6b 04140c
150 6c 301410
150 6d 101414
150 6e 141418
150 6f 14141c
150 70 c01440
150 71 401444
150 72 441448
150 73 44144c
150 74 501450
150 75 501454
150 76 540458
150 77 54045c
150 78 c01440
150 79 401444
150 7a 441448
150 7b 44144c
150 7c 501450
150 7d 501454
150 7e 540458
150 7f 54045c
150 80 543400
150 81 001404
150 82 0c1408
150 83 04140c
150 84 301410
150 85 101414
150 86 141418
150 87 14141c
150 88 543400
150 89 001404
150 8a 0c1408
150 8b 04140c
150 8c 301410
150 8d 101414
150 8e 141418
150 8f 14141c
150 90 c01440
150 91 401444
150 92 441448
150 93 44144c
150 94 501450
150 95 501454
150 96 540458
150 97 54045c
150 98 c01440
150 99 401444
150 9a 441448
150 9b 44144c
150 9c 501450
150 9d 501454
150 9e 540458
150 9f 54045c
150 a0 543400
150 a1 001404
150 a2 0c1408
150 a3 04140c
150 a4 301410
150 a5 101414
150 a6 141418
150 a7 14141c
150 a8 543400
150 a9 001404
150 aa 0c1408
150 ab 04140c
150 ac 301410
150 ad 101414
150 ae 141418
150 af 14141c
150 b0 c01440
150 b1 401444
150 b2 441448
150 b3 44144c
150 b4 501450
150 b5 501454
150 b6 540458
150 b7 54045c
150 b8 c01440
150 b9 401444
150 ba 441448
150 bb 44144c
150 bc 501450
150 bd 501454
150 be 540458
150 bf 54045c
150 c0 543400
150 c1 001404
150 c2 0c1408
150 c3 04140c
150 c4 301410
150 c5 101414
150 c6 141418
150 c7 14141c
150 c8 543400
150 c9 001404
150 ca 0c1408
150 cb 04140c
150 cc 301410
150 cd 101414
150 ce 141418
150 cf 14141c
150 d0 c01440
150 d1 401444
150 d2 441448
150 d3 44144c
150 d4 501450
150 d5 501454
150 d6 540458
150 d7 54045c
150 d8 c01440
150 d9 401444
150 da 441448
150 db 44144c
150 dc 501450
150 dd 501454
150 de 540458
150 df 54045c
150 e0 543400
150 e1 001404
150 e2 0c1408
150 e3 04140c
150 e4 301410
150 e5 101414
150 e6 141418
150 e7 14141c
150 e8 543400
150 e9 001404
150 ea 0c1408
150 eb 04140c
150 ec 301410
150 ed 101414
150 ee 141418
150 ef 14141c
150 f0 c01440
150 f1 401444
150 f2 441448
150 f3 44144c
150 f4 501450
150 f5 501454
150 f6 540458
150 f7 54045c
150 f8 c01440
150 f9 401444
150 fa 441448
150 fb 44144c
150 fc 501450
150 fd 501454
150 fe 540458
150 ff 54045c
153 00 54f400
153 01 54f400
153 02 54f400
153 03 54f400
153 04 54f400
153 05 54f400
153 06 54f400
153 07 54f400
153 08 3cd420
153 09 3cd420
153 0a 3cd420
153 0b 3cd420
153 0c 3cd420
153 0d 3cd420
153 0e 3cd420
153 0f 3cd420
153 10 54f400
153 11 54f400
153 12 54f400
153 13 54f400
153 14 54f400
153 15 54f400
153 16 54f400
153 17 54f400
153 18 3cd420
153 19 3cd420
153 1a 3cd420
153 1b 3cd420
153 1c 3cd420
153 1d 3cd420
153 1e 3cd420
153 1f 3cd420
153 20 ccd480
153 21 ccd480
153 22 ccd480
153 23 ccd480
153 24 ccd480
153 25 ccd480
153 26 ccd480
153 27 ccd480
153 28 5cd4a0
153 29 5cd4a0
153 2a 5cd4a0
153 2b 5cd4a0
153 2c 5cd4a0
153 2d 5cd4a0
153 2e 5cd4a0
153 2f 5cd4a0
153 30 ccd480
153 31 ccd480
153 32 ccd480
153 33 ccd480
153 34 ccd480
153 35 ccd480
153 36 ccd480
153 37 ccd480
153 38 5cd4a0
153 39 5cd4a0
153 3a 5cd4a0
153 3b 5cd4a0
153 3c 5cd4a0
153 3d 5cd4a0
153 3e 5cd4a0
153 3f 5cd4a0
153 40 f0d500
153 41 f0d500
153 42 f0d500
153 43 f0d500
153 44 f0d500
153 45 f0d500
153 46 f0d500
153 47 f0d500
153 48 74d520
153 49 74d520
153 4a 74d520
153 4b 74d520
153 4c 74d520
153 4d 74d520
153 4e 74d520
153 4f 74d520
153 50 f0d500
153 51 f0d500
153 52 f0d500
153 53 f0d500
153 54 f0d500
153 55 f0d500
153 56 f0d500
153 57 f0d500
153 58 74d520
153 59 74d520
153 5a 74d520
153 5b 74d520
153 5c 74d520
153 5d 74d520
153 5e 74d520
153 5f 74d520
153 60 d4d580
153 61 d4d580
153 62 d4d580
153 63 d4d580
153 64 d4d580
153 65 d4d580
153 66 d4d580
153 67 d4d580
153 68 54c5a0
153 69 54c5a0
153 6a 54c5a0
153 6b 54c5a0
153 6c 54c5a0
153 6d 54c5a0
153 6e 54c5a0
153 6f 54c5a0
153 70 d4d580
153 71 d4d580
153 72 d4d580
153 73 d4d580
153 74 d4d580
153 75 d4d580
153 76 d4d580
153 77 d4d580
153 78 54c5a0
153 79 54c5a0
153 7a 54c5a0
153 7b 54c5a0
153 7c 54c5a0
153 7d 54c5a0
153 7e 54c5a0
153 7f 54c5a0
153 80 fcd600
153 81 fcd600
153 82 fcd600
153 83 fcd600
153 84 fcd600
153 85 fcd600
153 86 fcd600
153 87 fcd600
153 88 7cd620
153 89 7cd620
153 8a 7cd620
153 8b 7cd620
153 8c 7cd620
153 8d 7cd620
153 8e 7cd620
153 8f 7cd620
153 90 fcd600
153 91 fcd600
153 92 fcd600
153 93 fcd600
153 94 fcd600
153 95 fcd600
153 96 fcd600
153 97 fcd600
153 98 7cd620
153 99 7cd620
153 9a 7cd620
153 9b 7cd620
153 9c 7cd620
153 9d 7cd620
153 9e 7cd620
153 9f 7cd620
153 a0 dcd680
153 a1 dcd680
153 a2 dcd680
153 a3 dcd680
153 a4 dcd680
153 a5 dcd680
153 a6 dcd680
153 a7 dcd680
153 a8 5cd6a0
153 a9 5cd6a0
153 aa 5cd6a0
153 ab 5cd6a0
153 ac 5cd6a0
153 ad 5cd6a0
153 ae 5cd6a0
153 af 5cd6a0
153 b0 dcd680
153 b1 dcd680
153 b2 dcd680
153 b3 dcd680
153 b4 dcd680
153 b5 dcd680
153 b6 dcd680
153 b7 dcd680
153 b8 5cd6a0
153 b9 5cd6a0
153 ba 5cd6a0
153 bb 5cd6a0
153 bc 5cd6a0
153 bd 5cd6a0
153 be 5cd6a0
153 bf 5cd6a0
153 c0 f4d700
153 c1 f4d700
153 c2 f4d700
153 c3 f4d700
153 c4 f4d700
153 c5 f4d700
153 c6 f4d700
153 c7 f4d700
153 c8 74d720
153 c9 74d720
153 ca 74d720
153 cb 74d720
153 cc 74d720
153 cd 74d720
153 ce 74d720
153 cf 74d720
153 d0 f4d700
153 d1 f4d700
153 d2 f4d700
153 d3 f4d700
153 d4 f4d700
153 d5 f4d700
153 d6 f4d700
153 d7 f4d700
153 d8 74d720
153 d9 74d720
153 da 74d720
153 db 74d720
153 dc 74d720
153 dd 74d720
153 de 74d720
153 df 74d720
153 e0 d4d780
153 e1 d4d780
153 e2 d4d780
153 e3 d4d780
153 e4 d4d780
153 e5 d4d780
153 e6 d4d780
153 e7 d4d780
153 e8 54c7a0
153 e9 54c7a0
153 ea 54c7a0
153 eb 54c7a0
153 ec 54c7a0
153 ed 54c7a0
153 ee 54c7a0
153 ef 54c7a0
153 f0 d4d780
153 f1 d4d780
153 f2 d4d780
153 f3 d4d780
153 f4 d4d780
153 f5 d4d780
153 f6 d4d780
153 f7 d4d780
153 f8 54c7a0
153 f9 54c7a0
153 fa 54c7a0
153 fb 54c7a0
153 fc 54c7a0
153 fd 54c7a0
153 fe 54c7a0
153 ff 54c7a0
151 00 547800
151 01 544804
151 02 544808
151 03 54480c
151 04 544810
151 05 544814
151 06 544818
151 07 54481c
151 08 544820
151 09 544824
151 0a 544828
151 0b 54482c
151 0c 544830
151 0d 544834
151 0e 544838
151 0f 54483c
151 10 544840
151 11 544844
151 12 544848
151 13 54484c
151 14 544850
151 15 544854
151 16 544858
151 17 54485c
151 18 544860
151 19 544864
151 1a 544868
151 1b 54486c
151 1c 544870
151 1d 544874
151 1e 544878
151 1f 54487c
151 20 544880
151 21 544884
151 22 544888
151 23 54488c
151 24 544890
151 25 544894
151 26 544898
151 27 54489c
151 28 5448a0
151 29 5448a4
151 2a 5448a8
151 2b 5448ac
151 2c 5448b0
151 2d 5448b4
151 2e 5448b8
151 2f 5448bc
151 30 5448c0
151 31 5448c4
151 32 5448c8
151 33 5448cc
151 34 5448d0
151 35 5448d4
151 36 5448d8
151 37 5448dc
151 38 5448e0
151 39 5448e4
151 3a 5448e8
151 3b 5448ec
151 3c 5448f0
151 3d 5448f4
151 3e 5448f8
151 3f 5448fc
151 40 544900
151 41 544904
151 42 544908
151 43 54490c
151 44 544910
151 45 544914
151 46 544918
151 47 54491c
151 48 544920
151 49 544924
151 4a 544928
151 4b 54492c
151 4c 544930
151 4d 544934
151 4e 544938
151 4f 54493c
151 50 544940
151 51 544944
151 52 544948
151 53 54494c
151 54 544950
151 55 544954
151 56 544958
151 57 54495c
151 58 544960
151 59 544964
151 5a 544968
151 5b 54496c
151 5c 544970
151 5d 544974
151 5e 544978
151 5f 54497c
151 60 544980
151 61 544984
151 62 544988
151 63 54498c
151 64 544990
151 65 544994
151 66 544998
151 67 54499c
151 68 5449a0
151 69 5449a4
151 6a 5449a8
151 6b 5449ac
151 6c 5449b0
151 6d 5449b4
151 6e 5449b8
151 6f 5449bc
151 70 5449c0
151 71 5449c4
151 72 5449c8
151 73 5449cc
151 74 5449d0
151 75 5449d4
151 76 5449d8
151 77 5449dc
151 78 5449e0
151 79 5449e4
151 7a 5449e8
151 7b 5449ec
151 7c 5449f0
151 7d 5449f4
151 7e 5449f8
151 7f 5449fc
151 80 544a00
151 81 544a04
151 82 544a08
151 83 544a0c
151 84 544a10
151 85 544a14
151 86 544a18
151 87 544a1c
151 88 544a20
151 89 544a24
151 8a 544a28
151 8b 544a2c
151 8c 544a30
151 8d 544a34
151 8e 544a38
151 8f 544a3c
151 90 544a40
151 91 544a44
151 92 544a48
151 93 544a4c
151 94 544a50
151 95 544a54
151 96 544a58
151 97 544a5c
151 98 544a60
151 99 544a64
151 9a 544a68
151 9b 544a6c
151 9c 544a70
151 9d 544a74
151 9e 544a78
151 9f 544a7c
151 a0 544a80
151 a1 544a84
151 a2 544a88
151 a3 544a8c
151 a4 544a90
151 a5 544a94
151 a6 544a98
151 a7 544a9c
151 a8 544aa0
151 a9 544aa4
151 aa 544aa8
151 ab 544aac
151 ac 544ab0
151 ad 544ab4
151 ae 544ab8
151 af 544abc
151 b0 544ac0
151 b1 544ac4
151 b2 544ac8
151 b3 544acc
151 b4 544ad0
151 b5 544ad4
151 b6 544ad8
151 b7 544adc
151 b8 544ae0
151 b9 544ae4
151 ba 544ae8
151 bb 544aec
151 bc 544af0
151 bd 544af4
151 be 544af8
151 bf 544afc
151 c0 544b00
151 c1 544b04
151 c2 544b08
151 c3 544b0c
151 c4 544b10
151 c5 544b14
151 c6 544b18
151 c7 544b1c
151 c8 544b20
151 c9 544b24
151 ca 544b28
151 cb 544b2c
151 cc 544b30
151 cd 544b34
151 ce 544b38
151 cf 544b3c
151 d0 544b40
151 d1 544b44
151 d2 544b48
151 d3 544b4c
151 d4 544b50
151 d5 544b54
151 d6 544b58
151 d7 544b5c
151 d8 544b60
151 d9 544b64
151 da 544b68
151 db 544b6c
151 dc 544b70
151 dd 544b74
151 de 544b78
151 df 544b7c
151 e0 544b80
151 e1 544b84
151 e2 544b88
151 e3 544b8c
151 e4 544b90
151 e5 544b94
151 e6 544b98
151 e7 544b9c
151 e8 544ba0
151 e9 544ba4
151 ea 544ba8
151 eb 544bac
151 ec 544bb0
151 ed 544bb4
151 ee 544bb8
151 ef 544bbc
151 f0 544bc0
151 f1 544bc4
151 f2 544bc8
151 f3 544bcc
151 f4 544bd0
151 f5 544bd4
151 f6 544bd8
151 f7 544bdc
151 f8 544be0
151 f9 544be4
151 fa 544be8
151 fb 544bec
151 fc 544bf0
151 fd 544bf4
151 fe 544bf8
151 ff 544bfc
15c 00 573400
15c 01 573400
15c 02 573400
15c 03 573400
15c 04 573400
15c 05 573400
15c 06 573400
15c 07 573400
15c 08 3f1420
15c 09 3f1420
15c 0a 3f1420
15c 0b 3f1420
15c 0c 3f1420
15c 0d 3f1420
15c 0e 3f1420
15c 0f 3f1420
15c 10 573400
15c 11 573400
15c 12 573400
15c 13 573400
15c 14 573400
15c 15 573400
15c 16 573400
15c 17 573400
15c 18 3f1420
15c 19 3f1420
15c 1a 3f1420
15c 1b 3f1420
15c 1c 3f1420
15c 1d 3f1420
15c 1e 3f1420
15c 1f 3f1420
15c 20 cf1480
15c 21 cf1480
15c 22 cf1480
15c 23 cf1480
15c 24 cf1480
15c 25 cf1480
15c 26 cf1480
15c 27 cf1480
15c 28 5f14a0
15c 29 5f14a0
15c 2a 5f14a0
15c 2b 5f14a0
15c 2c 5f14a0
15c 2d 5f14a0
15c 2e 5f14a0
15c 2f 5f14a0
15c 30 cf1480
15c 31 cf1480
15c 32 cf1480
15c 33 cf1480
15c 34 cf1480
15c 35 cf1480
15c 36 cf1480
15c 37 cf1480
15c 38 5f14a0
15c 39 5f14a0
15c 3a 5f14a0
15c 3b 5f14a0
15c 3c 5f14a0
15c 3d 5f14a0
15c 3e 5f14a0
15c 3f 5f14a0
15c 40 f31500
15c 41 f31500
15c 42 f31500
15c 43 f31500
15c 44 f31500
15c 45 f31500
15c 46 f31500
15c 47 f31500
15c 48 771520
15c 49 771520
15c 4a 771520
15c 4b 771520
15c 4c 771520
15c 4d 771520
15c 4e 771520
15c 4f 771520
15c 50 f31500
15c 51 f31500
15c 52 f31500
15c 53 f31500
15c 54 f31500
15c 55 f31500
15c 56 f31500
15c 57 f31500
15c 58 771520
15c 59 771520
15c 5a 771520
15c 5b 771520
15c 5c 771520
15c 5d 771520
15c 5e 771520
15c 5f 771520
15c 60 d71580
15c 61 d71580
15c 62 d71580
15c 63 d71580
15c 64 d71580
15c 65 d71580
15c 66 d71580
15c 67 d71580
15c 68 5705a0
15c 69 5705a0
15c 6a 5705a0
15c 6b 5705a0
15c 6c 5705a0
15c 6d 5705a0
15c 6e 5705a0
15c 6f 5705a0
15c 70 d71580
15c 71 d71580
15c 72 d71580
15c 73 d71580
15c 74 d71580
15c 75 d71580
15c 76 d71580
15c 77 d71580
15c 78 5705a0
15c 79 5705a0
15c 7a 5705a0
15c 7b 5705a0
15c 7c 5705a0
15c 7d 5705a0
15c 7e 5705a0
15c 7f 5705a0
15c 80 ff1600
15c 81 ff1600
15c 82 ff1600
15c 83 ff1600
15c 84 ff1600
15c 85 ff1600
15c 86 ff1600
15c 87 ff1600
15c 88 7f1620
15c 89 7f1620
15c 8a 7f1620
15c 8b 7f1620
15c 8c 7f1620
15c 8d 7f1620
15c 8e 7f1620
15c 8f 7f1620
15c 90 ff1600
15c 91 ff1600
15c 92 ff1600
15c 93 ff1600
15c 94 ff1600
15c 95 ff1600
15c 96 ff1600
15c 97 ff1600
15c 98 7f1620
15c 99 7f1620
15c 9a 7f1620
15c 9b 7f1620
15c 9c 7f1620
15c 9d 7f1620
15c 9e 7f1620
15c 9f 7f1620
15c a0 df1680
15c a1 df1680
15c a2 df1680
15c a3 df1680
15c a4 df1680
15c a5 df1680
15c a6 df1680
15c a7 df1680
15c a8 5f16a0
15c a9 5f16a0
15c aa 5f16a0
15c ab 5f16a0
15c ac 5f16a0
15c ad 5f16a0
15c ae 5f16a0
15c af 5f16a0
15c b0 df1680
15c b1 df1680
15c b2 df1680
15c b3 df1680
15c b4 df1680
15c b5 df1680
15c b6 df1680
15c b7 df1680
15c b8 5f16a0
15c b9 5f16a0
15c ba 5f16a0
15c bb 5f16a0
15c bc 5f16a0
15c bd 5f16a0
15c be 5f16a0
15c bf 5f16a0
15c c0 f71700
15c c1 f71700
15c c2 f71700
15c c3 f71700
15c c4 f71700
15c c5 f71700
15c c6 f71700
15c c7 f71700
15c c8 771720
15c c9 771720
15c ca 771720
15c cb 771720
15c cc 771720
15c cd 771720
15c ce 771720
15c cf 771720
15c d0 f71700
15c d1 f71700
15c d2 f71700
15c d3 f71700
15c d4 f71700
15c d5 f71700
15c d6 f71700
15c d7 f71700
15c d8 771720
15c d9 771720
15c da 771720
15c db 771720
15c dc 771720
15c dd 771720
15c de 771720
15c df 771720
15c e0 d71780
15c e1 d71780
15c e2 d71780
15c e3 d71780
15c e4 d71780
15c e5 d71780
15c e6 d71780
15c e7 d71780
15c e8 5707a0
15c e9 5707a0
15c ea 5707a0
15c eb 5707a0
15c ec 5707a0
15c ed 5707a0
15c ee 5707a0
15c ef 5707a0
15c f0 d71780
15c f1 d71780
15c f2 d71780
15c f3 d71780
15c f4 d71780
15c f5 d71780
15c f6 d71780
15c f7 d71780
15c f8 5707a0
15c f9 5707a0
15c fa 5707a0
15c fb 5707a0
15c fc 5707a0
15c fd 5707a0
15c fe 5707a0
15c ff 5707a0
15f 00 57f400
15f 01 03d404
15f 02 0fd408
15f 03 07d40c
15f 04 33d410
15f 05 13d414
15f 06 17d418
15f 07 17d41c
15f 08 57f400
15f 09 03d404
15f 0a 0fd408
15f 0b 07d40c
15f 0c 33d410
15f 0d 13d414
15f 0e 17d418
15f 0f 17d41c
15f 10 c3d440
15f 11 43d444
15f 12 47d448
15f 13 47d44c
15f 14 53d450
15f 15 53d454
15f 16 57c458
15f 17 57c45c
15f 18 c3d440
15f 19 43d444
15f 1a 47d448
15f 1b 47d44c
15f 1c 53d450
15f 1d 53d454
15f 1e 57c458
15f 1f 57c45c
15f 20 57f400
15f 21 03d404
15f 22 0fd408
15f 23 07d40c
15f 24 33d410
15f 25 13d414
15f 26 17d418
15f 27 17d41c
15f 28 57f400
15f 29 03d404
15f 2a 0fd408
15f 2b 07d40c
15f 2c 33d410
15f 2d 13d414
15f 2e 17d418
15f 2f 17d41c
15f 30 c3d440
15f 31 43d444
15f 32 47d448
15f 33 47d44c
15f 34 53d450
15f 35 53d454
15f 36 57c458
15f 37 57c45c
15f 38 c3d440
15f 39 43d444
15f 3a 47d448
15f 3b 47d44c
15f 3c 53d450
15f 3d 53d454
15f 3e 57c458
15f 3f 57c45c
15f 40 57f400
15f 41 03d404
15f 42 0fd408
15f 43 07d40c
15f 44 33d410
15f 45 13d414
15f 46 17d418
15f 47 17d41c
15f 48 57f400
15f 49 03d404
15f 4a 0fd408
15f 4b 07d40c
15f 4c 33d410
15f 4d 13d414
15f 4e 17d418
15f 4f 17d41c
15f 50 c3d440
15f 51 43d444
15f 52 47d448
15f 53 47d44c
15f 54 53d450
15f 55 53d454
15f 56 57c458
15f 57 57c45c
15f 58 c3d440
15f 59 43d444
15f 5a 47d448
15f 5b 47d44c
15f 5c 53d450
15f 5d 53d454
15f 5e 57c458
15f 5f 57c45c
15f 60 57f400
15f 61 03d404
15f 62 0fd408
15f 63 07d40c
15f 64 33d410
15f 65 13d414
15f 66 17d418
15f 67 17d41c
15f 68 57f400
15f 69 03d404
15f 6a 0fd408
15f 6b 07d40c
15f 6c 33d410
15f 6d 13d414
15f 6e 17d418
15f 6f 17d41c
15f 70 c3d440
15f 71 43d444
15f 72 47d448
15f 73 47d44c
15f 74 53d450
15f 75 53d454
15f 76 57c458
15f 77 57c45c
15f 78 c3d440
15f 79 43d444
15f 7a 47d448
15f 7b 47d44c
15f 7c 53d450
15f 7d 53d454
15f 7e 57c458
15f 7f 57c45c
15f 80 57f400
15f 81 03d404
15f 82 0fd408
15f 83 07d40c
15f 84 33d410
15f 85 13d414
15f 86 17d418
15f 87 17d41c
15f 88 57f400
15f 89 03d404
15f 8a 0fd408
15f 8b 07d40c
15f 8c 33d410
15f 8d 13d414
15f 8e 17d418
15f 8f 17d41c
15f 90 c3d440
15f 91 43d444
15f 92 47d448
15f 93 47d44c
15f 94 53d450
15f 95 53d454
15f 96 57c458
15f 97 57c45c
15f 98 c3d440
15f 99 43d444
15f 9a 47d448
15f 9b 47d44c
15f 9c 53d450
15f 9d 53d454
15f 9e 57c458
15f 9f 57c45c
15f a0 57f400
15f a1 03d404
15f a2 0fd408
15f a3 07d40c
15f a4 33d410
15f a5 13d414
15f a6 17d418
15f a7 17d41c
15f a8 57f400
15f a9 03d404
15f aa 0fd408
15f ab 07d40c
15f ac 33d410
15f ad 13d414
15f ae 17d418
15f af 17d41c
15f b0 c3d440
15f b1 43d444
15f b2 47d448
15f b3 47d44c
15f b4 53d450
15f b5 53d454
15f b6 57c458
15f b7 57c45c
15f b8 c3d440
15f b9 43d444
15f ba 47d448
15f bb 47d44c
15f bc 53d450
15f bd 53d454
15f be 57c458
15f bf 57c45c
15f c0 57f400
15f c1 03d404
15f c2 0fd408
15f c3 07d40c
15f c4 33d410
15f c5 13d414
15f c6 17d418
15f c7 17d41c
15f c8 57f400
15f c9 03d404
15f ca 0fd408
15f cb 07d40c
15f cc 33d410
15f cd 13d414
15f ce 17d418
15f cf 17d41c
15f d0 c3d440
15f d1 43d444
15f d2 47d448
15f d3 47d44c
15f d4 53d450
15f d5 53d454
15f d6 57c458
15f d7 57c45c
15f d8 c3d440
15f d9 43d444
15f da 47d448
15f db 47d44c
15f dc 53d450
15f dd 53d454
15f de 57c458
15f df 57c45c
15f e0 57f400
15f e1 03d404
15f e2 0fd408
15f e3 07d40c
15f e4 33d410
15f e5 13d414
15f e6 17d418
15f e7 17d41c
15f e8 57f400
15f e9 03d404
15f ea 0fd408
15f eb 07d40c
15f ec 33d410
15f ed 13d414
15f ee 17d418
15f ef 17d41c
15f f0 c3d440
15f f1 43d444
15f f2 47d448
15f f3 47d44c
15f f4 53d450
15f f5 53d454
15f f6 57c458
15f f7 57c45c
15f f8 c3d440
15f f9 43d444
15f fa 47d448
15f fb 47d44c
15f fc 53d450
15f fd 53d454
15f fe 57c458
15f ff 57c45c
15d 00 577800
15d 01 574804
15d 02 574808
15d 03 57480c
15d 04 574810
15d 05 574814
15d 06 574818
15d 07 57481c
15d 08 574820
15d 09 574824
15d 0a 574828
15d 0b 57482c
15d 0c 574830
15d 0d 574834
15d 0e 574838
15d 0f 57483c
15d 10 574840
15d 11 574844
15d 12 574848
15d 13 57484c
15d 14 574850
15d 15 574854
15d 16 574858
15d 17 57485c
15d 18 574860
15d 19 574864
15d 1a 574868
15d 1b 57486c
15d 1c 574870
15d 1d 574874
15d 1e 574878
15d 1f 57487c
15d 20 574880
15d 21 574884
15d 22 574888
15d 23 57488c
15d 24 574890
15d 25 574894
15d 26 574898
15d 27 57489c
15d 28 5748a0
15d 29 5748a4
15d 2a 5748a8
15d 2b 5748ac
15d 2c 5748b0
15d 2d 5748b4
15d 2e 5748b8
15d 2f 5748bc
15d 30 5748c0
15d 31 5748c4
15d 32 5748c8
15d 33 5748cc
15d 34 5748d0
15d 35 5748d4
15d 36 5748d8
15d 37 5748dc
15d 38 5748e0
15d 39 5748e4
15d 3a 5748e8
15d 3b 5748ec
15d 3c 5748f0
15d 3d 5748f4
15d 3e 5748f8
15d 3f 5748fc
15d 40 574900
15d 41 574904
15d 42 574908
15d 43 57490c
15d 44 574910
15d 45 574914
15d 46 574918
15d 47 57491c
15d 48 574920
15d 49 574924
15d 4a 574928
15d 4b 57492c
15d 4c 574930
15d 4d 574934
15d 4e 574938
15d 4f 57493c
15d 50 574940
15d 51 574944
15d 52 574948
15d 53 57494c
15d 54 574950
15d 55 574954
15d 56 574958
15d 57 57495c
15d 58 574960
15d 59 574964
15d 5a 574968
15d 5b 57496c
15d 5c 574970
15d 5d 574974
15d 5e 574978
15d 5f 57497c
15d 60 574980
15d 61 574984
15d 62 574988
15d 63 57498c
15d 64 574990
15d 65 574994
15d 66 574998
15d 67 57499c
15d 68 5749a0
15d 69 5749a4
15d 6a 5749a8
15d 6b 5749ac
15d 6c 5749b0
15d 6d 5749b4
15d 6e 5749b8
15d 6f 5749bc
15d 70 5749c0
15d 71 5749c4
15d 72 5749c8
15d 73 5749cc
15d 74 5749d0
15d 75 5749d4
15d 76 5749d8
15d 77 5749dc
15d 78 5749e0
15d 79 5749e4
15d 7a 5749e8
15d 7b 5749ec
15d 7c 5749f0
15d 7d 5749f4
15d 7e 5749f8
15d 7f 5749fc
15d 80 574a00
15d 81 574a04
15d 82 574a08
15d 83 574a0c
15d 84 574a10
15d 85 574a14
15d 86 574a18
15d 87 574a1c
15d 88 574a20
15d 89 574a24
15d 8a 574a28
15d 8b 574a2c
15d 8c 574a30
15d 8d 574a34
15d 8e 574a38
15d 8f 574a3c
15d 90 574a40
15d 91 574a44
15d 92 574a48
15d 93 574a4c
15d 94 574a50
15d 95 574a54
15d 96 574a58
15d 97 574a5c
15d 98 574a60
15d 99 574a64
15d 9a 574a68
15d 9b 574a6c
15d 9c 574a70
15d 9d 574a74
15d 9e 574a78
15d 9f 574a7c
15d a0 574a80
15d a1 574a84
15d a2 574a88
15d a3 574a8c
15d a4 574a90
15d a5 574a94
15d a6 574a98
15d a7 574a9c
15d a8 574aa0
15d a9 574aa4
15d aa 574aa8
15d ab 574aac
15d ac 574ab0
15d ad 574ab4
15d ae 574ab8
15d af 574abc
15d b0 574ac0
15d b1 574ac4
15d b2 574ac8
15d b3 574acc
15d b4 574ad0
15d b5 574ad4
15d b6 574ad8
15d b7 574adc
15d b8 574ae0
15d b9 574ae4
15d ba 574ae8
15d bb 574aec
15d bc 574af0
15d bd 574af4
15d be 574af8
15d bf 574afc
15d c0 574b00
15d c1 574b04
15d c2 574b08
15d c3 574b0c
15d c4 574b10
15d c5 574b14
15d c6 574b18
15d c7 574b1c
15d c8 574b20
15d c9 574b24
15d ca 574b28
15d cb 574b2c
15d cc 574b30
15d cd 574b34
15d ce 574b38
15d cf 574b3c
15d d0 574b40
15d d1 574b44
15d d2 574b48
15d d3 574b4c
15d d4 574b50
15d d5 574b54
15d d6 574b58
15d d7 574b5c
15d d8 574b60
15d d9 574b64
15d da 574b68
15d db 574b6c
15d dc 574b70
15d dd 574b74
15d de 574b78
15d df 574b7c
15d e0 574b80
15d e1 574b84
15d e2 574b88
15d e3 574b8c
15d e4 574b90
15d e5 574b94
15d e6 574b98
15d e7 574b9c
15d e8 574ba0
15d e9 574ba4
15d ea 574ba8
15d eb 574bac
15d ec 574bb0
15d ed 574bb4
15d ee 574bb8
15d ef 574bbc
15d f0 574bc0
15d f1 574bc4
15d f2 574bc8
15d f3 574bcc
15d f4 574bd0
15d f5 574bd4
15d f6 574bd8
15d f7 574bdc
15d f8 574be0
15d f9 574be4
15d fa 574be8
15d fb 574bec
15d fc 574bf0
15d fd 574bf4
15d fe 574bf8
15d ff 574bfc
154 00 553800
154 01 550804
154 02 550808
154 03 55080c
154 04 550810
154 05 550814
154 06 550818
154 07 55081c
154 08 550820
154 09 550824
154 0a 550828
154 0b 55082c
154 0c 550830
154 0d 550834
154 0e 550838
154 0f 55083c
154 10 550840
154 11 550844
154 12 550848
154 13 55084c
154 14 550850
154 15 550854
154 16 550858
154 17 55085c
154 18 550860
154 19 550864
154 1a 550868
154 1b 55086c
154 1c 550870
154 1d 550874
154 1e 550878
154 1f 55087c
154 20 550880
154 21 550884
154 22 550888
154 23 55088c
154 24 550890
154 25 550894
154 26 550898
154 27 55089c
154 28 5508a0
154 29 5508a4
154 2a 5508a8
154 2b 5508ac
154 2c 5508b0
154 2d 5508b4
154 2e 5508b8
154 2f 5508bc
154 30 5508c0
154 31 5508c4
154 32 5508c8
154 33 5508cc
154 34 5508d0
154 35 5508d4
154 36 5508d8
154 37 5508dc
154 38 5508e0
154 39 5508e4
154 3a 5508e8
154 3b 5508ec
154 3c 5508f0
154 3d 5508f4
154 3e 5508f8
154 3f 5508fc
154 40 550900
154 41 550904
154 42 550908
154 43 55090c
154 44 550910
154 45 550914
154 46 550918
154 47 55091c
154 48 550920
154 49 550924
154 4a 550928
154 4b 55092c
154 4c 550930
154 4d 550934
154 4e 550938
154 4f 55093c
154 50 550940
154 51 550944
154 52 550948
154 53 55094c
154 54 550950
154 55 550954
154 56 550958
154 57 55095c
154 58 550960
154 59 550964
154 5a 550968
154 5b 55096c
154 5c 550970
154 5d 550974
154 5e 550978
154 5f 55097c
154 60 550980
154 61 550984
154 62 550988
154 63 55098c
154 64 550990
154 65 550994
154 66 550998
154 67 55099c
154 68 5509a0
154 69 5509a4
154 6a 5509a8
154 6b 5509ac
154 6c 5509b0
154 6d 5509b4
154 6e 5509b8
154 6f 5509bc
154 70 5509c0
154 71 5509c4
154 72 5509c8
154 73 5509cc
154 74 5509d0
154 75 5509d4
154 76 5509d8
154 77 5509dc
154 78 5509e0
154 79 5509e4
154 7a 5509e8
154 7b 5509ec
154 7c 5509f0
154 7d 5509f4
154 7e 5509f8
154 7f 5509fc
154 80 550a00
154 81 550a04
154 82 550a08
154 83 550a0c
154 84 550a10
154 85 550a14
154 86 550a18
154 87 550a1c
154 88 550a20
154 89 550a24
154 8a 550a28
154 8b 550a2c
154 8c 550a30
154 8d 550a34
154 8e 550a38
154 8f 550a3c
154 90 550a40
154 91 550a44
154 92 550a48
154 93 550a4c
154 94 550a50
154 95 550a54
154 96 550a58
154 97 550a5c
154 98 550a60
154 99 550a64
154 9a 550a68
154 9b 550a6c
154 9c 550a70
154 9d 550a74
154 9e 550a78
154 9f 550a7c
154 a0 550a80
154 a1 550a84
154 a2 550a88
154 a3 550a8c
154 a4 550a90
154 a5 550a94
154 a6 550a98
154 a7 550a9c
154 a8 550aa0
154 a9 550aa4
154 aa 550aa8
154 ab 550aac
154 ac 550ab0
154 ad 550ab4
154 ae 550ab8
154 af 550abc
154 b0 550ac0
154 b1 550ac4
154 b2 550ac8
154 b3 550acc
154 b4 550ad0
154 b5 550ad4
154 b6 550ad8
154 b7 550adc
154 b8 550ae0
154 b9 550ae4
154 ba 550ae8
154 bb 550aec
154 bc 550af0
154 bd 550af4
154 be 550af8
154 bf 550afc
154 c0 550b00
154 c1 550b04
154 c2 550b08
154 c3 550b0c
154 c4 550b10
154 c5 550b14
154 c6 550b18
154 c7 550b1c
154 c8 550b20
154 c9 550b24
154 ca 550b28
154 cb 550b2c
154 cc 550b30
154 cd 550b34
154 ce 550b38
154 cf 550b3c
154 d0 550b40
154 d1 550b44
154 d2 550b48
154 d3 550b4c
154 d4 550b50
154 d5 550b54
154 d6 550b58
154 d7 550b5c
154 d8 550b60
154 d9 550b64
154 da 550b68
154 db 550b6c
154 dc 550b70
154 dd 550b74
154 de 550b78
154 df 550b7c
154 e0 550b80
154 e1 550b84
154 e2 550b88
154 e3 550b8c
154 e4 550b90
154 e5 550b94
154 e6 550b98
154 e7 550b9c
154 e8 550ba0
154 e9 550ba4
154 ea 550ba8
154 eb 550bac
154 ec 550bb0
154 ed 550bb4
154 ee 550bb8
154 ef 550bbc
154 f0 550bc0
154 f1 550bc4
154 f2 550bc8
154 f3 550bcc
154 f4 550bd0
154 f5 550bd4
154 f6 550bd8
154 f7 550bdc
154 f8 550be0
154 f9 550be4
154 fa 550be8
154 fb 550bec
154 fc 550bf0
154 fd 550bf4
154 fe 550bf8
154 ff 550bfc
157 00 55f800
157 01 55c804
157 02 55c808
157 03 55c80c
157 04 55c810
157 05 55c814
157 06 55c818
157 07 55c81c
157 08 55c820
157 09 55c824
157 0a 55c828
157 0b 55c82c
157 0c 55c830
157 0d 55c834
157 0e 55c838
157 0f 55c83c
157 10 55c840
157 11 55c844
157 12 55c848
157 13 55c84c
157 14 55c850
157 15 55c854
157 16 55c858
157 17 55c85c
157 18 55c860
157 19 55c864
157 1a 55c868
157 1b 55c86c
157 1c 55c870
157 1d 55c874
157 1e 55c878
157 1f 55c87c
157 20 55c880
157 21 55c884
157 22 55c888
157 23 55c88c
157 24 55c890
157 25 55c894
157 26 55c898
157 27 55c89c
157 28 55c8a0
157 29 55c8a4
157 2a 55c8a8
157 2b 55c8ac
157 2c 55c8b0
157 2d 55c8b4
157 2e 55c8b8
157 2f 55c8bc
157 30 55c8c0
157 31 55c8c4
157 32 55c8c8
157 33 55c8cc
157 34 55c8d0
157 35 55c8d4
157 36 55c8d8
157 37 55c8dc
157 38 55c8e0
157 39 55c8e4
157 3a 55c8e8
157 3b 55c8ec
157 3c 55c8f0
157 3d 55c8f4
157 3e 55c8f8
157 3f 55c8fc
157 40 55c900
157 41 55c904
157 42 55c908
157 43 55c90c
157 44 55c910
157 45 55c914
157 46 55c918
157 47 55c91c
157 48 55c920
157 49 55c924
157 4a 55c928
157 4b 55c92c
157 4c 55c930
157 4d 55c934
157 4e 55c938
157 4f 55c93c
157 50 55c940
157 51 55c944
157 52 55c948
157 53 55c94c
157 54 55c950
157 55 55c954
157 56 55c958
157 57 55c95c
157 58 55c960
157 59 55c964
157 5a 55c968
157 5b 55c96c
157 5c 55c970
157 5d 55c974
157 5e 55c978
157 5f 55c97c
157 60 55c980
157 61 55c984
157 62 55c988
157 63 55c98c
157 64 55c990
157 65 55c994
157 66 55c998
157 67 55c99c
157 68 55c9a0
157 69 55c9a4
157 6a 55c9a8
157 6b 55c9ac
157 6c 55c9b0
157 6d 55c9b4
157 6e 55c9b8
157 6f 55c9bc
157 70 55c9c0
157 71 55c9c4
157 72 55c9c8
157 73 55c9cc
157 74 55c9d0
157 75 55c9d4
157 76 55c9d8
157 77 55c9dc
157 78 55c9e0
157 79 55c9e4
157 7a 55c9e8
157 7b 55c9ec
157 7c 55c9f0
157 7d 55c9f4
157 7e 55c9f8
157 7f 55c9fc
157 80 55ca00
157 81 55ca04
157 82 55ca08
157 83 55ca0c
157 84 55ca10
157 85 55ca14
157 86 55ca18
157 87 55ca1c
157 88 55ca20
157 89 55ca24
157 8a 55ca28
157 8b 55ca2c
157 8c 55ca30
157 8d 55ca34
157 8e 55ca38
157 8f 55ca3c
157 90 55ca40
157 91 55ca44
157 92 55ca48
157 93 55ca4c
157 94 55ca50
157 95 55ca54
157 96 55ca58
157 97 55ca5c
157 98 55ca60
157 99 55ca64
157 9a 55ca68
157 9b 55ca6c
157 9c 55ca70
157 9d 55ca74
157 9e 55ca78
157 9f 55ca7c
157 a0 55ca80
157 a1 55ca84
157 a2 55ca88
157 a3 55ca8c
157 a4 55ca90
157 a5 55ca94
157 a6 55ca98
157 a7 55ca9c
157 a8 55caa0
157 a9 55caa4
157 aa 55caa8
157 ab 55caac
157 ac 55cab0
157 ad 55cab4
157 ae 55cab8
157 af 55cabc
157 b0 55cac0
157 b1 55cac4
157 b2 55cac8
157 b3 55cacc
157 b4 55cad0
157 b5 55cad4
157 b6 55cad8
157 b7 55cadc
157 b8 55cae0
157 b9 55cae4
157 ba 55cae8
157 bb 55caec
157 bc 55caf0
157 bd 55caf4
157 be 55caf8
157 bf 55cafc
157 c0 55cb00
157 c1 55cb04
157 c2 55cb08
157 c3 55cb0c
157 c4 55cb10
157 c5 55cb14
157 c6 55cb18
157 c7 55cb1c
157 c8 55cb20
157 c9 55cb24
157 ca 55cb28
157 cb 55cb2c
157 cc 55cb30
157 cd 55cb34
157 ce 55cb38
157 cf 55cb3c
157 d0 55cb40
157 d1 55cb44
157 d2 55cb48
157 d3 55cb4c
157 d4 55cb50
157 d5 55cb54
157 d6 55cb58
157 d7 55cb5c
157 d8 55cb60
157 d9 55cb64
157 da 55cb68
157 db 55cb6c
157 dc 55cb70
157 dd 55cb74
157 de 55cb78
157 df 55cb7c
157 e0 55cb80
157 e1 55cb84
157 e2 55cb88
157 e3 55cb8c
157 e4 55cb90
157 e5 55cb94
157 e6 55cb98
157 e7 55cb9c
157 e8 55cba0
157 e9 55cba4
157 ea 55cba8
157 eb 55cbac
157 ec 55cbb0
157 ed 55cbb4
157 ee 55cbb8
157 ef 55cbbc
157 f0 55cbc0
157 f1 55cbc4
157 f2 55cbc8
157 f3 55cbcc
157 f4 55cbd0
157 f5 55cbd4
157 f6 55cbd8
157 f7 55cbdc
157 f8 55cbe0
157 f9 55cbe4
157 fa 55cbe8
157 fb 55cbec
157 fc 55cbf0
157 fd 55cbf4
157 fe 55cbf8
157 ff 55cbfc
155 00 557c00
155 01 554c04
155 02 554c08
155 03 554c0c
155 04 554c10
155 05 554c14
155 06 554c18
155 07 554c1c
155 08 554c20
155 09 554c24
155 0a 554c28
155 0b 554c2c
155 0c 554c30
155 0d 554c34
155 0e 554c38
155 0f 554c3c
155 10 554c40
155 11 554c44
155 12 554c48
155 13 554c4c
155 14 554c50
155 15 554c54
155 16 554c58
155 17 554c5c
155 18 554c60
155 19 554c64
155 1a 554c68
155 1b 554c6c
155 1c 554c70
155 1d 554c74
155 1e 554c78
155 1f 554c7c
155 20 554c80
155 21 554c84
155 22 554c88
155 23 554c8c
155 24 554c90
155 25 554c94
155 26 554c98
155 27 554c9c
155 28 554ca0
155 29 554ca4
155 2a 554ca8
155 2b 554cac
155 2c 554cb0
155 2d 554cb4
155 2e 554cb8
155 2f 554cbc
155 30 554cc0
155 31 554cc4
155 32 554cc8
155 33 554ccc
155 34 554cd0
155 35 554cd4
155 36 554cd8
155 37 554cdc
155 38 554ce0
155 39 554ce4
155 3a 554ce8
155 3b 554cec
155 3c 554cf0
155 3d 554cf4
155 3e 554cf8
155 3f 554cfc
155 40 554d00
155 41 554d04
155 42 554d08
155 43 554d0c
155 44 554d10
155 45 554d14
155 46 554d18
155 47 554d1c
155 48 554d20
155 49 554d24
155 4a 554d28
155 4b 554d2c
155 4c 554d30
155 4d 554d34
155 4e 554d38
155 4f 554d3c
155 50 554d40
155 51 554d44
155 52 554d48
155 53 554d4c
155 54 554d50
155 55 554d54
155 56 554d58
155 57 554d5c
155 58 554d60
155 59 554d64
155 5a 554d68
155 5b 554d6c
155 5c 554d70
155 5d 554d74
155 5e 554d78
155 5f 554d7c
155 60 554d80
155 61 554d84
155 62 554d88
155 63 554d8c
155 64 554d90
155 65 554d94
155 66 554d98
155 67 554d9c
155 68 554da0
155 69 554da4
155 6a 554da8
155 6b 554dac
155 6c 554db0
155 6d 554db4
155 6e 554db8
155 6f 554dbc
155 70 554dc0
155 71 554dc4
155 72 554dc8
155 73 554dcc
155 74 554dd0
155 75 554dd4
155 76 554dd8
155 77 554ddc
155 78 554de0
155 79 554de4
155 7a 554de8
155 7b 554dec
155 7c 554df0
155 7d 554df4
155 7e 554df8
155 7f 554dfc
155 80 554e00
155 81 554e04
155 82 554e08
155 83 554e0c
155 84 554e10
155 85 554e14
155 86 554e18
155 87 554e1c
155 88 554e20
155 89 554e24
155 8a 554e28
155 8b 554e2c
155 8c 554e30
155 8d 554e34
155 8e 554e38
155 8f 554e3c
155 90 554e40
155 91 554e44
155 92 554e48
155 93 554e4c
155 94 554e50
155 95 554e54
155 96 554e58
155 97 554e5c
155 98 554e60
155 99 554e64
155 9a 554e68
155 9b 554e6c
155 9c 554e70
155 9d 554e74
155 9e 554e78
155 9f 554e7c
155 a0 554e80
155 a1 554e84
155 a2 554e88
155 a3 554e8c
155 a4 554e90
155 a5 554e94
155 a6 554e98
155 a7 554e9c
155 a8 554ea0
155 a9 554ea4
155 aa 554ea8
155 ab 554eac
155 ac 554eb0
155 ad 554eb4
155 ae 554eb8
155 af 554ebc
155 b0 554ec0
155 b1 554ec4
155 b2 554ec8
155 b3 554ecc
155 b4 554ed0
155 b5 554ed4
155 b6 554ed8
155 b7 554edc
155 b8 554ee0
155 b9 554ee4
155 ba 554ee8
155 bb 554eec
155 bc 554ef0
155 bd 554ef4
155 be 554ef8
155 bf 554efc
155 c0 554f00
155 c1 554f04
155 c2 554f08
155 c3 554f0c
155 c4 554f10
155 c5 554f14
155 c6 554f18
155 c7 554f1c
155 c8 554f20
155 c9 554f24
155 ca 554f28
155 cb 554f2c
155 cc 554f30
155 cd 554f34
155 ce 554f38
155 cf 554f3c
155 d0 554f40
155 d1 554f44
155 d2 554f48
155 d3 554f4c
155 d4 554f50
155 d5 554f54
155 d6 554f58
155 d7 554f5c
155 d8 554f60
155 d9 554f64
155 da 554f68
155 db 554f6c
155 dc 554f70
155 dd 554f74
155 de 554f78
155 df 554f7c
155 e0 554f80
155 e1 554f84
155 e2 554f88
155 e3 554f8c
155 e4 554f90
155 e5 554f94
155 e6 554f98
155 e7 554f9c
155 e8 554fa0
155 e9 554fa4
155 ea 554fa8
155 eb 554fac
155 ec 554fb0
155 ed 554fb4
155 ee 554fb8
155 ef 554fbc
155 f0 554fc0
155 f1 554fc4
155 f2 554fc8
155 f3 554fcc
155 f4 554fd0
155 f5 554fd4
155 f6 554fd8
155 f7 554fdc
155 f8 554fe0
155 f9 554fe4
155 fa 554fe8
155 fb 554fec
155 fc 554ff0
155 fd 554ff4
155 fe 554ff8
155 ff 554ffc
